along_strike_index,down_dip_index,lon1(deg),lat1(deg),lon2(deg),lat2(deg),top_depth (km),bottom_depth (km),slip_deficit (mm/yr),tile_geometry,interpolation_method,centroid_longitude_deg,centroid_latitude_deg
0,0,172.42382287773432,-42.627506327950485,172.2738121737314,-42.70490430329631,43.0430547094627,49.99683047913771,0.0017494476232455,"POLYGON Z ((1532827.98564246 5282532.34002165 -49996.8304791377, 1540527.02828662 5271698.60821269 -43043.0547094627, 1552753.99308109 5280387.75845393 -43043.0547094627, 1545054.95043692 5291221.49026289 -49996.8304791377, 1532827.98564246 5282532.34002165 -49996.8304791377))",nearest_neighbor_boundary,172.30243731505496,-42.61717487555498
1,0,172.70555295457825,-42.61934492008483,172.56915734621134,-42.709425552117736,36.39768951129796,42.73351077732612,0.2538621453795794,"POLYGON Z ((1555607.58748948 5281454.95836209 -42733.5107773261, 1564717.67205127 5271362.20213983 -36397.689511298, 1575852.47815751 5281412.87838456 -36397.689511298, 1566742.39359572 5291505.63460682 -42733.5107773261, 1555607.58748948 5281454.95836209 -42733.5107773261))",2d_linear_centroids_interior,172.58212713207377,-42.61877174701013
1,1,172.57827653292523,-42.54405460144037,172.43308459673312,-42.626128220992534,42.19812499447438,48.95764132742118,0.011399441911854023,"POLYGON Z ((1545314.62770148 5291133.8858928 -48957.6413274212, 1553512.42240729 5280545.91626184 -42198.1249944744, 1565372.92180227 5289728.97425477 -42198.1249944744, 1557175.12709646 5300316.94388573 -48957.6413274212, 1545314.62770148 5291133.8858928 -48957.6413274212))",2d_linear_centroids_interior,172.45619111998923,-42.53721410339839
2,0,172.9842486848706,-42.60772219381125,172.86598718749897,-42.71081890744076,29.36833078072113,35.09286322583835,0.7996831929382401,"POLYGON Z ((1578436.25199242 5280238.18077759 -35092.8632258384, 1589025.75010214 5271288.7529708 -29368.3307807211, 1598707.99920857 5282745.36906112 -29368.3307807211, 1588118.50109885 5291694.79686791 -35092.8632258384, 1578436.25199242 5280238.18077759 -35092.8632258384))",2d_linear_centroids_interior,172.86065309706538,-42.61892802965508
2,1,172.8569026192865,-42.53005015267116,172.73190027170492,-42.62860974164651,35.002728009506455,41.499271281511746,0.24302407490702224,"POLYGON Z ((1568129.64596445 5289613.29805719 -41499.2712815117, 1578016.47575139 5280391.28513814 -35002.7280095065, 1588247.87230699 5291360.26524215 -35002.7280095065, 1578361.04252005 5300582.2781612 -41499.2712815117, 1568129.64596445 5289613.29805719 -41499.2712815117))",2d_linear_centroids_interior,172.7343875369774,-42.5376981156762
2,2,172.73403525659734,-42.456202791239434,172.60083073738824,-42.54857964728535,41.64560419889597,48.70876716200059,0.07774411164304003,"POLYGON Z ((1558140.24298534 5298855.2168138 -48708.7671620006, 1567227.18329077 5289235.48475713 -41645.604198896, 1578131.45379587 5299535.81896295 -41645.604198896, 1569044.51349044 5309155.55101962 -48708.7671620006, 1558140.24298534 5298855.2168138 -48708.7671620006))",2d_linear_centroids_interior,172.61245232053085,-42.45892092157967
3,0,173.26494452750833,-42.603730950407595,173.15519207379717,-42.71183014735521,23.396853414275917,27.97571129905942,2.310988233811581,"POLYGON Z ((1601299.09504956 5279767.77750849 -27975.7112990594, 1612708.40424554 5271173.4931205 -23396.8534142759, 1621733.45480054 5283154.66428528 -23396.8534142759, 1610324.14560456 5291748.94867327 -27975.7112990594, 1601299.09504956 5279767.77750849 -27975.7112990594))",2d_linear_centroids_interior,173.14042543852486,-42.619201872845196
3,1,173.13360559422804,-42.52235968141553,173.019699295786,-42.62800550299002,27.98699798682562,33.57242356657681,2.054379878653049,"POLYGON Z ((1590735.84264444 5289178.65836448 -33572.4235665768, 1601615.30936563 5280493.02511436 -27986.9979868256, 1610973.94362323 5292215.48069467 -27986.9979868256, 1600094.47690205 5300901.11394479 -33572.4235665768, 1590735.84264444 5289178.65836448 -33572.4235665768))",2d_linear_centroids_interior,173.0104104390928,-42.53611164720036
3,2,173.0070843159417,-42.44795610183562,172.88196642749838,-42.546323530232534,33.68329190849775,40.276184602247845,0.8017831518708936,"POLYGON Z ((1580491.77784889 5298784.66087233 -40276.1846022478, 1590308.79928953 5289556.45108046 -33683.2919084977, 1600582.57332663 5300485.74964141 -33683.2919084977, 1590765.55188599 5309713.95943328 -40276.1846022478, 1580491.77784889 5298784.66087233 -40276.1846022478))",2d_linear_centroids_interior,172.88491450180183,-42.455558511691976
3,3,172.8835531802605,-42.37096040182558,172.75448734186946,-42.46637510368984,40.23981205302394,47.45696325994936,0.6940357291233284,"POLYGON Z ((1570508.88907642 5307700.27234463 -47456.9632599494, 1579816.36379091 5298411.37343812 -40239.8120530239, 1590412.3653505 5309028.56473098 -40239.8120530239, 1581104.89063601 5318317.4636375 -47456.9632599494, 1570508.88907642 5307700.27234463 -47456.9632599494))",2d_linear_centroids_interior,172.76266236462186,-42.3767552348415
4,0,173.54143825162893,-42.597808506031335,173.43794459882275,-42.70921393464831,19.243177556995974,22.524693311554813,4.2758675116613585,"POLYGON Z ((1623840.9591888 5279729.99690557 -22524.6933115548, 1635864.03924716 5271382.70990542 -19243.177556996, 1644418.54227089 5283704.25518258 -19243.177556996, 1632395.46221252 5292051.54218272 -22524.6933115548, 1623840.9591888 5279729.99690557 -22524.6933115548))",2d_linear_centroids_interior,173.41614619163153,-42.61622755579583
4,1,173.40661001210168,-42.51469741097345,173.29892200715815,-42.62384041436952,22.55969900128422,26.872522172315232,4.59386232323793,"POLYGON Z ((1612940.50297439 5289426.08315779 -26872.5221723152, 1624512.74896608 5280912.40715955 -22559.6990012842, 1633401.77130784 5292994.84407466 -22559.6990012842, 1621829.52531614 5301508.52007291 -26872.5221723152, 1612940.50297439 5289426.08315779 -26872.5221723152))",2d_linear_centroids_interior,173.28214345133358,-42.53114126095341
4,2,173.2747377898859,-42.43497897619777,173.15959752535758,-42.53979573105994,26.82700070892956,32.427739377552406,4.008509105927088,"POLYGON Z ((1602330.72146024 5299081.52360604 -32427.7393775524, 1613105.19400554 5290275.7035002 -26827.0007089296, 1622597.52359655 5301890.16340739 -26827.0007089296, 1611823.05105125 5310695.98351323 -32427.7393775524, 1602330.72146024 5299081.52360604 -32427.7393775524))",2d_linear_centroids_interior,173.15156826948234,-42.4478552680436
4,3,173.14740293386845,-42.356207560865336,173.02776421086725,-42.45813098917286,32.50023918177099,39.1873285732671,2.024499669795055,"POLYGON Z ((1592161.47858146 5308178.39952761 -39187.3285732671, 1602282.7992089 5299355.60494615 -32500.239181771, 1612139.24271121 5310662.70543592 -32500.239181771, 1602017.92208377 5319485.50001738 -39187.3285732671, 1592161.47858146 5308178.39952761 -39187.3285732671))",2d_linear_centroids_interior,173.0261158132377,-42.3674862860262
4,4,173.02414605168454,-42.27773861389102,172.9033776140019,-42.378829948994486,39.165261021782435,46.474846854671235,1.0875635977892266,"POLYGON Z ((1582240.13919248 5316841.44020618 -46474.8468546712, 1592045.60098813 5308156.80584854 -39165.2610217824, 1601990.99924505 5319385.74406688 -39165.2610217824, 1592185.5374494 5328070.37842451 -46474.8468546712, 1582240.13919248 5316841.44020618 -46474.8468546712))",2d_linear_centroids_interior,172.90436347505212,-42.28915856089917
4,0,173.81983599124698,-42.59386696294713,173.72005701994613,-42.7070968630073,16.65353248169283,18.638004549798772,3.822246715546316,"POLYGON Z ((1646579.81828044 5279679.8442182 -18638.0045497988, 1658968.79643724 5271459.4372428 -16653.5324816928, 1667262.1018238 5283958.2806199 -16653.5324816928, 1654873.123667 5292178.68759531 -18638.0045497988, 1646579.81828044 5279679.8442182 -18638.0045497988))",2d_linear_centroids_interior,173.69401476839067,-42.613963279182
4,1,173.68285679707836,-42.51122031185244,173.57629427116248,-42.620958628691604,18.6258134116688,21.580803035967403,6.815033147155436,"POLYGON Z ((1635377.70486491 5289778.80319028 -21580.8030359674, 1647260.56548882 5281114.75911648 -18625.8134116688, 1656097.78704946 5293235.13514564 -18625.8134116688, 1644214.92642555 5301899.17921944 -21580.8030359674, 1635377.70486491 5289778.80319028 -21580.8030359674))",2d_linear_centroids_interior,173.5568926303146,-42.52746518617533
4,2,173.5476282427021,-42.42901861674731,173.43523139650623,-42.53544602470191,21.653939850807753,25.78149243854269,7.029831010201403,"POLYGON Z ((1624431.21238216 5299626.30514787 -25781.4924385427, 1635741.10514863 5290679.25897349 -21653.9398508078, 1645047.41648636 5302443.29609029 -21653.9398508078, 1633737.52371989 5311390.34226467 -25781.4924385427, 1624431.21238216 5299626.30514787 -25781.4924385427))",2d_linear_centroids_interior,173.4224046425805,-42.44223330449056
4,3,173.4148488661373,-42.346201944663584,173.29994109768379,-42.4510613752124,25.835402127412667,31.383010741912553,5.78266502599575,"POLYGON Z ((1613883.48151173 5308929.1426983 -31383.0107419126, 1624664.21970237 5300097.39752958 -25835.4021274127, 1634169.96773252 5311700.87780005 -25835.4021274127, 1623389.22954188 5320532.62296878 -31383.0107419126, 1613883.48151173 5308929.1426983 -31383.0107419126))",2d_linear_centroids_interior,173.29176193497523,-42.35906247488385
4,4,173.28645449163884,-42.26418848763478,173.17186626248744,-42.36915304834379,31.38153077854956,37.97478792183022,3.8584361369475344,"POLYGON Z ((1603705.32762657 5317731.32735729 -37974.7879218302, 1614150.99443853 5309221.50919847 -31381.5307785496, 1623625.10784531 5320850.83313219 -31381.5307785496, 1613179.44103336 5329360.65129101 -37974.7879218302, 1603705.32762657 5317731.32735729 -37974.7879218302))",2d_linear_centroids_interior,173.16572826297684,-42.278473977444946
4,5,173.16270929528955,-42.18531482111985,173.0474651031737,-42.28979747460569,37.95636037489138,45.20487132591378,1.7958791745044498,"POLYGON Z ((1593766.68630413 5326383.26400986 -45204.8713259138, 1603913.06068629 5318045.98772261 -37956.3603748914, 1613436.0305281 5329635.33823902 -37956.3603748914, 1603289.65614594 5337972.61452627 -45204.8713259138, 1593766.68630413 5326383.26400986 -45204.8713259138))",2d_linear_centroids_interior,173.04362232122182,-42.20006659397917
5,0,174.09126681860926,-42.57311497125123,174.02558095896939,-42.699179961873114,15.408176042387275,16.30453074725388,1.2580546384399571,"POLYGON Z ((1670094.10088858 5277630.76323054 -16304.5307472539, 1684000.42301875 5272080.01976185 -15408.1760423873, 1689561.10367463 5286011.23760679 -15408.1760423873, 1675654.78154447 5291561.98107549 -16304.5307472539, 1670094.10088858 5277630.76323054 -16304.5307472539))",2d_linear_centroids_interior,173.9732725296062,-42.611913760530534
5,1,173.95979175429548,-42.50341247885623,173.86264208954452,-42.61781545405031,16.317185636714203,18.158205242791993,5.082793173355159,"POLYGON Z ((1658224.74251374 5289314.21348249 -18158.205242792, 1670746.974472 5281264.09835328 -16317.1856367142, 1678858.415963 5293881.72558419 -16317.1856367142, 1666336.18400474 5301931.84071339 -18158.205242792, 1658224.74251374 5289314.21348249 -18158.205242792))",2d_linear_centroids_interior,173.83451225003952,-42.52496023393769
5,2,173.8233928904988,-42.424261349990715,173.71376614586362,-42.53225152512447,18.013076413156423,20.785934417800657,8.338097283120817,"POLYGON Z ((1646913.14860422 5299841.17732391 -20785.9344178007, 1658617.3877528 5290878.92066395 -18013.0764131564, 1667736.81415297 5302788.41528513 -18013.0764131564, 1656032.57500439 5311750.67194509 -20785.9344178007, 1646913.14860422 5299841.17732391 -20785.9344178007))",2d_linear_centroids_interior,173.6969860242731,-42.43837095604773
5,3,173.687729577742,-42.34251185050296,173.57151961292774,-42.44657144773765,20.831919903026204,24.862766206660563,10.232101482534869,"POLYGON Z ((1635938.37012076 5309776.57292418 -24862.7662066606, 1646999.58612088 5300481.31721628 -20831.9199030262, 1656649.80111083 5311964.92948105 -20831.9199030262, 1645588.58511071 5321260.18518895 -24862.7662066606, 1635938.37012076 5309776.57292418 -24862.7662066606))",2d_linear_centroids_interior,173.56210532216886,-42.35305078370326
5,4,173.55407073578976,-42.256038084734264,173.44097440253034,-42.36187933731946,24.91526264981214,30.233791587394336,9.174026577061602,"POLYGON Z ((1625375.20085756 5318728.89885053 -30233.7915873943, 1636312.83438008 5309949.29619055 -24915.2626498121, 1645702.48242351 5321646.92456645 -24915.2626498121, 1634764.84890098 5330426.52722643 -30233.7915873943, 1625375.20085756 5318728.89885053 -30233.7915873943))",2d_linear_centroids_interior,173.43094590811438,-42.26970700461575
5,5,173.42423434575542,-42.1723926403431,173.3131199907907,-42.27930370338385,30.142563737033452,36.50868148747394,5.974921336118366,"POLYGON Z ((1615105.47966011 5327514.10432907 -36508.6814874739, 1625818.15633413 5319164.78679615 -30142.5637370335, 1635039.12120817 5330995.83944551 -30142.5637370335, 1624326.44453415 5339345.15697842 -36508.6814874739, 1615105.47966011 5327514.10432907 -36508.6814874739))",2d_linear_centroids_interior,173.30363854895242,-42.18845409662046
5,6,173.30029518958645,-42.09519159879767,173.1854908300525,-42.19984343505749,36.57333746734001,43.84392849206326,3.744039771188788,"POLYGON Z ((1605173.88348101 5336344.30637983 -43843.9284920633, 1615313.75230701 5328018.34899688 -36573.33746734, 1624832.64492856 5339611.04856425 -36573.33746734, 1614692.77610255 5347937.0059472 -43843.9284920633, 1605173.88348101 5336344.30637983 -43843.9284920633))",2d_linear_centroids_interior,173.18147356793605,-42.110151974820276
6,0,174.2693862214696,-42.50187812989317,174.22448568640803,-42.63280617779068,14.854127853724188,15.61715814130992,0.4685370702251153,"POLYGON Z ((1685933.19495549 5283127.89504997 -15617.1581413099, 1700398.71144444 5279233.46088204 -14854.1278537242, 1704298.19407623 5293717.7294243 -14854.1278537242, 1689832.67758729 5297612.16359223 -15617.1581413099, 1685933.19495549 5283127.89504997 -15617.1581413099))",2d_linear_centroids_interior,174.15853239859243,-42.550736799219194
6,1,174.14310765416676,-42.43775805534239,174.0538754517681,-42.55559171787257,15.43145398511514,16.774672016081986,3.823819084376108,"POLYGON Z ((1673579.42192566 5295467.63149451 -16774.672016082, 1686516.54710398 5287995.9143263 -15431.4539851151, 1694018.40283108 5300985.22380177 -15431.4539851151, 1681081.27765276 5308456.94096999 -16774.672016082, 1673579.42192566 5295467.63149451 -16774.672016082))",2d_linear_centroids_interior,174.01927861854364,-42.46377139079712
6,2,174.00820709589786,-42.36469880853097,173.8965086041768,-42.47145460720152,16.839445778232765,19.28429858216612,7.974678626424117,"POLYGON Z ((1662102.60424585 5306685.39412812 -19284.2985821661, 1673696.41245903 5297487.22551241 -16839.4457782328, 1683019.24893278 5309238.17100985 -16839.4457782328, 1671425.44071959 5318436.33962556 -19284.2985821661, 1662102.60424585 5306685.39412812 -19284.2985821661))",2d_linear_centroids_interior,173.8813748689698,-42.37723916163684
6,3,173.87161873842166,-42.281783328416566,173.75492750549327,-42.38547405289612,19.279793436317693,22.706617840989825,10.50487527836521,"POLYGON Z ((1651023.22179641 5316614.05544035 -22706.6178409898, 1662142.71527017 5307147.6020714 -19279.7934363177, 1671866.31424234 5318569.14413141 -19279.7934363177, 1660746.82076858 5328035.59750036 -22706.6178409898, 1651023.22179641 5316614.05544035 -22706.6178409898))",2d_linear_centroids_interior,173.74533775334464,-42.29147750768097
6,4,173.7364540813428,-42.19508805211694,173.62197249827562,-42.30003678174834,22.714706831787865,27.227293333525676,12.714635535071071,"POLYGON Z ((1640226.38563878 5325818.26464523 -27227.2933335257, 1651267.69605747 5316722.87969996 -22714.7068317879, 1660804.89247577 5328300.52559534 -22714.7068317879, 1649763.58205708 5337395.9105406 -27227.2933335257, 1640226.38563878 5325818.26464523 -27227.2933335257))",2d_linear_centroids_interior,173.61194857770764,-42.20699779849121
6,5,173.60472746186866,-42.11274127714148,173.48816037430132,-42.21632400174593,27.206090953534027,33.09775143079187,9.847063481932622,"POLYGON Z ((1629771.0471755 5335012.5946415 -33097.7514307919, 1640291.11221213 5326089.78295204 -27206.090953534, 1649993.68482172 5337529.19223555 -27206.090953534, 1639473.61978508 5346452.00392502 -33097.7514307919, 1629771.0471755 5335012.5946415 -33097.7514307919))",2d_linear_centroids_interior,173.4825108637656,-42.12465308707283
6,6,173.4777791254036,-42.02899384075481,173.36644882398426,-42.13563749640702,33.22347094038021,39.99566058654114,6.340572195589431,"POLYGON Z ((1619759.21263093 5343367.45965988 -39995.6605865411, 1630283.90636909 5335098.94896483 -33223.4709403802, 1639550.61186117 5346894.20942499 -33223.4709403802, 1629025.918123 5355162.72012005 -39995.6605865411, 1619759.21263093 5343367.45965988 -39995.6605865411))",2d_linear_centroids_interior,173.3583289831133,-42.04531089381773
6,7,173.3533809126195,-41.94774685884016,173.2454486544612,-42.05623937937142,39.76242965444102,47.15906565317652,3.229649513363281,"POLYGON Z ((1609857.28969505 5351763.19360288 -47159.0656531765, 1620309.57151001 5343950.41043919 -39762.429654441, 1629290.1175386 5355964.97630852 -39762.429654441, 1618837.83572364 5363777.75947221 -47159.0656531765, 1609857.28969505 5351763.19360288 -47159.0656531765))",2d_linear_centroids_interior,173.23622489273092,-41.96696982387496
7,0,174.39504878782375,-42.4019260175155,174.3586271261218,-42.53427463117264,14.323902170082052,15.254455095980543,0.4888189184053934,"POLYGON Z ((1696953.7681395 5293233.21910276 -15254.4550959805, 1711573.06594954 5290006.73451524 -14323.9021700821, 1714805.77719511 5304654.24549843 -14323.9021700821, 1700186.47938507 5307880.73008595 -15254.4550959805, 1696953.7681395 5293233.21910276 -15254.4550959805))",2d_linear_centroids_interior,174.28766526669855,-42.45461031622294
7,1,174.27446577130328,-42.34877730512737,174.17372587447787,-42.46134226457355,15.156913900194326,16.60310441348468,4.28742477878423,"POLYGON Z ((1684178.53175581 5306762.81749037 -16603.1044134847, 1696500.51069298 5298332.07801681 -15156.9139001943, 1704970.70905585 5310711.72824182 -15156.9139001943, 1692648.73011868 5319142.46771538 -16603.1044134847, 1684178.53175581 5306762.81749037 -16603.1044134847))",2d_linear_centroids_interior,174.14859496798613,-42.36788928324613
7,2,174.13775595126464,-42.27177056634678,174.02193733131932,-42.37598032552039,16.568985660991867,18.975508133127743,8.520053185909324,"POLYGON Z ((1672833.09013545 5317536.52114257 -18975.5081331277, 1684134.79609603 5307971.99857364 -16568.9856609919, 1693824.83926904 5319422.0231721 -16568.9856609919, 1682523.13330846 5328986.54574103 -18975.5081331277, 1672833.09013545 5317536.52114257 -18975.5081331277))",2d_linear_centroids_interior,174.0106350076702,-42.28145184031774
7,3,174.00084268165645,-42.1875694177569,173.8821634818803,-42.289895007983894,18.957055484272445,22.375227965598047,11.0186817541354,"POLYGON Z ((1661768.96008351 5327316.11802748 -22375.227965598, 1672726.42002518 5317659.50534421 -18957.0554842724, 1682643.96679849 5328913.04994132 -18957.0554842724, 1671686.50685683 5338569.66262459 -22375.227965598, 1661768.96008351 5327316.11802748 -22375.227965598))",2d_linear_centroids_interior,173.87455587217232,-42.195792935407674
7,4,173.86614205006043,-42.103846179182355,173.74544046634483,-42.20475595658298,22.394720998902358,26.906326639623458,12.50190501333945,"POLYGON Z ((1650941.73815024 5336831.85468773 -26906.3266396235, 1661537.47026615 5327220.61775013 -22394.7209989024, 1671615.35841063 5338330.80094156 -22394.7209989024, 1661019.62629473 5347942.03787916 -26906.3266396235, 1650941.73815024 5336831.85468773 -26906.3266396235))",2d_linear_centroids_interior,173.74121453180442,-42.11147123740794
7,5,173.73413122363368,-42.018714852334845,173.61576024502892,-42.121045488591676,26.89746537185473,32.40175571201591,11.795787477620129,"POLYGON Z ((1640401.77690116 5345793.47945009 -32401.7557120159, 1650899.1386111 5336600.64610113 -26897.4653718547, 1660781.35959359 5347885.22444741 -26897.4653718547, 1650283.99788364 5357078.05779637 -32401.7557120159, 1640401.77690116 5345793.47945009 -32401.7557120159))",2d_linear_centroids_interior,173.61115423438886,-42.02885524636437
7,6,173.6053156224643,-41.93333292009009,173.49293957032964,-42.03926646209905,32.441559086213466,38.91566138127598,8.099306571381387,"POLYGON Z ((1630243.07595875 5354211.62059574 -38915.661381276, 1640799.02793926 5345746.52300279 -32441.5590862135, 1650183.19349139 5357448.55004473 -32441.5590862135, 1639627.24151088 5365913.64763768 -38915.661381276, 1630243.07595875 5354211.62059574 -38915.661381276))",2d_linear_centroids_interior,173.4851707586293,-41.94848051968444
7,7,173.48183249573248,-41.856149003898445,173.36636152100826,-41.96012937425509,38.94066322072394,46.38903117755287,4.2391579183615065,"POLYGON Z ((1620380.42711017 5362947.88990639 -46389.0311775529, 1630360.14495672 5354585.65058412 -38940.6632207239, 1639994.02102561 5366082.97339812 -38940.6632207239, 1630014.30317906 5374445.21272039 -46389.0311775529, 1620380.42711017 5362947.88990639 -46389.0311775529))",2d_linear_centroids_interior,173.3637666856482,-41.87070226150406
8,0,174.51932856950484,-42.300666806990726,174.4970173222348,-42.43471531963639,13.231122043476061,14.482558208087463,0.9571025649301584,"POLYGON Z ((1708332.96328763 5302964.37408723 -14482.5582080875, 1723133.28192774 5300870.46012598 -13231.1220434761, 1725234.52140357 5315722.55737402 -13231.1220434761, 1710434.20276346 5317816.47133527 -14482.5582080875, 1708332.96328763 5302964.37408723 -14482.5582080875))",2d_linear_centroids_interior,174.41812616064632,-42.359412585945776
8,1,174.40326741321084,-42.24858063392901,174.3115015593443,-42.36521982926464,14.512762812621256,16.220398723267834,5.093336855276414,"POLYGON Z ((1695245.71611799 5316559.0472272 -16220.3987232678, 1707993.0300443 5308839.59340837 -14512.7628126213, 1715762.99780659 5321670.32218631 -14512.7628126213, 1703015.68388029 5329389.77600513 -16220.3987232678, 1695245.71611799 5316559.0472272 -16220.3987232678))",2d_linear_centroids_interior,174.27940989060917,-42.27304551844391
8,2,174.26907235090613,-42.18037304203127,174.14888138645202,-42.28170150144831,16.30363171769208,18.767118683561314,8.835413256516013,"POLYGON Z ((1683767.88878023 5328247.81887584 -18767.1186835613, 1694727.43181167 5318307.01163946 -16303.6317176921, 1704805.07670451 5329417.41547613 -16303.6317176921, 1693845.53367307 5339358.22271251 -18767.1186835613, 1683767.88878023 5328247.81887584 -18767.1186835613))",2d_linear_centroids_interior,174.14182455402127,-42.18697709126157
8,3,174.13233697730354,-42.09734151444228,174.00804971188498,-42.195793725954644,18.772897364212845,22.198946890811833,11.379742641443254,"POLYGON Z ((1672711.07408941 5338124.50586947 -22198.9468908118, 1683228.29753263 5327992.86258288 -18772.8973642128, 1693635.02599745 5338795.64012662 -18772.8973642128, 1683117.80255423 5348927.28341321 -22198.9468908118, 1672711.07408941 5338124.50586947 -22198.9468908118))",2d_linear_centroids_interior,174.00588715337474,-42.10154194711068
8,4,173.99731335468093,-42.010249214999135,173.87602146844216,-42.110644691203234,22.184726483723935,26.529024163954702,12.523523999424265,"POLYGON Z ((1661860.36948676 5347290.09316506 -26529.0241639547, 1672424.48712381 5337567.61939466 -22184.7264837239, 1682582.30720395 5348604.76989738 -22184.7264837239, 1672018.1895669 5358327.24366778 -26529.0241639547, 1661860.36948676 5347290.09316506 -26529.0241639547))",2d_linear_centroids_interior,173.8722840042378,-42.01718782059312
8,5,173.8650713740952,-41.92782022336216,173.7417599233041,-42.02673375611485,26.473644460150418,31.820907723322854,12.132354815210881,"POLYGON Z ((1651233.97288687 5356630.58976608 -31820.9077233229, 1661405.25418471 5346989.43774184 -26473.6444601504, 1671724.35741549 5357875.94813372 -26473.6444601504, 1661553.07611764 5367517.10015796 -31820.9077233229, 1651233.97288687 5356630.58976608 -31820.9077233229))",2d_linear_centroids_interior,173.7415793343243,-41.93429252096521
8,6,173.73638109035514,-41.84402057900704,173.61613979443007,-41.94491773665558,31.882778226556336,38.26434438870902,8.882473394185755,"POLYGON Z ((1641004.45855632 5365262.71854053 -38264.344388709, 1651071.32155728 5356155.91434598 -31882.7782265563, 1661134.225459 5367279.67113336 -31882.7782265563, 1651067.36245804 5376386.47532791 -38264.344388709, 1641004.45855632 5365262.71854053 -38264.344388709))",2d_linear_centroids_interior,173.61524081443292,-41.85381656263014
8,7,173.61143631550485,-41.76126382997973,173.49639651781084,-41.86540553182867,38.27289201874677,45.462530556634455,4.784694298648606,"POLYGON Z ((1631103.29696534 5373499.82633507 -45462.5305566345, 1641196.95439518 5365048.36626101 -38272.8920187468, 1650826.64475228 5376549.19508446 -38272.8920187468, 1640732.98732244 5385000.65515853 -45462.5305566345, 1631103.29696534 5373499.82633507 -45462.5305566345))",2d_linear_centroids_interior,173.49291182140377,-41.77556627843252
9,0,174.68393181777122,-42.22638385140843,174.66687557524688,-42.36085026860894,11.346729040438788,13.364349268488752,0.7438589333025041,"POLYGON Z ((1722497.89069231 5310496.68790818 -13364.3492684888, 1737265.81304911 5308812.14705709 -11346.7290404388, 1738965.80254514 5323715.50358216 -11346.7290404388, 1724197.88018835 5325400.04443325 -13364.3492684888, 1722497.89069231 5310496.68790818 -13364.3492684888))",2d_linear_centroids_interior,174.5856845711587,-42.28730830054755
9,1,174.56808253704835,-42.16951036568491,174.4899149782773,-42.291447318703696,13.602304446937671,15.543164945319132,4.628553203054014,"POLYGON Z ((1709516.92485501 5323426.23260143 -15543.1649453191, 1722827.89712797 5316789.13401286 -13602.3044469377, 1729521.26221593 5330212.95104824 -13602.3044469377, 1716210.28994297 5336850.0496368 -15543.1649453191, 1709516.92485501 5323426.23260143 -15543.1649453191))",2d_linear_centroids_interior,174.44772472388706,-42.20165351803094
9,2,174.43684193314678,-42.10767169364074,174.3188137921941,-42.2103042421409,15.344904850747415,17.91277931602742,8.631800695742884,"POLYGON Z ((1697789.0982459 5335819.71694575 -17912.7793160274, 1708861.60594863 5326031.68374681 -15344.9048507474, 1718796.29754125 5337270.09568798 -15344.9048507474, 1707723.78983852 5347058.12888693 -17912.7793160274, 1697789.0982459 5335819.71694575 -17912.7793160274))",2d_linear_centroids_interior,174.3099689879872,-42.11572169621294
9,3,174.30033936874685,-42.03114831346856,174.1695436999478,-42.12470041942218,17.843904780060033,20.96125013320417,11.468717323661105,"POLYGON Z ((1686662.47828776 5346446.22849189 -20961.2501332042, 1696670.17531013 5335716.4494514 -17843.90478006, 1707639.45268976 5345947.52729143 -17843.90478006, 1697631.75566739 5356677.30633192 -20961.2501332042, 1686662.47828776 5346446.22849189 -20961.2501332042))",2d_linear_centroids_interior,174.1736188852584,-42.030268401954075
9,4,174.1652879142416,-41.94283453040861,174.03916653425952,-42.039766102195394,21.167264784895046,25.137720031231915,13.422615719569361,"POLYGON Z ((1675759.3436227 5355493.91970502 -25137.7200312319, 1686008.19306131 5345286.24757463 -21167.264784895, 1696593.42311077 5355914.17798464 -21167.264784895, 1686344.57367216 5366121.85011503 -25137.7200312319, 1675759.3436227 5355493.91970502 -25137.7200312319))",2d_linear_centroids_interior,174.039670314675,-41.94593339673799
9,5,174.03173881060886,-41.85853743917382,173.90549636433306,-41.95526601513832,25.028231252149748,30.029817589956217,13.306192912315158,"POLYGON Z ((1665030.32129002 5364779.67187334 -30029.8175899562, 1675043.8925707 5354794.05600289 -25028.2312521497, 1685635.65774309 5365415.47354167 -25028.2312521497, 1675622.08646241 5375401.08941212 -30029.8175899562, 1665030.32129002 5364779.67187334 -30029.8175899562))",2d_linear_centroids_interior,173.90766875940156,-41.86244830764474
9,6,173.90132647990956,-41.771193689360246,173.78219820073582,-41.87273445199599,30.023382377191208,35.83243724023355,9.852821490108813,"POLYGON Z ((1654604.29191975 5373281.31624806 -35832.4372402336, 1664908.93525906 5364058.01926446 -30023.3823771912, 1674912.87777233 5375234.83160927 -30023.3823771912, 1664608.23443302 5384458.12859288 -35832.4372402336, 1654604.29191975 5373281.31624806 -35832.4372402336))",2d_linear_centroids_interior,173.7792716815374,-41.78088402036339
9,7,173.77473362465417,-41.691019059811374,173.65484935007993,-41.79196551750029,35.85086285829161,42.701401059022594,6.303848290954743,"POLYGON Z ((1644512.68014382 5382065.13407075 -42701.4010590226, 1654409.48533483 5373113.96803657 -35850.8628582916, 1664471.27741048 5384238.73051611 -35850.8628582916, 1654574.47221947 5393189.8965503 -42701.4010590226, 1644512.68014382 5382065.13407075 -42701.4010590226))",2d_linear_centroids_interior,173.65492266617682,-41.701553171479055
10,0,174.88980003588452,-42.18150097459908,174.8532246756391,-42.31379330859981,8.35894277861875,11.200744523304781,0.7062171891628322,"POLYGON Z ((1738367.30596203 5316999.34905644 -11200.7445233048, 1752725.84957962 5313719.65577422 -8358.94277861875, 1756066.03460198 5328343.03308646 -8358.94277861875, 1741707.49098439 5331622.72636869 -11200.7445233048, 1738367.30596203 5316999.34905644 -11200.7445233048))",2d_linear_centroids_interior,174.7841316730036,-42.23427361035745
10,1,174.76480152247913,-42.1127994777082,174.69530602382545,-42.23757734845635,11.581850554402289,13.930344920807672,2.9245767833312653,"POLYGON Z ((1726310.58597941 5328400.60291907 -13930.3449208077, 1739879.75564803 5322453.9897052 -11581.8505544023, 1745900.62147643 5336192.5913326 -11581.8505544023, 1732331.45180782 5342139.20454647 -13930.3449208077, 1726310.58597941 5328400.60291907 -13930.3449208077))",2d_linear_centroids_interior,174.64727968929097,-42.149634886553294
10,2,174.63569486638852,-42.05104566723191,174.5253354770638,-42.15823633252549,13.73378243103815,16.353725909401273,6.915761011959682,"POLYGON Z ((1714459.94333527 5340730.38173217 -16353.7259094013, 1726012.70993222 5331528.77969086 -13733.7824310382, 1735357.96450531 5343261.90446494 -13733.7824310382, 1723805.19790836 5352463.50650624 -16353.7259094013, 1714459.94333527 5340730.38173217 -16353.7259094013))",2d_linear_centroids_interior,174.50974088997867,-42.064171772942615
10,3,174.50002091922877,-41.976553968436626,174.37397383764852,-42.07357344433129,16.37626994724156,19.40494194610959,10.928831720551127,"POLYGON Z ((1703280.34573485 5351539.08974956 -19404.9419461096, 1713659.20677046 5341141.66749561 -16376.2699472416, 1724275.28002982 5351738.78920633 -16376.2699472416, 1713896.41899421 5362136.21146028 -19404.9419461096, 1703280.34573485 5351539.08974956 -19404.9419461096))",2d_linear_centroids_interior,174.37337105923953,-41.97903852086886
10,4,174.3646316720805,-41.89673915920929,174.231917010844,-41.988552629295846,19.567596590656972,23.206736683981692,12.939786628248584,"POLYGON Z ((1692315.65816902 5361583.22659428 -23206.7366839817, 1702043.5607226 5350760.81598993 -19567.596590657, 1713199.25817957 5360788.29893675 -19567.596590657, 1703471.35562599 5371610.7095411 -23206.7366839817, 1692315.65816902 5361583.22659428 -23206.7366839817))",2d_linear_centroids_interior,174.23871509636172,-41.8945868563001
10,5,174.23028618495587,-41.81257538520084,174.09708117005744,-41.90385626661634,23.13027717956691,27.453377403842104,14.681320227843122,"POLYGON Z ((1681433.65241111 5371035.36556944 -27453.3774038421, 1690994.90298147 5360316.53671636 -23130.2771795669, 1702188.70469176 5370301.46552285 -23130.2771795669, 1692627.4541214 5381020.29437593 -27453.3774038421, 1681433.65241111 5371035.36556944 -27453.3774038421))",2d_linear_centroids_interior,174.1053143261413,-41.810540979407214
10,6,174.09833304984394,-41.72747476212823,173.9672656596022,-41.82033938855365,27.468048993029313,32.631038471532335,11.243937690385719,"POLYGON Z ((1670774.40475437 5380062.6847447 -32631.0384715323, 1680332.00718996 5369718.80852115 -27468.0489930293, 1691349.06287172 5379898.41971731 -27468.0489930293, 1681791.46043613 5390242.29594086 -32631.0384715323, 1670774.40475437 5380062.6847447 -32631.0384715323))",2d_linear_centroids_interior,173.97465077445057,-41.72785072374352
10,7,173.96849322084014,-41.641857474995156,173.84173282421958,-41.73789723145501,32.446252226999775,38.680480898988755,7.577868855215781,"POLYGON Z ((1660398.53756093 5388678.39502889 -38680.4808989888, 1669995.93577382 5378981.78013458 -32446.2522269998, 1680656.93945423 5389533.69941622 -32446.2522269998, 1671059.54124135 5399230.31431053 -38680.4808989888, 1660398.53756093 5388678.39502889 -38680.4808989888))",2d_linear_centroids_interior,173.84693035378316,-41.64666939301358
10,8,173.84277308010232,-41.55726620928545,173.72293155173583,-41.658076142788346,38.59559493575809,45.72580895276508,4.085686433663856,"POLYGON Z ((1650423.9679274 5396808.50463289 -45725.8089527651, 1660191.10380809 5387933.64661939 -38595.5949357581, 1670278.48435048 5399035.21199518 -38595.5949357581, 1660511.34846979 5407910.07000868 -45725.8089527651, 1650423.9679274 5396808.50463289 -45725.8089527651))",2d_linear_centroids_interior,173.72384810479932,-41.56810465128202
11,0,175.10714083549877,-42.14566771304741,175.04800163370942,-42.27335665043502,5.194410842360528,8.49137107105445,0.5090172366826878,"POLYGON Z ((1755170.46308931 5322941.46720967 -8491.37107105445, 1768886.25758419 5317841.75794102 -5194.41084236053, 1774113.80360098 5331901.37253895 -5194.41084236053, 1760398.00910611 5337001.0818076 -8491.37107105445, 1755170.46308931 5322941.46720967 -8491.37107105445))",2d_linear_centroids_interior,174.99384924494285,-42.18803905046373
11,1,174.97659355635346,-42.07219710518384,174.89681582674865,-42.19349619537237,8.37325222483329,11.406616660871249,2.5891636074169773,"POLYGON Z ((1743571.78540767 5333754.85540191 -11406.6166608712, 1756615.82033582 5326998.23990364 -8373.25222483329, 1763514.97771393 5340317.46013127 -8373.25222483329, 1750470.94278578 5347074.07562954 -11406.6166608712, 1743571.78540767 5333754.85540191 -11406.6166608712))",2d_linear_centroids_interior,174.8569801598915,-42.1037471402239
11,2,174.84664444562597,-42.008911677366235,174.73205412359337,-42.11355448282332,11.537483457191541,14.494523723717931,5.273993792528,"POLYGON Z ((1731994.99040679 5345697.98784588 -14494.5237237179, 1743191.5256485 5336164.17898251 -11537.4834571915, 1752916.16948865 5347584.8314237 -11537.4834571915, 1741719.63424693 5357118.64028707 -14494.5237237179, 1731994.99040679 5345697.98784588 -14494.5237237179))",2d_linear_centroids_interior,174.72060643765377,-42.01936734727826
11,3,174.7107256729973,-41.9327646266669,174.5837915481498,-42.02906501439107,14.397917684084733,17.50870710242682,9.597019315801216,"POLYGON Z ((1720845.69398514 5356271.92280582 -17508.7071024268, 1731107.9037749 5345783.35572419 -14397.9176840847, 1741829.56841937 5356273.63251994 -14397.9176840847, 1731567.35862961 5366762.19960157 -17508.7071024268, 1720845.69398514 5356271.92280582 -17508.7071024268))",2d_linear_centroids_interior,174.5842223712726,-41.93458789469636
11,4,174.57468961272045,-41.85317995704611,174.4408862751369,-41.944023521654366,17.429189940200175,20.880122520926385,12.64771932893118,"POLYGON Z ((1709810.63298601 5366408.90820253 -20880.1225209264, 1719436.66442284 5355434.82131112 -17429.1899402002, 1730713.2347909 5365326.17919234 -17429.1899402002, 1721087.20335406 5376300.26608375 -20880.1225209264, 1709810.63298601 5366408.90820253 -20880.1225209264))",2d_linear_centroids_interior,174.44871431580614,-41.849962545882846
11,5,174.43976898032977,-41.770017785608495,174.30425718461836,-41.85929441386706,20.826512106843037,24.877925611679043,14.418087703186067,"POLYGON Z ((1698883.3229331 5376013.39325652 -24877.925611679, 1708254.14864783 5365023.68561542 -20826.512106843, 1719668.06721088 5374756.23220077 -20826.512106843, 1710297.24149615 5385745.93984188 -24877.925611679, 1698883.3229331 5376013.39325652 -24877.925611679))",2d_linear_centroids_interior,174.3146523185795,-41.76585636692449
11,6,174.30663462493618,-41.68761872870627,174.16944025207297,-41.775297447730196,24.80606199284058,29.304749453483936,12.747577553703419,"POLYGON Z ((1688061.03719945 5385529.32448122 -29304.7494534839, 1697191.01182837 5374510.91377882 -24806.0619928406, 1708741.11155992 5384081.45170473 -24806.0619928406, 1699611.136931 5395099.86240713 -29304.7494534839, 1688061.03719945 5385529.32448122 -29304.7494534839))",2d_linear_centroids_interior,174.18229604685516,-41.68244483961786
11,7,174.17632835948154,-41.59974780589086,174.04597042542136,-41.69296743528827,29.504266861776173,34.97866046861986,9.427578779188348,"POLYGON Z ((1677535.00574137 5394015.00295319 -34978.6604686199, 1687040.51360212 5383783.85761424 -29504.2668617762, 1698029.65276227 5393993.59906636 -29504.2668617762, 1688524.14490151 5404224.7444053 -34978.6604686199, 1677535.00574137 5394015.00295319 -34978.6604686199))",2d_linear_centroids_interior,174.05338293891427,-41.600843757821906
11,8,174.04766464374865,-41.512666231620855,173.92509557512912,-41.61154658637872,34.86011850343673,41.07927889658012,5.128282335448746,"POLYGON Z ((1667195.13402818 5402353.22577297 -41079.2788965801, 1677078.80464373 5392938.60421032 -34860.1185034367, 1687424.55528448 5403799.79400148 -34860.1185034367, 1677540.88466893 5413214.41556412 -41079.2788965801, 1667195.13402818 5402353.22577297 -41079.2788965801))",2d_linear_centroids_interior,173.92656269527347,-41.520220550691455
11,9,173.92233698179265,-41.43200685947646,173.8008898429615,-41.5315666224006,40.96838318311736,48.22933946223921,1.7999423067122544,"POLYGON Z ((1657228.78543584 5410890.21162132 -48229.3394622392, 1666812.28262221 5401921.65010948 -40968.3831831174, 1677061.68378428 5412873.80860993 -40968.3831831174, 1667478.18659791 5421842.37012177 -48229.3394622392, 1657228.78543584 5410890.21162132 -48229.3394622392))",2d_linear_centroids_interior,173.80377108567208,-41.44182992230352
12,0,175.30015015267585,-42.112295619729046,175.1866112371113,-42.21765519403644,3.327933651354738,6.59759445610107,0.5480168222504898,"POLYGON Z ((1769298.68863218 5333196.78425222 -6597.59445610107, 1780475.84416659 5323742.65751404 -3327.93365135474, 1790162.90778013 5335195.20301918 -3327.93365135474, 1778985.75224572 5344649.32975736 -6597.59445610107, 1769298.68863218 5333196.78425222 -6597.59445610107))",2d_linear_centroids_interior,175.17436469377034,-42.12374798415773
12,1,175.16420942952772,-42.0407655871844,175.03314832927504,-42.13407899406514,6.500888882392906,9.981380563297297,2.585047558546081,"POLYGON Z ((1758210.57390739 5344128.22120996 -9981.3805632973, 1768030.16159047 5333336.47087031 -6500.88888239291, 1779124.70455994 5343431.57445069 -6500.88888239291, 1769305.11687686 5354223.32479034 -9981.3805632973, 1758210.57390739 5344128.22120996 -9981.3805632973))",2d_linear_centroids_interior,175.037845174423,-42.039942734478736
12,2,175.02802361866756,-41.96098504678367,174.8919247923152,-42.050070029453984,9.900748099300197,13.316862887756058,5.094397784662604,"POLYGON Z ((1747184.44277438 5354128.37332626 -13316.8628877561, 1756564.79890232 5342932.87964955 -9900.7480993002, 1768062.43022759 5352566.38752095 -9900.7480993002, 1758682.07409965 5363761.88119766 -13316.8628877561, 1747184.44277438 5354128.37332626 -13316.8628877561))",2d_linear_centroids_interior,174.90191553694413,-41.95611043960004
12,3,174.89195539757304,-41.88020672878851,174.75204025990223,-41.96578601861382,13.27143787016985,16.50559523528166,9.633930650575383,"POLYGON Z ((1736142.05836807 5364064.31612657 -16505.5952352817, 1745179.94321507 5352537.96095115 -13271.4378701698, 1756983.93476457 5361793.54215924 -13271.4378701698, 1747946.04991756 5373319.89733466 -16505.5952352817, 1736142.05836807 5364064.31612657 -16505.5952352817))",2d_linear_centroids_interior,174.76614136445602,-41.87198542406311
12,4,174.7560267475138,-41.79420712005165,174.61797641728924,-41.88130646390168,16.297650690387567,19.648547747500317,12.889843627284503,"POLYGON Z ((1725040.80962805 5373494.50111899 -19648.5477475003, 1734247.65624378 5362136.44387723 -16297.6506903876, 1745900.19137857 5371581.99441346 -16297.6506903876, 1736693.34476284 5382940.05165522 -19648.5477475003, 1725040.80962805 5373494.50111899 -19648.5477475003))",2d_linear_centroids_interior,174.63032965268923,-41.7874476651482
12,5,174.62167306965839,-41.70728693569502,174.48732238523237,-41.79742354014601,19.84888286223394,23.564927365785767,14.55347103558956,"POLYGON Z ((1714067.75872913 5382643.25745922 -23564.9273657858, 1723567.98037488 5371646.13047399 -19848.8828622339, 1734918.94530992 5381452.02640671 -19848.8828622339, 1725418.72366418 5392449.15339194 -23564.9273657858, 1714067.75872913 5382643.25745922 -23564.9273657858))",2d_linear_centroids_interior,174.49628001619158,-41.70362382829212
12,6,174.48761960725125,-41.618241978474,174.3597789633796,-41.71341857444424,23.44668201200441,27.6476116104567,13.285697653544448,"POLYGON Z ((1703143.33512549 5391533.26692154 -27647.6116104567, 1713118.76773199 5381148.5216275 -23446.6820120044, 1723936.41445299 5391539.7929366 -23446.6820120044, 1713960.9818465 5401924.53823064 -27647.6116104567, 1703143.33512549 5391533.26692154 -27647.6116104567))",2d_linear_centroids_interior,174.36286517360017,-41.619818344222956
12,7,174.35511197706012,-41.53110885461963,174.2325065830307,-41.629976802920524,27.657541228624158,32.57190308180952,11.15871670811453,"POLYGON Z ((1692437.24999885 5400384.05670123 -32571.9030818095, 1702663.411881 5390572.09151907 -27657.5412286242, 1713048.55220672 5401395.62423325 -27657.5412286242, 1702822.39032458 5411207.58941542 -32571.9030818095, 1692437.24999885 5400384.05670123 -32571.9030818095))",2d_linear_centroids_interior,174.2316934535026,-41.53705281984443
12,8,174.22466876832664,-41.44751375419549,174.1036665830808,-41.54738951701473,32.44955929899494,38.145414219778054,6.770559752959709,"POLYGON Z ((1681916.50671848 5409368.0492672 -38145.4142197781, 1692048.58269702 5399886.57928167 -32449.5592989949, 1702297.71291845 5410838.99133127 -32449.5592989949, 1692165.63693991 5420320.4613168 -38145.4142197781, 1681916.50671848 5409368.0492672 -38145.4142197781))",2d_linear_centroids_interior,174.1028058768448,-41.45537128006614
12,9,174.09774962421602,-41.36570757765929,173.97854911061827,-41.46670688532029,38.18729398853231,44.9891450470673,2.8502615718453943,"POLYGON Z ((1671827.32637654 5417968.40243294 -44989.1450470673, 1681714.73162849 5408969.84479511 -38187.2939885323, 1691810.96953137 5420063.35552024 -38187.2939885323, 1681923.56427942 5429061.91315806 -44989.1450470673, 1671827.32637654 5417968.40243294 -44989.1450470673))",2d_linear_centroids_interior,173.9784402104793,-41.37621904971639
13,0,175.46461133378654,-42.067480032139585,175.3138942144674,-42.14256170056796,2.401890888453198,6.032472542670695,0.5167700359112619,"POLYGON Z ((1783457.20787963 5344122.08794828 -6032.4725426707, 1791208.15763176 5331803.74167973 -2401.8908884532, 1803903.99459089 5339792.21612152 -2401.8908884532, 1796153.04483876 5352110.56239007 -6032.4725426707, 1783457.20787963 5344122.08794828 -6032.4725426707))",2d_linear_centroids_interior,175.34042647165174,-42.05058426128198
13,1,175.32644915602992,-41.99114666687966,175.168641856295,-42.05741341425579,5.898783587658863,9.827865726290245,2.6857680495334835,"POLYGON Z ((1772674.75214083 5354369.44597399 -9827.86572629025, 1779444.69641097 5341573.73700078 -5898.78358765886, 1792703.33769318 5348588.60915567 -5898.78358765886, 1785933.39342305 5361384.31812889 -9827.86572629025, 1772674.75214083 5354369.44597399 -9827.86572629025))",2d_linear_centroids_interior,175.20474058382487,-41.967518827445176
13,2,175.19143495070153,-41.906687173903606,175.03521465947182,-41.97476600362444,9.627822047564106,13.219009932289692,5.5648219489019635,"POLYGON Z ((1761592.78018584 5363777.19830393 -13219.0099322897, 1768622.01657971 5351022.07363595 -9627.82204756411, 1781759.19755782 5358261.8578833 -9627.82204756411, 1774729.96116395 5371016.98255128 -13219.0099322897, 1761592.78018584 5363777.19830393 -13219.0099322897))",2d_linear_centroids_interior,175.0691408236071,-41.88412082543165
13,3,175.05607802947245,-41.819644514705395,174.90320972911266,-41.89161279178425,12.776078072620878,15.985881333542265,11.031248913350641,"POLYGON Z ((1750369.79959488 5373082.13635921 -15985.8813335423, 1757889.69723864 5360506.433498 -12776.0780726209, 1770763.6044157 5368204.64848568 -12776.0780726209, 1763243.70677193 5380780.35134689 -15985.8813335423, 1750369.79959488 5373082.13635921 -15985.8813335423))",2d_linear_centroids_interior,174.932711593636,-41.79982300954794
13,4,174.92227590735266,-41.726026265241494,174.78008303051803,-41.80915695386089,15.96814584981085,19.164329325425616,14.817224058577924,"POLYGON Z ((1739095.11013062 5381623.22600126 -19164.3293254256, 1747864.60440251 5369880.97828604 -15968.1458498109, 1759882.85120573 5378856.59769512 -15968.1458498109, 1751113.35693385 5390598.84541034 -19164.3293254256, 1739095.11013062 5381623.22600126 -19164.3293254256))",2d_linear_centroids_interior,174.79702429401584,-41.715595013479856
13,5,174.78721112011186,-41.63609437867598,174.6517960498017,-41.725196646761134,19.059830362972082,22.47020941774953,17.174734376732975,"POLYGON Z ((1727972.3207824 5390584.26957031 -22470.2094177495, 1737387.02012745 5379415.88781891 -19059.8303629721, 1748855.75539961 5389083.77855356 -19059.8303629721, 1739441.05605456 5400252.16030496 -22470.2094177495, 1727972.3207824 5390584.26957031 -22470.2094177495))",2d_linear_centroids_interior,174.66172354481003,-41.63122014953123
13,6,174.65255198734818,-41.541184239312265,174.53162790948753,-41.64121270560208,22.51265188619896,26.22395059470102,17.510944308081676,"POLYGON Z ((1716977.33461901 5398889.37362545 -26223.950594701, 1727557.63155519 5388925.25908183 -22512.651886199, 1737841.48819393 5399845.071014 -22512.651886199, 1727261.19125775 5409809.18555762 -26223.950594701, 1716977.33461901 5398889.37362545 -26223.950594701))",2d_linear_centroids_interior,174.52762982722777,-41.5472159902052
13,7,174.51828170355665,-41.452904657514694,174.40359792388753,-41.556905248146464,26.19331206272071,30.73128054269268,14.970585118342893,"POLYGON Z ((1706195.72074689 5407775.98783684 -30731.2805426927, 1717046.99051594 5398467.02514092 -26193.3120627207, 1726813.62275226 5409851.79104807 -26193.3120627207, 1715962.35298321 5419160.75374399 -30731.2805426927, 1706195.72074689 5407775.98783684 -30731.2805426927))",2d_linear_centroids_interior,174.39509432278965,-41.46381342536319
13,8,174.3868406308362,-41.36901176207121,174.27387219914087,-41.47398669407735,30.714988400040593,36.12836981753139,8.884986352442512,"POLYGON Z ((1695630.7570648 5416811.72937685 -36128.3698175314, 1706364.5317049 5407840.58766554 -30714.9884000406, 1715983.94925496 5419350.01015311 -30714.9884000406, 1705250.17461487 5428321.15186442 -36128.3698175314, 1695630.7570648 5416811.72937685 -36128.3698175314))",2d_linear_centroids_interior,174.265408622433,-41.38184293736836
13,9,174.25851414938225,-41.28700226643077,174.14689025716865,-41.3927116101724,36.10138172509813,42.28625693151546,4.803886066019041,"POLYGON Z ((1685307.54457684 5425669.16447586 -42286.2569315155, 1695881.27114905 5417012.16585872 -36101.3817250981, 1705383.6298352 5428618.42190448 -36101.3817250981, 1694809.903263 5437275.42052162 -42286.2569315155, 1685307.54457684 5425669.16447586 -42286.2569315155))",2d_linear_centroids_interior,174.13889254991363,-41.3015307825123
13,10,174.13138168596808,-41.202620509234734,174.02673396577805,-41.3122424697976,42.02031227097429,49.09133857656388,0.9888846605786352,"POLYGON Z ((1675304.87449019 5433936.75018345 -49091.3385765639, 1685941.70967371 5426071.74387294 -42020.3122709743, 1694859.77361332 5438132.76105927 -42020.3122709743, 1684222.9384298 5445997.76736978 -49091.3385765639, 1675304.87449019 5433936.75018345 -49091.3385765639))",2d_linear_centroids_interior,174.01507775308193,-41.222602707032635
14,0,175.6223366705314,-42.017422764807364,175.4514004366133,-42.06209232190324,2.449780378573717,6.448602409590253,0.8364812195810778,"POLYGON Z ((1798452.06551619 5354200.86496399 -6448.60240959025, 1802828.11113242 5340421.90828618 -2449.78037857372, 1817124.4443212 5344962.26701157 -2449.78037857372, 1812748.39870498 5358741.22368938 -6448.60240959025, 1798452.06551619 5354200.86496399 -6448.60240959025))",2d_linear_centroids_interior,175.50805137654447,-41.97837818081929
14,1,175.49137416681694,-41.929065875967254,175.32536561798344,-41.982728982242634,6.612688935038783,10.887733727264473,2.906593062647115,"POLYGON Z ((1787298.27146738 5362874.92532806 -10887.7337272645, 1792638.97206657 5349525.73399921 -6612.68893503878, 1806565.75399359 5355097.51514685 -6612.68893503878, 1801225.0533944 5368446.7064757 -10887.7337272645, 1787298.27146738 5362874.92532806 -10887.7337272645))",2d_linear_centroids_interior,175.37398322713744,-41.89653291968238
14,2,175.3520085261408,-41.84979486902236,175.18293037047013,-41.89741550082999,9.563101277165766,13.143497489832432,7.894788974649071,"POLYGON Z ((1776305.35373087 5373071.01112062 -13143.4974898324, 1781079.99216391 5359309.34004498 -9563.10127716577, 1795251.28358532 5364226.09705033 -9563.10127716577, 1790476.64515227 5377987.76812597 -13143.4974898324, 1776305.35373087 5373071.01112062 -13143.4974898324))",2d_linear_centroids_interior,175.23659603984552,-41.812272123326636
14,3,175.22111125805012,-41.75715313515374,175.06005790989005,-41.818067682216466,13.024522139441343,16.04743029673673,14.991616018929347,"POLYGON Z ((1764800.07755252 5381645.60468109 -16047.4302967367, 1771098.36092583 5368371.80896087 -13024.5221394413, 1784650.20087991 5374802.02154359 -13024.5221394413, 1778351.9175066 5388075.81726381 -16047.4302967367, 1764800.07755252 5381645.60468109 -16047.4302967367))",2d_linear_centroids_interior,175.10080012860323,-41.72859904309916
14,4,175.08742665096284,-41.663208941758896,174.93571129277032,-41.736099598425206,15.60263930279891,18.477746097240793,18.161454278420965,"POLYGON Z ((1753321.64196048 5390289.13011142 -18477.7460972408, 1760975.20977851 5377713.09494227 -15602.6393027989, 1773788.82618512 5385511.25078735 -15602.6393027989, 1766135.2583671 5398087.28595649 -18477.7460972408, 1753321.64196048 5390289.13011142 -18477.7460972408))",2d_linear_centroids_interior,174.9639262022775,-41.643870202551
14,5,174.95422780423158,-41.56323995355989,174.82094774638335,-41.654001477986704,18.66008190892283,21.60178572288835,20.39735239788649,"POLYGON Z ((1741980.66654455 5398143.39230612 -21601.7857228884, 1751623.76695492 5387036.7729669 -18660.0819089228, 1762950.33481784 5396870.83928997 -18660.0819089228, 1753307.23440747 5407977.45862919 -21601.7857228884, 1741980.66654455 5398143.39230612 -21601.7857228884))",2d_linear_centroids_interior,174.82838762993143,-41.55957972178857
14,6,174.81798131668103,-41.466307358131644,174.70151635939672,-41.56918318849763,21.528834523642367,24.74678082195479,20.340303006523985,"POLYGON Z ((1730901.90744026 5406376.46856323 -24746.7808219548, 1741864.55859807 5396657.15268128 -21528.8345236424, 1751815.55910695 5407881.12652624 -21528.8345236424, 1740852.90794914 5417600.44240819 -24746.7808219548, 1730901.90744026 5406376.46856323 -24746.7808219548))",2d_linear_centroids_interior,174.69299222206305,-41.47499161568348
14,7,174.68276307196288,-41.379460733492316,174.56983857864412,-41.48446023735955,24.726868473629718,28.865941774689,18.40308000760571,"POLYGON Z ((1720022.00308578 5415551.04227319 -28865.941774689, 1731056.43321779 5406271.52591348 -24726.8684736297, 1740710.77582284 5417751.66828474 -24726.8684736297, 1729676.34569082 5427031.18464445 -28865.941774689, 1720022.00308578 5415551.04227319 -28865.941774689))",2d_linear_centroids_interior,174.5593367721513,-41.391110630850754
14,8,174.54891967822502,-41.29035790931056,174.44489727590735,-41.400376379749005,28.780821126876685,33.656227467506355,11.80124801799749,"POLYGON Z ((1709372.28686999 5424218.41952904 -33656.2274675064, 1720781.3923644 5415788.54854361 -28780.8211268767, 1729695.24351784 5427852.67957797 -28780.8211268767, 1718286.13802342 5436282.55056341 -33656.2274675064, 1709372.28686999 5424218.41952904 -33656.2274675064))",2d_linear_centroids_interior,174.42795812394277,-41.30828984387033
14,9,174.41924510239843,-41.20759863424414,174.31717880740598,-41.31859237589522,33.81284544222055,39.644338846642185,6.158674861303272,"POLYGON Z ((1699013.91374974 5433094.72967249 -39644.3388466422, 1710242.89160471 5425038.44386531 -33812.8454422205, 1718987.02190077 5437226.15018625 -33812.8454422205, 1707758.0440458 5445282.43599343 -39644.3388466422, 1699013.91374974 5433094.72967249 -39644.3388466422))",2d_linear_centroids_interior,174.30052739036105,-41.22760782084523
14,10,174.29286779106033,-41.127872762239164,174.1900922741906,-41.23843316564566,39.57028020156476,45.9597949301785,2.0031006090838868,"POLYGON Z ((1688734.4785017 5442048.44539391 -45959.7949301785, 1699727.9817803 5434091.24819916 -39570.2802015648, 1708523.00721935 5446242.27809487 -39570.2802015648, 1697529.50394074 5454199.47528963 -45959.7949301785, 1688734.4785017 5442048.44539391 -45959.7949301785))",2d_linear_centroids_interior,174.17535641675872,-41.14802029823422
15,0,175.80849874419613,-41.96461665754955,175.63402417402793,-42.000433898039155,2.8459876935176394,6.859326342977229,1.039984836629022,"POLYGON Z ((1814760.9168411 5360869.09574011 -6859.32634297723, 1818150.3007514 5346819.00002537 -2845.98769351764, 1832732.01156611 5350336.62844752 -2845.98769351764, 1829342.6276558 5364386.72416226 -6859.32634297723, 1814760.9168411 5360869.09574011 -6859.32634297723))",2d_linear_centroids_interior,175.6981843486873,-41.9198382477182
15,1,175.6786065523032,-41.87540439422403,175.50910001249184,-41.92224897904214,6.4463395482421,10.687280703767149,2.911038696449048,"POLYGON Z ((1803476.41173812 5369450.71083205 -10687.2807037671, 1808057.7102206 5355811.57147761 -6446.3395482421, 1822277.00077668 5360587.73898742 -6446.3395482421, 1817695.7022942 5374226.87834186 -10687.2807037671, 1803476.41173812 5369450.71083205 -10687.2807037671))",2d_linear_centroids_interior,175.5638436970101,-41.83811606988791
15,2,175.54185817236117,-41.79432863909442,175.37160519647816,-41.83920166234646,9.951171224674694,13.45281397723982,7.917528676826009,"POLYGON Z ((1792459.17658698 5379247.213398 -13452.8139772398, 1796910.69663381 5365357.56015157 -9951.17122467469, 1811195.01820195 5369935.5681614 -9951.17122467469, 1806743.49815512 5383825.22140783 -13452.8139772398, 1792459.17658698 5379247.213398 -13452.8139772398))",2d_linear_centroids_interior,175.42762821331632,-41.754870043253604
15,3,175.40985408818443,-41.70391182412599,175.2455170168037,-41.75943874432606,13.428213603101725,16.1592842202946,16.810210420085514,"POLYGON Z ((1780973.95271316 5388099.44500518 -16159.2842202946, 1786672.64396832 5374495.54220994 -13428.2136031017, 1800507.7969603 5380291.10445085 -13428.2136031017, 1794809.10570515 5393895.00724609 -16159.2842202946, 1780973.95271316 5388099.44500518 -16159.2842202946))",2d_linear_centroids_interior,175.29131286920108,-41.67117562015528
15,4,175.27612478833709,-41.609292216683315,175.12102392714428,-41.67787626485999,15.368530071105093,17.791036483681296,20.53345813568201,"POLYGON Z ((1769356.19774625 5396754.17561142 -17791.0364836813, 1776546.01919241 5383814.39469158 -15368.5300711051, 1789657.92478849 5391099.85498174 -15368.5300711051, 1782468.10334233 5404039.63590157 -17791.0364836813, 1769356.19774625 5396754.17561142 -17791.0364836813))",2d_linear_centroids_interior,175.15354078873332,-41.58619209755708
15,5,175.14301502665612,-41.504442945646325,175.0111902798999,-41.59628610487654,17.917647909973123,20.26258433840725,22.088794679101976,"POLYGON Z ((1757804.14475698 5404194.57917751 -20262.5843384073, 1767614.78895312 5393092.66341475 -17917.6479099731, 1778854.90163409 5403025.43074915 -17917.6479099731, 1769044.25743795 5414127.3465119 -20262.5843384073, 1757804.14475698 5404194.57917751 -20262.5843384073))",2d_linear_centroids_interior,175.01681544633843,-41.50146102022555
15,6,175.00577453256923,-41.40820188295314,174.88937053332845,-41.51104047669559,20.237812987559654,22.952839462726804,21.11163463361544,"POLYGON Z ((1746654.90293096 5412601.167691 -22952.8394627268, 1757668.84132021 5402786.80105851 -20237.8129875597, 1767648.03660541 5413985.71446383 -20237.8129875597, 1756634.09821616 5423800.08109633 -22952.8394627268, 1746654.90293096 5412601.167691 -22952.8394627268))",2d_linear_centroids_interior,174.88043837063304,-41.416554611961736
15,7,174.8691475299256,-41.31868109738759,174.7597655737265,-41.42571706410581,22.93446069589851,26.382585372295985,19.56298541342248,"POLYGON Z ((1735666.64941784 5421633.2051771 -26382.585372296, 1747045.54425754 5412488.19624091 -22934.4606958985, 1756442.19389782 5424180.20101075 -22934.4606958985, 1745063.29905811 5433325.20994694 -26382.585372296, 1735666.64941784 5421633.2051771 -26382.585372296))",2d_linear_centroids_interior,174.74539920672746,-41.33209534114304
15,8,174.73363280997498,-41.22867110676255,174.63373431049527,-41.34078492209051,26.408813629552256,30.590022315565584,14.446888875387204,"POLYGON Z ((1724893.97025266 5430390.08331224 -30590.0223155656, 1736691.82739282 5422124.00438541 -26408.8136295523, 1745299.05821634 5434408.77453185 -26408.8136295523, 1733501.20107618 5442674.85345867 -30590.0223155656, 1724893.97025266 5430390.08331224 -30590.0223155656))",2d_linear_centroids_interior,174.612393955486,-41.24853201321164
15,9,174.6022989654577,-41.14802924960222,174.49869190994002,-41.25814992288162,30.632035754618997,35.90591764639735,8.423836148910473,"POLYGON Z ((1714251.21051499 5439838.78904157 -35905.9176463973, 1725551.1214143 5431502.23199088 -30632.035754619, 1734456.24108436 5443572.80959355 -30632.035754619, 1723156.33018505 5451909.36664423 -35905.9176463973, 1714251.21051499 5439838.78904157 -35905.9176463973))",2d_linear_centroids_interior,174.4823273978679,-41.166453159405584
15,10,174.4708580105398,-41.05947624474625,174.37897680383819,-41.175334263122096,35.70026533958215,41.525930748412414,3.2608058517486413,"POLYGON Z ((1703931.49936016 5448164.66489206 -41525.9307484124, 1715667.69557475 5440862.38299139 -35700.2653395822, 1723592.03597444 5453598.34896299 -35700.2653395822, 1711855.83975985 5460900.63086366 -41525.9307484124, 1703931.49936016 5448164.66489206 -41525.9307484124))",2d_linear_centroids_interior,174.35440355340612,-41.08537672933928
15,11,174.34688389399815,-40.98287838571067,174.25078441130267,-41.09671410155609,41.80430337471274,48.46719851193169,1.524726458967705,"POLYGON Z ((1693825.62604661 5457158.41675165 -48467.1985119317, 1705040.12102021 5449752.95046805 -41804.3033747127, 1713305.78578354 5462270.09015811 -41804.3033747127, 1702091.29080993 5469675.5564417 -48467.1985119317, 1693825.62604661 5457158.41675165 -48467.1985119317))",2d_linear_centroids_interior,174.23155711776974,-41.007191154008254
16,0,176.01605021343917,-41.901552413252055,175.8493691533598,-41.953828543194504,3.1308154289030505,7.0869791939439635,1.132406472656176,"POLYGON Z ((1831015.99866667 5364946.64989359 -7086.97919394396, 1836158.98370876 5351422.65369716 -3130.81542890305, 1850179.40597903 5356754.42257468 -3130.81542890305, 1845036.42093694 5370278.41877111 -7086.97919394396, 1831015.99866667 5364946.64989359 -7086.97919394396))",2d_linear_centroids_interior,175.89901564454524,-41.86768139787228
16,1,175.8796769789074,-41.82241441799932,175.7112186835009,-41.87102568614527,6.885521033427035,10.800498086618006,3.2462330455625428,"POLYGON Z ((1820227.91955255 5374660.47121314 -10800.498086618, 1824998.82137779 5360988.91495765 -6885.52103342704, 1839161.25884416 5365931.11740304 -6885.52103342704, 1834390.35701892 5379602.67365852 -10800.498086618, 1820227.91955255 5374660.47121314 -10800.498086618))",2d_linear_centroids_interior,175.76413246414725,-41.78594784722509
16,2,175.7461939843156,-41.731986047081534,175.58402267741917,-41.79104903323133,9.899709861461396,13.147682196734117,7.99242941247772,"POLYGON Z ((1808714.98455559 5383556.1903218 -13147.6821967341, 1814709.55397106 5370195.20932367 -9899.7098614614, 1828395.21868271 5376335.45210392 -9899.7098614614, 1822400.64926723 5389696.43310205 -13147.6821967341, 1808714.98455559 5383556.1903218 -13147.6821967341))",2d_linear_centroids_interior,175.62667629215045,-41.702267249920574
16,3,175.60978835962453,-41.646090884654015,175.44993161168034,-41.7083083206712,12.638116493279995,14.981645066093137,17.591423648024136,"POLYGON Z ((1797391.37031235 5393053.02164634 -14981.6450660931, 1803828.71757957 5379708.79315647 -12638.11649328, 1817338.85221924 5386226.17468726 -12638.11649328, 1810901.50495203 5399570.40317712 -14981.6450660931, 1797391.37031235 5393053.02164634 -14981.6450660931))",2d_linear_centroids_interior,175.4889532638744,-41.61803050980747
16,4,175.4769855268578,-41.54723741235942,175.3324961306147,-41.62766917138767,15.245476401476349,17.28266902410697,21.654634341826355,"POLYGON Z ((1785784.99415126 5401113.45433542 -17282.669024107, 1794300.16933346 5388933.89614004 -15245.4764014763, 1806593.63247139 5397528.70643907 -15245.4764014763, 1798078.45728919 5409708.26463446 -17282.669024107, 1785784.99415126 5401113.45433542 -17282.669024107))",2d_linear_centroids_interior,175.351760272852,-41.533725213353776
16,5,175.34026154300727,-41.446646835390034,175.21535562816197,-41.543703341855604,17.03291592561769,18.98806747653928,22.615916786537273,"POLYGON Z ((1774369.18419506 5409133.50797774 -18988.0674765393, 1784780.98513881 5398514.10199056 -17032.9159256177, 1795491.76581934 5409015.49128977 -17032.9159256177, 1785079.96487559 5419634.89727696 -18988.0674765393, 1774369.18419506 5409133.50797774 -18988.0674765393))",2d_linear_centroids_interior,175.21390587688043,-41.44861770256665
16,6,175.2019167618727,-41.351821670571205,175.09100713915248,-41.45797479533621,19.012972921509682,21.211452180586175,21.72526250595245,"POLYGON Z ((1763207.61036558 5417751.08844232 -21211.4521805862, 1774638.88230228 5408291.02972914 -19012.9729215097, 1784202.2154543 5419847.09562647 -19012.9729215097, 1772770.9435176 5429307.15433965 -21211.4521805862, 1763207.61036558 5417751.08844232 -21211.4521805862))",2d_linear_centroids_interior,175.0768155198461,-41.36358751322143
16,7,175.0642207850526,-41.26165670912904,174.9613604407483,-41.37224507139247,21.31023140524866,24.073154418854493,20.27984977917798,"POLYGON Z ((1752154.40908209 5426805.39851792 -24073.1544188545, 1764025.99339939 5418062.87358413 -21310.2314052487, 1772920.7091888 5430141.1197741 -21310.2314052487, 1761049.1248715 5438883.6447079 -24073.1544188545, 1752154.40908209 5426805.39851792 -24073.1544188545))",2d_linear_centroids_interior,174.94078821209746,-41.278827050983374
16,8,174.92865617192135,-41.17773644152955,174.82452155561484,-41.287581667772386,23.99001844413075,27.660637677893515,15.856079978117727,"POLYGON Z ((1741137.85424482 5436430.1046426 -27660.6376778935, 1752779.55954108 5427712.46435203 -23990.0184441308, 1761770.55454893 5439719.21281983 -23990.0184441308, 1750128.84925266 5448436.85311039 -27660.6376778935, 1741137.85424482 5436430.1046426 -27660.6376778935))",2d_linear_centroids_interior,174.80613029482242,-41.19453672389262
16,9,174.79503901200965,-41.09385945954923,174.69113417314796,-41.20376555304089,27.612756553079844,32.10691278667143,11.101535904457766,"POLYGON Z ((1730316.2233902 5445795.94962543 -32106.9127866714, 1741790.81725232 5437243.97585048 -27612.7565530798, 1750754.57125138 5449271.07501213 -27612.7565530798, 1739279.97738926 5457823.04878708 -32106.9127866714, 1730316.2233902 5445795.94962543 -32106.9127866714))",2d_linear_centroids_interior,174.67380775055875,-41.11133605668332
16,10,174.66445933741835,-41.012792392999145,174.55842575118567,-41.121465196853975,32.122788074861155,37.4113817745668,5.408327629977613,"POLYGON Z ((1719691.58636177 5455134.29952138 -37411.3817745668, 1730827.29403621 5446588.72807947 -32122.7880748612, 1739959.2820689 5458488.59339682 -32122.7880748612, 1728823.57439446 5467034.16483873 -37411.3817745668, 1719691.58636177 5455134.29952138 -37411.3817745668))",2d_linear_centroids_interior,174.54433927530332,-41.029572084653026
16,11,174.534949979664,-40.92766293313786,174.43533607647677,-41.03970395307395,37.33940367687882,43.25534253712983,2.4433923457522426,"POLYGON Z ((1709344.25955127 5463738.31546749 -43255.3425371298, 1720643.25956914 5455843.1102138 -37339.4036768788, 1729234.89772192 5468138.79050615 -37339.4036768788, 1717935.89770405 5476033.99575984 -43255.3425371298, 1709344.25955127 5463738.31546749 -43255.3425371298))",2d_linear_centroids_interior,174.4172867889884,-40.94898905154168
16,12,174.40832214709374,-40.84516486256301,174.3134283916301,-40.95948541538259,43.23345346958394,49.751608277070964,1.5754387626560784,"POLYGON Z ((1699212.17624014 5472286.39410782 -49751.608277071, 1710530.3313993 5464909.87584384 -43233.4534695839, 1718720.5406282 5477476.51711296 -43233.4534695839, 1707402.38546904 5484853.03537695 -49751.608277071, 1699212.17624014 5472286.39410782 -49751.608277071))",2d_linear_centroids_interior,174.29309699051043,-40.869890862460174
18,0,176.21157638536857,-41.84506028245902,176.04582716098517,-41.89868091157601,3.028018910193145,6.7442769237306655,1.0651747530327134,"POLYGON Z ((1847378.57313659 5370524.23817417 -6744.27692373067, 1852660.96833581 5356985.93224854 -3028.01891019315, 1866634.92838861 5362438.31158629 -3028.01891019315, 1861352.53318939 5375976.61751192 -6744.27692373067, 1847378.57313659 5370524.23817417 -6744.27692373067))",2d_linear_centroids_interior,176.09401970739253,-41.811881620976706
18,1,176.07788264835486,-41.76014332850066,175.91517394529413,-41.81843171937673,6.678956473452178,10.347930496881519,3.8062912978885355,"POLYGON Z ((1836306.13673178 5379603.66160162 -10347.9304968815, 1842124.63236932 5366273.8552215 -6678.95647345218, 1855872.02248314 5372274.62726003 -6678.95647345218, 1850053.5268456 5385604.43364015 -10347.9304968815, 1836306.13673178 5379603.66160162 -10347.9304968815))",2d_linear_centroids_interior,175.958842895309,-41.7302719473731
18,2,175.943968961142,-41.66741618949273,175.7907920136785,-41.73848741492096,9.508627402730527,12.345400654113874,7.82038563281697,"POLYGON Z ((1824749.03224402 5388268.7775923 -12345.4006541139, 1832081.25286652 5375494.14420174 -9508.62740273053, 1845090.64957754 5382961.11127113 -9508.62740273053, 1837758.42895504 5395735.74466169 -12345.4006541139, 1824749.03224402 5388268.7775923 -12345.4006541139))",2d_linear_centroids_interior,175.82090254862234,-41.64660488251108
18,3,175.80929368400768,-41.57291970562767,175.66875330779595,-41.65722736273436,12.518398107952406,14.648990251730861,18.18255297268996,"POLYGON Z ((1813313.45441351 5396725.56552682 -14648.9902517309, 1822211.46423476 5384839.18683785 -12518.3981079524, 1834219.59341914 5393828.33771494 -12518.3981079524, 1825321.58359789 5405714.71640392 -14648.9902517309, 1813313.45441351 5396725.56552682 -14648.9902517309))",2d_linear_centroids_interior,175.68351227118646,-41.5628799436394
18,4,175.6711495767558,-41.468853922054784,175.55676556000628,-41.57298760563845,14.526143225769848,16.16992677859355,23.634599910943933,"POLYGON Z ((1801957.94665714 5404310.8387791 -16169.9267785935, 1813163.53889035 5394475.56154181 -14526.1432257698, 1823058.40931724 5405749.04987662 -14526.1432257698, 1811852.81708402 5415584.32711391 -16169.9267785935, 1801957.94665714 5404310.8387791 -16169.9267785935))",2d_linear_centroids_interior,175.5451853202633,-41.47818850213224
18,5,175.52861772017627,-41.366890573486906,175.44147107752315,-41.48493338458177,16.257183282872816,17.893750466367223,23.37995378755857,"POLYGON Z ((1791006.54332855 5412144.09762388 -17893.7504663672, 1803826.82623288 5404530.82013604 -16257.1832828728, 1811485.82574502 5417428.09606831 -16257.1832828728, 1798665.54284069 5425041.37355615 -17893.7504663672, 1791006.54332855 5412144.09762388 -17893.7504663672))",2d_linear_centroids_interior,175.40717141206687,-41.39329207406258
18,6,175.38897635065757,-41.27783510054326,175.30872046075507,-41.39858363627417,17.80150110020205,19.71459457536643,22.12138722543054,"POLYGON Z ((1779882.63771576 5421443.85652206 -19714.5945753664, 1792999.17092858 5414422.70064626 -17801.5011002021, 1800078.13729874 5427647.23221188 -17801.5011002021, 1786961.60408592 5434668.38808768 -19714.5945753664, 1779882.63771576 5421443.85652206 -19714.5945753664))",2d_linear_centroids_interior,175.26946787909682,-41.30819076167381
18,7,175.25307128492446,-41.19607179721875,175.16711257184087,-41.31453483733698,19.692087020359672,22.086715796122682,20.375566642694192,"POLYGON Z ((1768591.14863907 5431500.34160317 -22086.7157961227, 1781393.9386845 5424060.29321093 -19692.0870203597, 1788930.64542749 5437029.41235874 -19692.0870203597, 1776127.85538206 5444469.46075099 -22086.7157961227, 1768591.14863907 5431500.34160317 -22086.7157961227))",2d_linear_centroids_interior,175.13268409703542,-41.22326553170615
18,8,175.12014111162702,-41.12253521436003,175.0155824971048,-41.23209281583124,22.022525406310056,25.286489318370503,16.998574596393883,"POLYGON Z ((1757253.7705987 5442361.88126784 -25286.4893183705, 1768922.19225921 5433519.11724671 -22022.5254063101, 1777982.0432808 5445473.99489001 -22022.5254063101, 1766313.6216203 5454316.75891115 -25286.4893183705, 1757253.7705987 5442361.88126784 -25286.4893183705))",2d_linear_centroids_interior,174.99718128598985,-41.13874919344144
18,9,174.98675187588495,-41.043889390146596,174.8739905182442,-41.148624177481494,25.267035799110694,29.325898740507547,12.41847549226608,"POLYGON Z ((1746262.82731285 5452416.52814076 -29325.8987405075, 1757254.72630499 5443051.49807303 -25267.0357991107, 1766982.66247839 5454469.34628565 -25267.0357991107, 1755990.76348625 5463834.37635338 -29325.8987405075, 1746262.82731285 5452416.52814076 -29325.8987405075))",2d_linear_centroids_interior,174.86381528269123,-41.0551892249885
18,10,174.8550733545282,-40.96568121796689,174.73514878107162,-41.06566748562916,29.283489439901857,34.185746332116956,7.056419827739642,"POLYGON Z ((1735492.1756171 5462248.95011348 -34185.746332117, 1745786.83632209 5452502.77966906 -29283.4894399019, 1756099.28828429 5463395.59080886 -29283.4894399019, 1745804.62757929 5473141.76125328 -34185.746332117, 1735492.1756171 5462248.95011348 -34185.746332117))",2d_linear_centroids_interior,174.7328170210336,-40.97274842453556
18,11,174.72542303885362,-40.88176560212241,174.60881775051027,-40.983892049109464,34.20665403944382,39.5780359119128,3.958895868164849,"POLYGON Z ((1724928.55646098 5471152.7792528 -39578.0359119128, 1735339.49295917 5461784.71338994 -34206.6540394438, 1745372.91240082 5472935.07187333 -34206.6540394438, 1734961.97590263 5482303.13773618 -39578.0359119128, 1724928.55646098 5471152.7792528 -39578.0359119128))",2d_linear_centroids_interior,174.60433748723537,-40.89154125706949
18,12,174.59769447191624,-40.79899183432407,174.48416909051872,-40.90301469752163,39.62966132871678,45.463342106841075,2.3996437635593337,"POLYGON Z ((1714522.09628435 5479952.34002027 -45463.3421068411, 1725005.70071221 5470948.88475137 -39629.6613287168, 1734778.52248773 5482328.33792558 -39629.6613287168, 1724294.91805986 5491331.79319448 -45463.3421068411, 1714522.09628435 5479952.34002027 -45463.3421068411))",2d_linear_centroids_interior,174.47790934973753,-40.81129022811439
19,0,176.38829587684032,-41.784285389074654,176.21930448884052,-41.83154627344947,3.039255125781666,6.511478159469562,1.252499427003804,"POLYGON Z ((1862752.95677319 5377770.16731948 -6511.47815946956, 1867332.91694609 5363914.92888707 -3039.25512578167, 1881574.97981153 5368622.75697836 -3039.25512578167, 1876995.01963863 5382477.99541077 -6511.47815946956, 1862752.95677319 5377770.16731948 -6511.47815946956))",2d_linear_centroids_interior,176.27313772721226,-41.746439923592966
19,1,176.25869749646,-41.687632493819464,176.10268009918036,-41.75515877767859,6.720627660053162,10.004807513752171,3.7620668565556272,"POLYGON Z ((1851105.67467937 5385689.16317279 -10004.8075137522, 1857953.70631029 5372753.99307455 -6720.62766005316, 1871210.52488494 5379772.30920299 -6720.62766005316, 1864362.49325402 5392707.47930123 -10004.8075137522, 1851105.67467937 5385689.16317279 -10004.8075137522))",2d_linear_centroids_interior,176.13679804510423,-41.66438533923082
19,2,176.12404472528155,-41.59549204218886,175.97832324907836,-41.67470234484577,9.651333510712094,12.102693050818733,7.41792068808412,"POLYGON Z ((1839669.83467307 5394336.84088721 -12102.6930508187, 1847923.01948274 5382053.6907659 -9651.33351071209, 1860373.55546091 5390419.34398941 -9651.33351071209, 1852120.37065125 5402702.49411072 -12102.6930508187, 1839669.83467307 5394336.84088721 -12102.6930508187))",2d_linear_centroids_interior,175.99919063068467,-41.581179865497795
19,3,175.98629717706405,-41.48549908548253,175.8751194119768,-41.59156768582068,11.94137537930707,13.722297188190215,16.82754294633367,"POLYGON Z ((1828257.57388506 5401183.47376681 -13722.2971881902, 1839639.2207883 5391576.89106116 -11941.3753793071, 1849314.23680152 5403039.6160925 -11941.3753793071, 1837932.58989828 5412646.19879815 -13722.2971881902, 1828257.57388506 5401183.47376681 -13722.2971881902))",2d_linear_centroids_interior,175.86071023736932,-41.497052147953795
19,4,175.84071834692384,-41.379359088321415,175.76550538878476,-41.50194706544589,13.678474492461843,15.207947552500228,22.537555017838994,"POLYGON Z ((1817482.91115974 5408516.9829671 -15207.9475525002, 1830820.90485404 5401826.79340556 -13678.4744924618, 1837546.14637368 5415234.6689458 -13678.4744924618, 1824208.15267938 5421924.85850734 -15207.9475525002, 1817482.91115974 5408516.9829671 -15207.9475525002))",2d_linear_centroids_interior,175.7221485211544,-41.412478078758184
19,5,175.6964114108039,-41.28452714289418,175.64040917253985,-41.412795925621026,15.143992637336414,16.706798313607493,22.394026318387656,"POLYGON Z ((1806660.22412732 5417148.42646358 -16706.7983136075, 1820681.13591874 5412052.18559845 -15143.9926373364, 1825805.26371895 5426149.82065853 -15143.9926373364, 1811784.35192753 5431246.06152365 -16706.7983136075, 1806660.22412732 5417148.42646358 -16706.7983136075))",2d_linear_centroids_interior,175.58381611401649,-41.327646940175114
19,6,175.5589862980885,-41.2005989530558,175.5009420833171,-41.328342448270526,16.638125845328474,18.347381495985594,21.503588274971403,"POLYGON Z ((1795344.37970571 5427016.89998314 -18347.3814959856, 1809294.42829179 5421775.27909197 -16638.1258453285, 1814570.41462272 5435816.78785121 -16638.1258453285, 1800620.36603664 5441058.40874238 -18347.3814959856, 1795344.37970571 5427016.89998314 -18347.3814959856))",2d_linear_centroids_interior,175.44591867469114,-41.24268676680277
19,7,175.4248970471211,-41.1217933332917,175.3547952270479,-41.24602860980648,18.17033375078287,20.444840642393835,19.782093220499586,"POLYGON Z ((1783836.87376228 5437443.46657331 -20444.8406423938, 1797311.00722223 5431256.84019835 -18170.3337507829, 1803570.0080386 5444888.60122841 -18170.3337507829, 1790095.87457865 5451075.22760337 -20444.8406423938, 1783836.87376228 5437443.46657331 -20444.8406423938))",2d_linear_centroids_interior,175.30863665703276,-41.157712329786015
19,8,175.29573095396736,-41.05580664167508,175.19362607228206,-41.166613785321374,20.519057754120713,23.556036643134643,17.262109491450644,"POLYGON Z ((1772197.04059357 5449133.99163288 -23556.0366431346, 1784028.0414412 5440427.43214184 -20519.0577541207, 1792918.7320616 5452508.64153048 -20519.0577541207, 1781087.73121397 5461215.20102153 -23556.0366431346, 1772197.04059357 5449133.99163288 -23556.0366431346))",2d_linear_centroids_interior,175.17302428897355,-41.07338505920275
19,9,175.16210215476832,-40.97996337779717,175.0471623400518,-41.083252615423234,23.406291047416524,27.412847150460145,12.987873525563801,"POLYGON Z ((1761131.77500183 5459560.22402306 -27412.8471504601, 1771957.72847143 5449981.7982825 -23406.2910474165, 1781897.28018237 5461215.91203417 -23406.2910474165, 1771071.32671277 5470794.33777473 -27412.8471504601, 1761131.77500183 5459560.22402306 -27412.8471504601))",2d_linear_centroids_interior,175.03899519973882,-40.98966421269092
19,10,175.03000915531885,-40.899892333132776,174.91090831465556,-41.00035221005342,27.401721985659556,32.09903692888727,8.062336851632057,"POLYGON Z ((1750336.4653006 5469204.77239617 -32099.0369288873, 1760713.66631586 5459445.21649373 -27401.7219856596, 1770990.10389446 5470372.0106573 -27401.7219856596, 1760612.9028792 5480131.56655975 -32099.0369288873, 1750336.4653006 5469204.77239617 -32099.0369288873))",2d_linear_centroids_interior,174.90762620190418,-40.90723941781014
19,11,174.90031350042423,-40.82485488019909,174.77171783000918,-40.918233445551024,32.08876863683448,37.46994022096776,5.785068327183678,"POLYGON Z ((1739727.36445692 5479127.14227555 -37469.9402209678, 1749191.595935 5468808.64844595 -32088.7686368345, 1760245.91272857 5478947.78451503 -32088.7686368345, 1750781.68125049 5489266.27834463 -37469.9402209678, 1739727.36445692 5479127.14227555 -37469.9402209678))",2d_linear_centroids_interior,174.7786877095453,-40.8259869207979
19,12,174.7732076073246,-40.741747425906425,174.64857620307941,-40.8380681217171,37.63639190462774,43.04102832142124,4.045955490402928,"POLYGON Z ((1729206.16188739 5487914.82928789 -43041.0283214212, 1738989.37205803 5477910.8948639 -37636.3919046277, 1749713.6224953 5488398.52817931 -37636.3919046277, 1739930.41232466 5498402.46260331 -43041.0283214212, 1729206.16188739 5487914.82928789 -43041.0283214212))",2d_linear_centroids_interior,174.65186617746116,-40.74572692735821
19,13,174.64560603020365,-40.66050511885528,174.5214258365015,-40.75705787794406,42.93394129042184,48.46818599194586,4.033107000864479,"POLYGON Z ((1718638.79995666 5497027.6419676 -48468.1859919459, 1728425.16693 5487097.93114368 -42933.9412904218, 1739108.60057433 5497627.14030521 -42933.9412904218, 1729322.23360099 5507556.85112914 -48468.1859919459, 1718638.79995666 5497027.6419676 -48468.1859919459))",2d_linear_centroids_interior,174.5246346121729,-40.66486640303247
20,0,176.55936397569187,-41.719779426874,176.38783271035348,-41.761147417605066,4.405853443045606,7.434575238308102,1.3778501561802154,"POLYGON Z ((1877703.28623839 5385348.04213616 -7434.5752383081, 1881637.8124875 5371193.66657657 -4405.85344304561, 1896089.85542799 5375210.93615256 -4405.85344304561, 1892155.32917888 5389365.31171215 -7434.5752383081, 1877703.28623839 5385348.04213616 -7434.5752383081))",2d_linear_centroids_interior,176.4466082670242,-41.677577352540155
20,1,176.4266226396923,-41.625707310374835,176.26361585193197,-41.682925342842935,6.652849363073036,9.336865536950784,2.3499390868540253,"POLYGON Z ((1865907.39989388 5393878.62626046 -9336.86553695078, 1871639.73682656 5380279.49502098 -6652.84936307304, 1885461.94461411 5386105.86369089 -6652.84936307304, 1879729.60768143 5399704.99493037 -9336.86553695078, 1865907.39989388 5393878.62626046 -9336.86553695078))",2d_linear_centroids_interior,176.30766241397018,-41.59419698300921
20,2,176.29530494007685,-41.518826991407586,176.15738788356205,-41.605387183338294,9.269496482158177,11.328161848736826,6.887809104009362,"POLYGON Z ((1854017.88410872 5400968.68939984 -11328.1618487368, 1863112.63497609 5389219.33181873 -9269.49648215818, 1874974.23626838 5398400.96646528 -9269.49648215818, 1865879.48540101 5410150.32404639 -11328.1618487368, 1854017.88410872 5400968.68939984 -11328.1618487368))",2d_linear_centroids_interior,176.16935837865478,-41.51080843729182
20,3,176.153564405506,-41.40446803753135,176.05949410399933,-41.519437021817986,11.31211789003834,12.744551286305423,14.661831359935011,"POLYGON Z ((1842865.79414212 5407335.53333252 -12744.5512863054, 1855292.39975784 5399057.39299567 -11312.1178900383, 1863608.54608153 5411541.05072579 -11312.1178900383, 1851181.94046581 5419819.19106264 -12744.5512863054, 1842865.79414212 5407335.53333252 -12744.5512863054))",2d_linear_centroids_interior,176.03054079271726,-41.426714681383224
20,4,176.0018885707966,-41.295514078630845,175.95333464554682,-41.42547576935239,12.79551283363209,14.15870038361339,19.15006924862866,"POLYGON Z ((1832558.02444951 5414337.96508068 -14158.7003836134, 1846789.66014391 5409798.99326256 -12795.5128336321, 1851347.4926082 5424089.76522308 -12795.5128336321, 1837115.85691381 5428628.7370412 -14158.7003836134, 1832558.02444951 5414337.96508068 -14158.7003836134))",2d_linear_centroids_interior,175.891764975863,-41.342249141122814
20,5,175.85706950436878,-41.20347030237838,175.8242422617583,-41.336202451638215,13.879407250125507,15.34253627453758,21.353148140247434,"POLYGON Z ((1821746.69469641 5423288.49058987 -15342.5362745376, 1836324.44209882 5420071.57683143 -13879.4072501255, 1839556.76948267 5434719.17252777 -13879.4072501255, 1824979.02208026 5437936.08628622 -15342.5362745376, 1821746.69469641 5423288.49058987 -15342.5362745376))",2d_linear_centroids_interior,175.75314139312115,-41.25747893003978
20,6,175.7232478093238,-41.123926428021,175.67896573318635,-41.25475132856226,15.241198516598164,16.98629850089162,20.58949326449273,"POLYGON Z ((1810134.00255313 5433638.1788028 -16986.2985008916, 1824446.20842575 5429501.10385731 -15241.1985165982, 1828611.56847142 5443911.1620005 -15241.1985165982, 1814299.3625988 5448048.23694598 -16986.2985008916, 1810134.00255313 5433638.1788028 -16986.2985008916))",2d_linear_centroids_interior,175.61514335888498,-41.172695888053134
20,7,175.59722917543445,-41.05834209264869,175.5159229999357,-41.178576686690306,16.98624378549504,19.036480205236046,19.880243112135304,"POLYGON Z ((1798004.58461733 5445518.14843066 -19036.480205236, 1811030.00565643 5438367.27873689 -16986.243785495, 1818248.62266966 5451516.10257844 -16986.243785495, 1805223.20163056 5458666.97227222 -19036.480205236, 1798004.58461733 5445518.14843066 -19036.480205236))",2d_linear_centroids_interior,175.47789794271384,-41.0879830757042
20,8,175.46329594380913,-40.98256320155542,175.36666769759003,-41.0960837677979,18.79496104368813,21.737014917269256,17.874100950727694,"POLYGON Z ((1786620.68865571 5456184.71822681 -21737.0149172693, 1798758.83734815 5447877.51260006 -18794.9610436881, 1807230.59399174 5460256.09650016 -18794.9610436881, 1795092.4452993 5468563.30212691 -21737.0149172693, 1786620.68865571 5456184.71822681 -21737.0149172693))",2d_linear_centroids_interior,175.3415524154196,-41.00343756325082
20,9,175.33100138439028,-40.91172304553516,175.2143698300603,-41.013829182661,21.82634152898619,25.731847821832407,14.500112840244526,"POLYGON Z ((1775501.08355311 5467107.62032858 -25731.8478218324, 1786199.48356458 5457345.89620878 -21826.3415289862, 1796309.91966037 5468426.4684843 -21826.3415289862, 1785611.5196489 5478188.1926041 -25731.8478218324, 1775501.08355311 5467107.62032858 -25731.8478218324))",2d_linear_centroids_interior,175.20774591074843,-40.92008947958656
20,10,175.19836138654338,-40.83156039129348,175.07759920305614,-40.9307757672197,25.65799465554242,30.468682562910193,9.79883179879219,"POLYGON Z ((1764720.05338059 5476742.19290308 -30468.6825629102, 1774917.45965344 5466849.25667745 -25657.9946555424, 1785362.11847184 5477615.36563878 -25657.9946555424, 1775164.71219899 5487508.30186441 -30468.6825629102, 1764720.05338059 5476742.19290308 -30468.6825629102))",2d_linear_centroids_interior,175.07615730641518,-40.8377579273447
20,11,175.069451936836,-40.75926038579488,174.9368083493026,-40.84919258302516,30.64004860199917,36.08325895887272,7.883992403280066,"POLYGON Z ((1754198.76954106 5486817.91130827 -36083.2589588727, 1763263.80322459 5476178.5210378 -30640.0486019992, 1774681.47191385 5485906.66791694 -30640.0486019992, 1765616.43823033 5496546.05818741 -36083.2589588727, 1754198.76954106 5486817.91130827 -36083.2589588727))",2d_linear_centroids_interior,174.94807168445743,-40.75726973664861
20,12,174.94151634133826,-40.684731821084,174.8017320761403,-40.76803848681292,36.06115984208876,41.57447381399831,6.31500793104801,"POLYGON Z ((1743695.44917052 5496593.33548587 -41574.4738139983, 1752062.15268881 5485430.82495803 -36061.1598420888, 1764064.82538064 5494427.26026613 -36061.1598420888, 1755698.12186235 5505589.77079397 -41574.4738139983, 1743695.44917052 5496593.33548587 -41574.4738139983))",2d_linear_centroids_interior,174.82078677510776,-40.67694355730343
20,13,174.81487237852306,-40.599688712687765,174.68107346645684,-40.68836690762066,41.57102374713205,46.80991843481661,5.966976166654973,"POLYGON Z ((1733034.19396241 5505262.16067427 -46809.9184348166, 1742047.74914262 5494477.45829245 -41571.0237471321, 1753557.25105047 5504096.78081711 -41571.0237471321, 1744543.69587025 5514881.48319893 -46809.9184348166, 1733034.19396241 5505262.16067427 -46809.9184348166))",2d_linear_centroids_interior,174.69351247296672,-40.59628334606508
21,0,176.76664388530608,-41.66155837082783,176.60049725173556,-41.713531208116926,4.526472961080475,7.142689972514821,1.4392433453176863,"POLYGON Z ((1894441.14401887 5389623.95903908 -7142.68997251482, 1899541.14484314 5375762.30689579 -4526.47296108048, 1913618.57115945 5380941.69569264 -4526.47296108048, 1908518.57033518 5394803.34783593 -7142.68997251482, 1894441.14401887 5389623.95903908 -7142.68997251482))",2d_linear_centroids_interior,176.6495038300956,-41.62625051957113
21,1,176.6294310283927,-41.57420139248722,176.46703003718193,-41.63214067838486,6.713874483878231,9.013887209495444,1.6506456448749602,"POLYGON Z ((1882992.72850027 5398894.4593819 -9013.88720949544, 1888799.89913368 5385256.76490313 -6713.87448387823, 1902600.79763011 5391133.43068324 -6713.87448387823, 1896793.6269967 5404771.12516202 -9013.88720949544, 1882992.72850027 5398894.4593819 -9013.88720949544))",2d_linear_centroids_interior,176.5101654656192,-41.54296378609942
21,2,176.49658119902153,-41.47196346367348,176.3537197245888,-41.553743654838556,9.06199939707851,10.653613608748453,4.615560506022863,"POLYGON Z ((1871139.05288008 5406550.76074901 -10653.6136087485, 1879698.627673 5394335.99740437 -9061.99939707851, 1891982.73909983 5402944.16831655 -9061.99939707851, 1883423.16430691 5415158.93166119 -10653.6136087485, 1871139.05288008 5406550.76074901 -10653.6136087485))",2d_linear_centroids_interior,176.37114689172577,-41.45947273406452
21,3,176.356431350039,-41.35933322269565,176.25252813472082,-41.46934954744434,10.520606211860738,11.742665996293672,11.452804262925618,"POLYGON Z ((1859766.07477682 5413151.81676599 -11742.6659962937, 1871611.14390593 5404030.3636356 -10520.6062118607, 1880763.02024306 5415914.94017454 -10520.6062118607, 1868917.95111395 5425036.39330493 -11742.6659962937, 1859766.07477682 5413151.81676599 -11742.6659962937))",2d_linear_centroids_interior,176.23173606716776,-41.375348444968665
21,4,176.2041831088704,-41.246352736799906,176.15129079724395,-41.375326285448864,11.547784972444404,12.636895044178361,17.355955226055432,"POLYGON Z ((1849415.00645439 5419723.86804811 -12636.8950441784, 1863536.26121355 5414783.82723062 -11547.7849724444, 1868489.37526034 5428942.45220762 -11547.7849724444, 1854368.12050118 5433882.49302511 -12636.8950441784, 1849415.00645439 5419723.86804811 -12636.8950441784))",2d_linear_centroids_interior,176.0924844306468,-41.29092170724184
21,5,176.05789299895625,-41.15259751143332,176.02479277477278,-41.285274415765365,12.737928056267368,13.969111899663984,21.218683849155642,"POLYGON Z ((1838719.94960787 5428439.82443575 -13969.111899664, 1853305.13308282 5425160.0974127 -12737.9280562674, 1856595.96391965 5439794.66035128 -12737.9280562674, 1842010.7804447 5443074.38737433 -13969.111899664, 1838719.94960787 5428439.82443575 -13969.111899664))",2d_linear_centroids_interior,175.95381097465827,-41.20644875903567
21,6,175.92321825312456,-41.07246651885553,175.88033216521842,-41.203537762249326,13.992579026855518,15.49867831500736,20.954277936964303,"POLYGON Z ((1827147.18837902 5438711.8251386 -15498.6783150074, 1841507.24472838 5434647.28991581 -13992.5790268555, 1845592.42446248 5449080.28359488 -13992.5790268555, 1831232.36811311 5453144.81881768 -15498.6783150074, 1827147.18837902 5438711.8251386 -15498.6783150074))",2d_linear_centroids_interior,175.81556568922144,-41.12184159706077
21,7,175.79368473071827,-41.00068574484272,175.72475996825534,-41.125234468853044,15.046433729998427,16.97971421966696,20.32726705354259,"POLYGON Z ((1815202.69040601 5449939.87652727 -16979.714219667, 1828733.97854279 5443761.95876256 -15046.4337299984, 1834963.85661025 5457407.05382506 -15046.4337299984, 1821432.56847346 5463584.97158977 -16979.714219667, 1815202.69040601 5449939.87652727 -16979.714219667))",2d_linear_centroids_interior,175.6776924531052,-41.037068379646286
21,8,175.66332764323874,-40.93240620373467,175.56627212145915,-41.04566811644834,17.010426694541913,19.65693952941302,19.540709295403975,"POLYGON Z ((1803551.48037802 5461408.04424484 -19656.939529413, 1815688.43696331 5453000.29456602 -17010.4266945419, 1824230.18585153 5465330.68490576 -17010.4266945419, 1812093.22926625 5473738.43458459 -19656.939529413, 1803551.48037802 5461408.04424484 -19656.939529413))",2d_linear_centroids_interior,175.5413153963242,-40.95282737272514
21,9,175.52997976613378,-40.861684887676624,175.41242554296062,-40.963107675905434,19.568147061662803,23.21382318250168,16.957101801039098,"POLYGON Z ((1792359.16668501 5472448.33904092 -23213.8231825017, 1803010.30905091 5462535.60924922 -19568.1470616628, 1813229.46013296 5473515.9986395 -19568.1470616628, 1802578.31776706 5483428.7284312 -23213.8231825017, 1792359.16668501 5472448.33904092 -23213.8231825017))",2d_linear_centroids_interior,175.40644696447654,-40.869138151287956
21,10,175.3969482312085,-40.78233911764624,175.2742372292453,-40.880086964672785,23.247681849709565,27.85091699189088,12.51393689720002,"POLYGON Z ((1781554.68903061 5482188.45811231 -27850.9169918909, 1791620.3662915 5472064.6066957 -23247.6818497096, 1802257.48573945 5482640.60262281 -23247.6818497096, 1792191.80847856 5492764.45403941 -27850.9169918909, 1781554.68903061 5482188.45811231 -27850.9169918909))",2d_linear_centroids_interior,175.27443808461032,-40.78685649554944
21,11,175.26632065756155,-40.702227171867534,175.14131206856035,-40.798177515216594,27.810826405721052,33.19910575711309,9.834454734993251,"POLYGON Z ((1770948.35934426 5491540.05898672 -33199.1057571131, 1780642.05618213 5481440.61903953 -27810.8264057211, 1791463.81105589 5491827.611937 -27810.8264057211, 1781770.11421803 5501927.05188419 -33199.1057571131, 1770948.35934426 5491540.05898672 -33199.1057571131))",2d_linear_centroids_interior,175.14502671906615,-40.7058408421059
21,12,175.13900562170585,-40.62893119889521,175.00520828336988,-40.717639104046086,33.29981654165831,38.98387737289989,8.43592407013984,"POLYGON Z ((1760497.31008978 5501333.75502695 -38983.8773728999, 1769363.93453907 5490653.19215124 -33299.8165416583, 1780905.21978591 5500234.35778237 -33299.8165416583, 1772038.59533662 5510914.92065808 -38983.8773728999, 1760497.31008978 5501333.75502695 -38983.8773728999))",2d_linear_centroids_interior,175.01827930520253,-40.62615339388286
21,13,175.01196102640912,-40.55275388936728,174.87370728824848,-40.63726546711795,38.85435737999318,44.390354753289245,7.020215469833155,"POLYGON Z ((1749967.30183613 5510886.82054877 -44390.3547532892, 1758446.73125126 5499821.01692333 -38854.3573799932, 1770353.08801976 5508944.53973533 -38854.3573799932, 1761873.65860464 5520010.34336077 -44390.3547532892, 1749967.30183613 5510886.82054877 -44390.3547532892))",2d_linear_centroids_interior,174.8913956966396,-40.54604311439138
21,14,174.88384368968974,-40.47446744045126,174.742943024948,-40.55624276541484,44.08382277796408,48.95285746504552,6.050784213248809,"POLYGON Z ((1739212.43862773 5520510.18264045 -48952.8574650455, 1747566.43986408 5509042.69971877 -44083.8227779641, 1759690.42968029 5517874.9627887 -44083.8227779641, 1751336.42844394 5529342.44571038 -48952.8574650455, 1739212.43862773 5520510.18264045 -48952.8574650455))",2d_linear_centroids_interior,174.76280158713217,-40.4645079553161
22,0,176.9631813143147,-41.58985712467894,176.8091618629588,-41.659514305091314,4.482805655546008,6.93018509515245,1.485753587791893,"POLYGON Z ((1910108.79601182 5394018.96589 -6930.18509515245, 1917169.3600085 5381012.86078788 -4482.80565554601, 1930352.1160344 5388169.32245281 -4482.80565554601, 1923291.55203772 5401175.42755493 -6930.18509515245, 1910108.79601182 5394018.96589 -6930.18509515245))",2d_linear_centroids_interior,176.84046006787048,-41.56769064226879
22,1,176.82512889907238,-41.50304972608735,176.67553778026522,-41.57774593769369,6.812649016946749,8.824218820703846,1.6299340064768424,"POLYGON Z ((1898746.38646792 5403302.30881306 -8824.21882070385, 1906428.76040511 5390576.95154445 -6812.64901694675, 1919270.11134983 5398329.35155441 -6812.64901694675, 1911587.73741264 5411054.70882302 -8824.21882070385, 1898746.38646792 5403302.30881306 -8824.21882070385))",2d_linear_centroids_interior,176.70115938766864,-41.484720632799146
22,2,176.6869525602295,-41.41279296797901,176.54522501559555,-41.49553161831611,8.542246878519478,10.026595003533163,3.0362700396719973,"POLYGON Z ((1887288.23335785 5412326.13779891 -10026.5950035332, 1895937.98283952 5400161.49458391 -8542.24687851948, 1908162.62759377 5408853.90855429 -8542.24687851948, 1899512.8781121 5421018.55176928 -10026.5950035332, 1887288.23335785 5412326.13779891 -10026.5950035332))",2d_linear_centroids_interior,176.56146084064918,-41.40111671038212
22,3,176.54826790888515,-41.31345526762763,176.4265308628114,-41.412481556858566,10.007274595554213,11.030629170097065,8.621790968870753,"POLYGON Z ((1875832.70705452 5420385.96730286 -11030.6291700971, 1886394.0548237 5409783.57706701 -10007.2745955542, 1897021.20575519 5420369.58968174 -10007.2745955542, 1886459.85798601 5430971.97991759 -11030.6291700971, 1875832.70705452 5420385.96730286 -11030.6291700971))",2d_linear_centroids_interior,176.42192364474744,-41.31721156146109
22,4,176.40313567214974,-41.20473565769823,176.31966260887785,-41.32412658558143,10.939074153320977,11.800579449500212,15.162082319495706,"POLYGON Z ((1864871.90696541 5427437.66564849 -11800.5794495002, 1877836.68475121 5419942.84439716 -10939.074153321, 1885343.89798326 5432929.05822139 -10939.074153321, 1872379.12019745 5440423.87947272 -11800.5794495002, 1864871.90696541 5427437.66564849 -11800.5794495002))",2d_linear_centroids_interior,176.28248767819116,-41.2329691902699
22,5,176.2582263976215,-41.109031968516284,176.19553055999282,-41.2354445412395,11.832513947337418,12.769933466567046,21.14688340320508,"POLYGON Z ((1853994.70783908 5435950.25581889 -12769.933466567, 1867808.82836256 5430180.39283892 -11832.5139473374, 1873589.99178328 5444021.56871032 -11832.5139473374, 1859775.87125979 5449791.43169029 -12769.933466567, 1853994.70783908 5435950.25581889 -12769.933466567))",2d_linear_centroids_interior,176.14344936536315,-41.14856986736638
22,6,176.12079807925306,-41.026961802043786,176.05335839219157,-41.15195898206107,12.679076421518623,13.848864593255339,21.628105707966533,"POLYGON Z ((1842581.49985354 5446017.36195407 -13848.8645932553, 1856217.89288997 5439878.9272522 -12679.0764215186, 1862375.07952687 5453556.97728568 -12679.0764215186, 1848738.68649044 5459695.41198755 -13848.8645932553, 1842581.49985354 5446017.36195407 -13848.8645932553))",2d_linear_centroids_interior,176.00478275218907,-41.06400019203671
22,7,175.98736040112743,-40.95295385028936,175.90089308788922,-41.07102597561237,13.784408056387843,15.484331091745737,20.718309787039793,"POLYGON Z ((1830940.61257301 5456967.72228874 -15484.3310917457, 1843721.8918592 5449302.92212943 -13784.4080563878, 1851436.39185883 5462167.07735843 -13784.4080563878, 1838655.11257264 5469831.87751774 -15484.3310917457, 1830940.61257301 5456967.72228874 -15484.3310917457))",2d_linear_centroids_interior,175.86676478636107,-40.97943251067541
22,8,175.8535328828826,-40.88132452182224,175.74641963207532,-40.98919262059486,15.48659155408281,17.84367199095931,20.257740022017355,"POLYGON Z ((1819486.23803342 5468095.00800239 -17843.6719909593, 1831028.33204743 5458809.30729724 -15486.5915540828, 1840430.84445161 5470496.59785105 -15486.5915540828, 1828888.75043759 5479782.29855621 -17843.6719909593, 1819486.23803342 5468095.00800239 -17843.6719909593))",2d_linear_centroids_interior,175.72982516057633,-40.89513657675212
22,9,175.7180265255964,-40.803222106104336,175.60190805798067,-40.90551180198583,17.794435013736674,21.114992428685703,19.595171139441742,"POLYGON Z ((1808362.76412378 5478354.86114322 -21114.9924286857, 1819147.52553419 5468472.41105357 -17794.4350137367, 1829281.39927524 5479531.5522047 -17794.4350137367, 1818496.63786482 5489414.00229435 -21114.9924286857, 1808362.76412378 5478354.86114322 -21114.9924286857))",2d_linear_centroids_interior,175.59436640561216,-40.81137016494273
22,10,175.58439638956776,-40.72666263155994,175.4590024400887,-40.82233085788809,21.18407412203067,25.523174763181018,15.925330757337981,"POLYGON Z ((1797493.85567978 5488478.81632439 -25523.174763181, 1807369.5758221 5478055.65186744 -21184.0741220307, 1818258.26975877 5488372.45100058 -21184.0741220307, 1808382.54961646 5498795.61545752 -25523.174763181, 1797493.85567978 5488478.81632439 -25523.174763181))",2d_linear_centroids_interior,175.46155371330906,-40.728870319516524
22,11,175.4533517078634,-40.647996602250934,175.32375085368213,-40.74025354112086,25.6198122878202,30.979698675217268,12.134514869658318,"POLYGON Z ((1786916.45348494 5497967.6548618 -30979.6986752173, 1796204.27964391 5487479.18961874 -25619.8122878202, 1807434.14246584 5497423.54384618 -25619.8122878202, 1798146.31630686 5507912.00908924 -30979.6986752173, 1786916.45348494 5497967.6548618 -30979.6986752173))",2d_linear_centroids_interior,175.33203173912636,-40.648061235162785
22,12,175.32450022052458,-40.57106930411727,175.1901163001156,-40.659144608931555,30.72470499131881,36.54303344120365,9.439851715023114,"POLYGON Z ((1776401.3490894 5507483.71275933 -36543.0334412036, 1785144.64497177 5496773.81868129 -30724.7049913188, 1796764.28382699 5506259.80797468 -30724.7049913188, 1788020.98794462 5516969.70205271 -36543.0334412036, 1776401.3490894 5507483.71275933 -36543.0334412036))",2d_linear_centroids_interior,175.2041261802863,-40.56791751313053
22,13,175.1991224298259,-40.49290229442196,175.0640301850583,-40.58021520422335,36.67083047635433,42.64183681515761,7.8533347702292415,"POLYGON Z ((1766052.76589667 5516505.39901864 -42641.8368151576, 1774690.63632003 5505793.99024803 -36670.8304763543, 1786367.02498022 5515210.03760646 -36670.8304763543, 1777729.15455686 5525921.44637707 -42641.8368151576, 1766052.76589667 5516505.39901864 -42641.8368151576))",2d_linear_centroids_interior,175.07916578319603,-40.48928924084573
22,14,175.07274108456642,-40.41727773039886,174.9334792686516,-40.500545221343394,42.389549324825175,47.47765832887477,5.887747308573293,"POLYGON Z ((1755391.38542912 5526194.83531171 -47477.6583288748, 1763834.7574411 5514889.05732741 -42389.5493248252, 1775853.08191517 5523864.57273522 -42389.5493248252, 1767409.70990319 5535170.35071952 -47477.6583288748, 1755391.38542912 5526194.83531171 -47477.6583288748))",2d_linear_centroids_interior,174.9519175188983,-40.4088856095638
23,0,177.14027994586164,-41.49942312671627,177.0116912776381,-41.59361039734276,3.8037805416999015,6.291708784911742,1.582869952281259,"POLYGON Z ((1924562.05412572 5398632.25503973 -6291.70878491174, 1934377.05812391 5387565.37157725 -3803.7805416999, 1945599.38207737 5397518.23272788 -3803.7805416999, 1935784.37807918 5408585.11619036 -6291.70878491174, 1924562.05412572 5398632.25503973 -6291.70878491174))",nearest_neighbor_boundary,177.01425859994393,-41.49888237813712
23,1,177.0012013121517,-41.419810129227656,176.86914091404833,-41.51113152368422,6.320890125552878,8.28911327504334,1.6472352812679631,"POLYGON Z ((1913348.58218087 5408661.91789948 -8289.11327504334, 1922904.09475509 5397268.13551268 -6320.89012555288, 1934397.24750379 5406906.9860611 -6320.89012555288, 1924841.73492958 5418300.76844791 -8289.11327504334, 1913348.58218087 5408661.91789948 -8289.11327504334))",2d_linear_centroids_interior,176.87508480160002,-41.416232167505434
23,2,176.86159636709954,-41.3375476454184,176.72859230578482,-41.42796968189256,8.161277027624458,9.609424723182805,2.8033141424462507,"POLYGON Z ((1902062.18254544 5418529.658819 -9609.4247231828, 1911570.91118705 5407019.36134795 -8161.27702762446, 1923135.22792732 5416572.71564531 -8161.27702762446, 1913626.49928571 5428083.01311636 -9609.4247231828, 1902062.18254544 5418529.658819 -9609.4247231828))",2d_linear_centroids_interior,176.73543840456978,-41.33290601202826
23,3,176.72209408872058,-41.25228686113192,176.59140538830772,-41.34448666537006,9.618136403710153,10.634586318447617,7.825619008608982,"POLYGON Z ((1890735.7704666 5428124.98359367 -10634.5863184476, 1900489.9746569 5416774.99107452 -9618.13640371015, 1911866.11610189 5426551.6676992 -9618.13640371015, 1902111.91191159 5437901.66021835 -10634.5863184476, 1890735.7704666 5428124.98359367 -10634.5863184476))",2d_linear_centroids_interior,176.5958534550499,-41.24921985935316
23,4,176.58258922277787,-41.16419364026505,176.45746992295085,-41.260583177198,10.626931597540763,11.410402271420779,13.051761463518226,"POLYGON Z ((1879389.45516152 5437458.16554366 -11410.4022714208, 1889653.45781048 5426547.78409638 -10626.9315975408, 1900578.75217572 5436825.81615669 -10626.9315975408, 1890314.74952675 5447736.19760398 -11410.4022714208, 1879389.45516152 5437458.16554366 -11410.4022714208))",2d_linear_centroids_interior,176.45638624360635,-41.16520726099061
23,5,176.44323442750033,-41.07891142136693,176.31967269832887,-41.17634113334596,11.403250536749235,12.178800081229673,19.17543331495061,"POLYGON Z ((1868063.80771407 5447132.86739288 -12178.8000812297, 1878465.13105871 5436352.74700467 -11403.2505367492, 1889259.68927903 5446768.00085795 -11403.2505367492, 1878858.36593439 5457548.12124616 -12178.8000812297, 1868063.80771407 5447132.86739288 -12178.8000812297))",2d_linear_centroids_interior,176.31720405258176,-41.08096975477494
23,6,176.30410691769882,-40.99144346130878,176.18487754108347,-41.09182169057194,12.18820956692155,13.182817556594312,22.639561970973826,"POLYGON Z ((1856751.27397291 5456575.65532459 -13182.8175565943, 1867499.9861238 5446160.47687945 -12188.2095669216, 1877938.136265 5456932.89636765 -12188.2095669216, 1867189.42411411 5467348.07481279 -13182.8175565943, 1856751.27397291 5456575.65532459 -13182.8175565943))",2d_linear_centroids_interior,176.1784389714271,-40.99658934847886
23,7,176.16574774286377,-40.911841791417274,176.03990826497997,-41.00738070649676,13.12695444269584,14.597641807098471,22.101999255083378,"POLYGON Z ((1845467.11232749 5466887.41509141 -14597.6418070985, 1855649.29623994 5455971.36225858 -13126.9544426958, 1866618.19832752 5466202.84245419 -13126.9544426958, 1856436.01441506 5477118.89528702 -14597.6418070985, 1845467.11232749 5466887.41509141 -14597.6418070985))",2d_linear_centroids_interior,176.04020774432297,-40.912140171864145
23,8,176.0279396293279,-40.829278843865865,175.89964817561557,-40.9228128021788,14.58376775048107,16.84004259841197,21.753801952119176,"POLYGON Z ((1834259.46623366 5476799.07576515 -16840.042598412, 1844164.09754877 5465762.43214843 -14583.7677504811, 1855327.75636818 5475781.05090373 -14583.7677504811, 1845423.12505307 5486817.69452044 -16840.042598412, 1834259.46623366 5476799.07576515 -16840.042598412))",2d_linear_centroids_interior,175.90297110868923,-40.827909313381916
23,9,175.891227070843,-40.74499930355347,175.763055610861,-40.838514223889014,16.691915345827915,19.74166197186525,21.411828806121367,"POLYGON Z ((1823132.63848574 5486411.70719567 -19741.6619718652, 1832956.67871672 5475494.41453416 -16691.9153458279, 1844106.86440854 5485528.02599952 -16691.9153458279, 1834282.82417756 5496445.31866104 -19741.6619718652, 1823132.63848574 5486411.70719567 -19741.6619718652))",2d_linear_centroids_interior,175.7669927221228,-40.74406727744414
23,10,175.75668159444567,-40.66025328182303,175.6304296328808,-40.75515573610842,19.88020212506749,23.928181755896492,18.625219017671476,"POLYGON Z ((1812221.20687869 5495675.64337688 -23928.1817558965, 1822051.44163661 5485093.56676061 -19880.2021250675, 1833041.26166094 5495302.57532328 -19880.2021250675, 1823211.02690302 5505884.65193956 -23928.1817558965, 1812221.20687869 5495675.64337688 -23928.1817558965))",2d_linear_centroids_interior,175.6336003080781,-40.661448030687815
23,11,175.624242249096,-40.57686947218869,175.49933474307977,-40.672692445505085,23.88570027122971,29.02333586218666,15.258969647792757,"POLYGON Z ((1801538.90208245 5504790.25462988 -29023.3358621867, 1811244.46656009 5494572.29403566 -23885.7002712297, 1822120.25425052 5504902.69780864 -23885.7002712297, 1812414.68977288 5515120.65840285 -29023.3358621867, 1801538.90208245 5504790.25462988 -29023.3358621867))",2d_linear_centroids_interior,175.50279470329036,-40.58007273584991
23,12,175.4960646815331,-40.49848579655916,175.36882536608178,-40.59240459103962,29.13962607055195,34.98293622096085,12.077768099542514,"POLYGON Z ((1791124.09457669 5513980.88395146 -34982.9362209609, 1800452.90831108 5503791.23426194 -29139.626070552, 1811516.54523596 5513920.19955927 -29139.626070552, 1802187.73150157 5524109.84924879 -34982.9362209609, 1791124.09457669 5513980.88395146 -34982.9362209609))",2d_linear_centroids_interior,175.37583210169132,-40.5007482498983
23,13,175.36936676438063,-40.41949370856723,175.24166883806964,-40.51294144730744,34.783751739257326,40.71075298332194,8.522491684777654,"POLYGON Z ((1780646.5111877 5523089.7273898 -40710.7529833219, 1789916.39721439 5512894.63693876 -34783.7517392573, 1801014.61943626 5522985.6955311 -34783.7517392573, 1791744.73340957 5533180.78598214 -40710.7529833219, 1780646.5111877 5523089.7273898 -40710.7529833219))",2d_linear_centroids_interior,175.24940141537502,-40.42142264039604
23,14,175.24405271044492,-40.34513554906764,175.11082261443056,-40.43384249001105,40.73020590449331,46.300151139916416,6.3004596177324235,"POLYGON Z ((1770155.59393234 5532674.81260872 -46300.1511399164, 1779040.23413235 5521949.1947435 -40730.2059044933, 1790591.77459376 5531517.99367379 -40730.2059044933, 1781707.13439376 5542243.61153901 -46300.1511399164, 1770155.59393234 5532674.81260872 -46300.1511399164))",2d_linear_centroids_interior,175.12366071469935,-40.34219925815131
24,0,177.30985815055126,-41.424917199528714,177.1859009382282,-41.522423855572704,3.127601987293833,5.476169638280934,1.582869952281259,"POLYGON Z ((1939092.2414218 5405532.10093038 -5476.16963828093, 1949284.40077074 5394780.16539325 -3127.60198729383, 1960170.59930088 5405099.59762388 -3127.60198729383, 1949978.43995193 5415851.533161 -5476.16963828093, 1939092.2414218 5405532.10093038 -5476.16963828093))",nearest_neighbor_boundary,177.18394734753755,-41.4276262449392
24,1,177.17062022001258,-41.342125598346904,177.04742054477416,-41.44008188376105,5.491663505943947,7.6603793591123575,1.662964470107105,"POLYGON Z ((1927875.57728377 5415182.11506668 -7660.37935911236, 1938155.37839546 5404475.93177605 -5491.66350594395, 1948975.2464722 5414864.89008774 -5491.66350594395, 1938695.44536052 5425571.07337836 -7660.37935911236, 1927875.57728377 5415182.11506668 -7660.37935911236))",2d_linear_centroids_interior,177.04475624577304,-41.34519716418186
24,2,177.03153856177877,-41.261777570222115,176.9053530241882,-41.35745567392682,7.707747454129931,9.27646720097798,1.9816082128437496,"POLYGON Z ((1916612.20024378 5425189.57365494 -9276.46720097798, 1926697.76888271 5414197.73925001 -7707.74745412993, 1937750.21113578 5424338.91868055 -7707.74745412993, 1927664.64249686 5435330.75308548 -9276.46720097798, 1916612.20024378 5425189.57365494 -9276.46720097798))",2d_linear_centroids_interior,176.90543937728006,-41.262300893816935
24,3,176.89177161632978,-41.17332343112506,176.77276392685533,-41.274007400887726,9.250105365206776,10.397589763730872,6.031599172102518,"POLYGON Z ((1905298.83658437 5434396.93954027 -10397.5897637309, 1916007.53325529 5423956.2932401 -9250.10536520678, 1926478.86410333 5434696.46224579 -9250.10536520678, 1915770.16743242 5445137.10854596 -10397.5897637309, 1905298.83658437 5434396.93954027 -10397.5897637309))",2d_linear_centroids_interior,176.76587651197949,-41.178863362463225
24,4,176.75243425371332,-41.09656924422753,176.62414164760858,-41.19042548288206,10.35879038957532,11.210173071745082,10.963408113548706,"POLYGON Z ((1893994.84574528 5444961.57444516 -11210.1730717451, 1903944.14715937 5433768.42703704 -10358.7903895753, 1915155.36798235 5443733.79344567 -10358.7903895753, 1905206.06656826 5454926.9408538 -11210.1730717451, 1893994.84574528 5444961.57444516 -11210.1730717451))",2d_linear_centroids_interior,176.62640066074263,-41.09508203286135
24,5,176.61260824566443,-41.01971788549721,176.4755160508036,-41.10604057457237,11.233327459921677,12.046483261860606,16.99045341613253,"POLYGON Z ((1882748.69215259 5455542.05600529 -12046.4832618606, 1891851.81127204 5443647.8557405 -11233.3274599217, 1903763.5272882 5452764.38038262 -11233.3274599217, 1894660.40816875 5464658.58064741 -12046.4832618606, 1882748.69215259 5455542.05600529 -12046.4832618606))",2d_linear_centroids_interior,176.487210984861,-41.01107718397574
24,6,176.47234458149225,-40.9426025786628,176.32721436986415,-41.020869160089546,11.920656501674253,12.885901714748096,21.391010942752875,"POLYGON Z ((1871559.93281673 5466116.35746412 -12885.9017147481, 1879757.58424765 5453591.70925766 -11920.6565016743, 1892308.24480919 5461806.38633404 -11920.6565016743, 1884110.59337826 5474331.0345405 -12885.9017147481, 1871559.93281673 5466116.35746412 -12885.9017147481))",2d_linear_centroids_interior,176.34833429334105,-40.926866617268914
24,7,176.33398672428387,-40.85738417573214,176.18997986683243,-40.936660467513754,12.899364575392967,14.276473011249932,22.717947066803877,"POLYGON Z ((1860244.38456861 5475781.62763558 -14276.4730112499, 1868558.71419662 5463372.94135569 -12899.364575393, 1881020.02711026 5471722.53299052 -12899.364575393, 1872705.69748225 5484131.21927041 -14276.4730112499, 1860244.38456861 5475781.62763558 -14276.4730112499))",2d_linear_centroids_interior,176.21005289220759,-40.84262446693787
24,8,176.19703913833825,-40.76644115196438,176.0607447677529,-40.85306793603926,14.195125270233591,16.095765179902795,23.00676800071186,"POLYGON Z ((1848868.83334016 5484789.71124805 -16095.7651799028, 1858002.03635964 5473043.55568384 -14195.1252702336, 1869843.63651774 5482250.97148284 -14195.1252702336, 1860710.43349826 5493997.12704705 -16095.7651799028, 1848868.83334016 5484789.71124805 -16095.7651799028))",2d_linear_centroids_interior,176.0724342962509,-40.758396316092806
24,9,176.0605689641405,-40.67812567231126,175.92957293260105,-40.76922434970885,16.193337637105163,18.979922378368318,22.40489609464726,"POLYGON Z ((1837687.7620042 5493942.71472147 -18979.9223783683, 1847254.9713486 5482730.95969202 -16193.3376371052, 1858665.34889321 5492467.65750439 -16193.3376371052, 1849098.13954881 5503679.41253383 -18979.9223783683, 1837687.7620042 5493942.71472147 -18979.9223783683))",2d_linear_centroids_interior,175.93633085684993,-40.67471218822312
24,10,175.92504345310158,-40.59250446253573,175.79651917955084,-40.68550306362877,18.85369001013728,22.567968087583417,19.364221565236658,"POLYGON Z ((1826659.41713077 5503249.80833552 -22567.9680875834, 1836320.16589051 5492392.82570845 -18853.6900101373, 1847526.12904486 5502364.10395064 -18853.6900101373, 1837865.38028513 5513221.08657771 -22567.9680875834, 1826659.41713077 5503249.80833552 -22567.9680875834))",2d_linear_centroids_interior,175.80172806280373,-40.59157500329549
24,11,175.79167266070493,-40.50829097963087,175.66508548268052,-40.60270980683097,22.483974785436295,27.1848493444868,15.540705110934427,"POLYGON Z ((1815851.82654669 5512417.72908474 -27184.8493444868, 1825490.79364524 5501930.01762546 -22483.9747854363, 1836534.86140927 5512080.31649907 -22483.9747854363, 1826895.89431072 5522568.02795834 -27184.8493444868, 1815851.82654669 5512417.72908474 -27184.8493444868))",2d_linear_centroids_interior,175.66968663722278,-40.509656003133465
24,12,175.6612229895747,-40.42036927105239,175.54438880790335,-40.52175230214108,27.26530446002401,32.81255055492705,11.777764905356829,"POLYGON Z ((1805351.60063829 5520732.12443169 -32812.5505549271, 1815537.39431077 5511220.14945148 -27265.304460024, 1825775.17851987 5522183.16794494 -27265.304460024, 1815589.38484739 5531695.14292515 -32812.5505549271, 1805351.60063829 5520732.12443169 -32812.5505549271))",2d_linear_centroids_interior,175.54121696172624,-40.429606352415725
24,13,175.5339871884245,-40.34115081756839,175.4167292937734,-40.44216619315606,32.7651718689118,38.690194669589225,7.867251329511809,"POLYGON Z ((1794918.20029203 5529792.23098437 -38690.1946695892, 1804964.29460824 5520359.83501085 -32765.1718689118, 1815231.62511054 5531295.18705623 -32765.1718689118, 1805185.53079433 5540727.58302975 -38690.1946695892, 1794918.20029203 5529792.23098437 -38690.1946695892))",2d_linear_centroids_interior,175.41475358735636,-40.35047229603231
24,14,175.40892146682995,-40.26428852469632,175.28920350456818,-40.363516579901585,38.72166833975074,44.82324232220255,5.57305695856262,"POLYGON Z ((1784557.73278676 5538940.12955104 -44823.2423222026, 1794374.03239554 5529379.21657542 -38721.6683397507, 1804839.93290221 5540124.67731867 -38721.6683397507, 1795023.63329343 5549685.59029429 -44823.2423222026, 1784557.73278676 5538940.12955104 -44823.2423222026))",2d_linear_centroids_interior,175.28993434508095,-40.272040954670054
24,15,175.28406333808277,-40.19211007866895,175.15550761570285,-40.28452735557017,44.64173722781162,49.94547232910184,3.608109489303521,"POLYGON Z ((1773894.44487498 5548903.51352117 -49945.4723291018, 1783234.71414698 5538433.09022973 -44641.7372278116, 1794428.19841622 5548418.3748984 -44641.7372278116, 1785087.92914422 5558888.79818984 -49945.4723291018, 1773894.44487498 5548903.51352117 -49945.4723291018))",2d_linear_centroids_interior,175.16346641491128,-40.192242599894584
25,0,177.46690048348466,-41.36005898644823,177.32609805411352,-41.44346190174183,2.6742457169398985,5.159390574191953,1.677504575408549,"POLYGON Z ((1952880.7690972 5415047.87673103 -5159.39057419195, 1961424.97053541 5402972.25348327 -2674.2457169399, 1973669.81528195 5411636.18891314 -2674.2457169399, 1965125.61384375 5423711.8121609 -5159.39057419195, 1952880.7690972 5415047.87673103 -5159.39057419195))",nearest_neighbor_boundary,177.341969859391,-41.34948967987255
25,1,177.3280849235728,-41.275938434709026,177.18994424930372,-41.36168952036124,5.150190415265525,7.3081188952393905,1.6744898138978073,"POLYGON Z ((1941626.11471673 5424523.02056994 -7308.11889523939, 1950487.38659419 5412614.14970033 -5150.19041526553, 1962521.43839146 5421568.56745586 -5150.19041526553, 1953660.166514 5433477.43832547 -7308.11889523939, 1941626.11471673 5424523.02056994 -7308.11889523939))",2d_linear_centroids_interior,177.2028256012145,-41.26728603454154
25,2,177.18919829603485,-41.18591134091956,177.0605401648313,-41.27956005463116,7.155629106709062,8.868662273770195,1.7377670858264496,"POLYGON Z ((1930265.44798273 5433457.21932821 -8868.66227377019, 1940087.93900455 5422250.78423516 -7155.62910670906, 1951368.17475234 5432137.96186451 -7155.62910670906, 1941545.68373051 5443344.39695756 -8868.66227377019, 1930265.44798273 5433457.21932821 -8868.66227377019))",2d_linear_centroids_interior,177.06333980220077,-41.184488363557406
25,3,177.04982096142152,-41.09891258095003,176.92665916192988,-41.19658601783559,8.92860365398689,10.086207818798783,5.362560695546308,"POLYGON Z ((1918948.12632968 5442785.10481716 -10086.2078187988, 1929289.41245913 5431981.50570453 -8928.60365398689, 1940125.32785016 5442353.72521813 -8928.60365398689, 1929784.04172071 5453157.32433076 -10086.2078187988, 1918948.12632968 5442785.10481716 -10086.2078187988))",2d_linear_centroids_interior,176.9239157779956,-41.10133394065628
25,4,176.9099920957067,-41.010751880798274,176.79343228833878,-41.11286788977246,10.08683443133101,11.014661912730821,9.351108256278584,"POLYGON Z ((1907635.09537853 5452053.14774076 -11014.6619127308, 1918520.45543369 5441774.62291303 -10086.834431331, 1928818.7000002 5452680.86694333 -10086.834431331, 1917933.33994504 5462959.39177105 -11014.6619127308, 1907635.09537853 5452053.14774076 -11014.6619127308))",2d_linear_centroids_interior,176.7844731289003,-41.01777405238141
25,5,176.76992878294357,-40.92153375115175,176.66140849426313,-41.028538837374704,10.996703682183325,11.864703615109068,14.914472773673879,"POLYGON Z ((1896352.61439555 5461236.38829164 -11864.7036151091, 1907826.49401823 5451613.67232779 -10996.7036821833, 1917465.3616325 5463106.81076403 -10996.7036821833, 1905991.48200983 5472729.52672788 -11864.7036151091, 1896352.61439555 5461236.38829164 -11864.7036151091))",2d_linear_centroids_interior,176.64527975473666,-40.93396927909913
25,6,176.63174685575373,-40.844030392136645,176.5139404688141,-40.94515898511294,11.829736228755042,12.757493338431527,20.217839296025897,"POLYGON Z ((1884996.36405462 5471747.80857819 -12757.4933384315, 1895799.06021644 5461382.43244508 -11829.736228755, 1906184.31969069 5472205.85083542 -11829.736228755, 1895381.62352887 5482571.22696853 -12757.4933384315, 1884996.36405462 5471747.80857819 -12757.4933384315))",2d_linear_centroids_interior,176.50642540456306,-40.849975231644216
25,7,176.49326122813756,-40.76156451604179,176.37324538812862,-40.86109811302393,12.776522983418923,14.044632334642964,22.735237774759845,"POLYGON Z ((1873697.18427845 5481703.73986311 -14044.632334643, 1884313.77090008 5471183.28420858 -12776.5229834189, 1894872.02475058 5481838.01440829 -12776.5229834189, 1884255.43812895 5492358.47006281 -14044.632334643, 1873697.18427845 5481703.73986311 -14044.632334643))",2d_linear_centroids_interior,176.36807592948364,-40.76589490960755
25,8,176.35516243714054,-40.6849600122028,176.22510444638814,-40.77681246304683,13.899929457399175,15.608262690268923,23.591638575754903,"POLYGON Z ((1862447.66290518 5492306.38775234 -15608.2626902689, 1872170.46294747 5481012.63917611 -13899.9294573992, 1883538.17561499 5490799.11498248 -13899.9294573992, 1873815.37557269 5502092.86355871 -15608.2626902689, 1862447.66290518 5492306.38775234 -15608.2626902689))",2d_linear_centroids_interior,176.23024309159365,-40.68173890295632
25,9,176.2180006372657,-40.5948591220419,176.09596628792752,-40.69277682025783,15.676700047679851,18.14878108473116,21.938037278977237,"POLYGON Z ((1851242.77590344 5501300.92054788 -18148.7810847312, 1861600.0515447 5490736.08942584 -15676.7000476799, 1872311.34784066 5501236.95280274 -15676.7000476799, 1861954.0721994 5511801.78392477 -18148.7810847312, 1851242.77590344 5501300.92054788 -18148.7810847312))",2d_linear_centroids_interior,176.09367587092618,-40.59797118135573
25,10,176.08217536751252,-40.51047526459839,175.96127257821408,-40.6091109584539,18.222826457530445,21.615186671772765,19.960720454936887,"POLYGON Z ((1840205.29981666 5510756.37927218 -21615.1866717728, 1850530.29864926 5500417.79661867 -18222.8264575304, 1861143.87063938 5511017.42348053 -18222.8264575304, 1850818.87180677 5521356.00613404 -21615.1866717728, 1840205.29981666 5510756.37927218 -21615.1866717728))",2d_linear_centroids_interior,175.95882198606103,-40.51487804725217
25,11,175.94809587998327,-40.426625032361876,175.82858191712756,-40.52615071218091,21.5827090726826,25.8838641481245,14.844170248877322,"POLYGON Z ((1829331.28157933 5520051.45369958 -25883.8641481245, 1839598.88640487 5509997.77993505 -21582.7090726826, 1850093.24623591 5520715.44813931 -21582.7090726826, 1839825.64141037 5530769.12190384 -25883.8641481245, 1829331.28157933 5520051.45369958 -25883.8641481245))",2d_linear_centroids_interior,175.82599437166584,-40.4326670792948
25,12,175.81641335988968,-40.342418295299154,175.7006301452248,-40.44440175829301,25.882833597694912,31.082515469900898,10.757225938729404,"POLYGON Z ((1818705.00424791 5528963.93392883 -31082.5154699009, 1829037.21157556 5519413.60408288 -25882.8335976949, 1839218.84082601 5530428.79476696 -25882.8335976949, 1828886.63349836 5539979.1246129 -31082.5154699009, 1818705.00424791 5528963.93392883 -31082.5154699009))",2d_linear_centroids_interior,175.69604692804043,-40.35188614871715
25,13,175.68770968170887,-40.260727910638366,175.57431195237655,-40.36419143666142,31.055152082562767,36.83800159101431,7.0038543776919076,"POLYGON Z ((1808248.82778404 5537845.52805029 -36838.0015910143, 1818582.63783761 5528638.41007888 -31055.1520825628, 1828561.11071635 5539837.96716871 -31055.1520825628, 1818227.30066278 5549045.08514011 -36838.0015910143, 1808248.82778404 5537845.52805029 -36838.0015910143))",2d_linear_centroids_interior,175.56873658986814,-40.27240569296471
25,14,175.56179477025526,-40.18167876636197,175.4488257667702,-40.28534409248131,36.866741036406054,42.96786644686237,4.379731856107495,"POLYGON Z ((1797903.82894077 5546771.94658654 -42967.8664468624, 1808168.86959429 5537694.21509087 -36866.7410364061, 1818105.7082772 5548930.72865113 -36866.7410364061, 1807840.66762368 5558008.4601468 -42967.8664468624, 1797903.82894077 5546771.94658654 -42967.8664468624))",2d_linear_centroids_interior,175.44360594549627,-40.19395856322453
25,15,175.43781122612438,-40.10479700893734,175.32317664569317,-40.20730779365855,43.03747651367839,48.993209846618434,2.8543017282226417,"POLYGON Z ((1787509.81059327 5555886.47620459 -48993.2098466184, 1797713.80055739 5546644.84056587 -43037.4765136784, 1807783.16338421 5557762.75099283 -43037.4765136784, 1797579.17342008 5567004.38663155 -48993.2098466184, 1787509.81059327 5555886.47620459 -48993.2098466184))",2d_linear_centroids_interior,175.31926429360257,-40.11568387977786
26,0,177.59781524862663,-41.278548137534614,177.44522653453186,-41.348950917241396,3.0272547673446053,5.4488615893021155,1.677504575408549,"POLYGON Z ((1964861.55419155 5425975.5116439 -5448.86158930212, 1971919.62568309 5412963.23101289 -3027.25476734461, 1985104.86427758 5420115.11770146 -3027.25476734461, 1978046.79278605 5433127.39833247 -5448.86158930212, 1964861.55419155 5425975.5116439 -5448.86158930212))",nearest_neighbor_boundary,177.4755287546922,-41.256992987933025
26,1,177.45953344998867,-41.19345690377536,177.31041674047813,-41.26777872566961,5.409666639693058,7.450753783713684,1.7204911010758892,"POLYGON Z ((1953535.04417052 5435347.46752374 -7450.75378371368, 1961086.23747796 5422548.50495234 -5409.66663969306, 1974005.36231213 5430170.59216773 -5409.66663969306, 1966454.16900469 5442969.55473914 -7450.75378371368, 1953535.04417052 5435347.46752374 -7450.75378371368))",2d_linear_centroids_interior,177.3362947759858,-41.174864671871276
26,2,177.3222388798095,-41.09961293108501,177.18631373322378,-41.18703339330498,7.415213990524135,8.96442127640791,1.7645258395387402,"POLYGON Z ((1942019.23517605 5443847.58479064 -8964.42127640791, 1951120.16902272 5432025.02331252 -7415.21399052414, 1963006.29427118 5441174.88815185 -7415.21399052414, 1953905.36042451 5452997.44962997 -8964.42127640791, 1942019.23517605 5443847.58479064 -8964.42127640791))",2d_linear_centroids_interior,177.19685439215004,-41.09222335161453
26,3,177.18293987501147,-41.005884334740095,177.0610403572439,-41.10432055184015,8.84839980042619,9.940672944079406,4.445110884443743,"POLYGON Z ((1930621.16070859 5452445.13838126 -9940.67294407941, 1941039.77690471 5441709.2464324 -8848.39980042619, 1951804.24604033 5452155.59527916 -8848.39980042619, 1941385.62984421 5462891.48722802 -9940.67294407941, 1930621.16070859 5452445.13838126 -9940.67294407941))",2d_linear_centroids_interior,177.0572331127049,-41.00908156975102
26,4,177.04023430266835,-40.90410632724472,176.94599537093566,-41.018581337658716,9.968036146097706,10.809265345892067,7.926891215428812,"POLYGON Z ((1919478.1410399 5460176.29732478 -10809.2653458921, 1931807.77609556 5451674.97784909 -9968.03614609771, 1940322.49630052 5464024.04825261 -9968.03614609771, 1927992.86124486 5472525.36772831 -10809.2653458921, 1919478.1410399 5460176.29732478 -10809.2653458921))",2d_linear_centroids_interior,176.91780691014753,-40.925662333604286
26,5,176.89619850531741,-40.8085582230056,176.82250507542778,-40.93136815097046,10.828661679970304,11.647313328484463,12.61354299885025,"POLYGON Z ((1908502.82887525 5468626.05540937 -11647.3133284845, 1921845.94005033 5461822.29221184 -10828.6616799703, 1928659.85886885 5475185.31995014 -10828.6616799703, 1915316.74769377 5481989.08314767 -11647.3133284845, 1908502.82887525 5468626.05540937 -11647.3133284845))",2d_linear_centroids_interior,176.77864637049578,-40.84200889858059
26,6,176.75769757187345,-40.725771646487985,176.68213100740957,-40.847905280185216,11.539290567757153,12.524341842590513,17.931595847288396,"POLYGON Z ((1897152.67735221 5478536.65427799 -12524.3418425905, 1910414.82926738 5471597.99442432 -11539.2905677572, 1917368.49938171 5484888.83608093 -11539.2905677572, 1904106.34746655 5491827.4959346 -12524.3418425905, 1897152.67735221 5478536.65427799 -12524.3418425905))",2d_linear_centroids_interior,176.63981004826942,-40.75815804775722
26,7,176.62120668761548,-40.64649997249259,176.53750020731314,-40.765501669861976,12.53605935418616,13.777513587929613,21.901449210315818,"POLYGON Z ((1885708.73541989 5488837.08636373 -13777.5135879296, 1898589.3656818 5481251.03630843 -12536.0593541862, 1906201.53150387 5494176.00948045 -12536.0593541862, 1893320.90124196 5501762.05953575 -13777.5135879296, 1885708.73541989 5488837.08636373 -13777.5135879296))",2d_linear_centroids_interior,176.5015058402806,-40.67423806843037
26,8,176.4845412116129,-40.56628803014724,176.39446316464677,-40.68252966128528,13.730111857879146,15.50840419399754,24.71674982046311,"POLYGON Z ((1874350.90613111 5499009.685128 -15508.4041939975, 1886870.42152956 5490941.26455424 -13730.1118578791, 1894996.14677344 5503549.69781381 -13730.1118578791, 1882476.63137498 5511618.11838757 -15508.4041939975, 1874350.90613111 5499009.685128 -15508.4041939975))",2d_linear_centroids_interior,176.36383555066269,-40.59031478294538
26,9,176.34906209422772,-40.488679066237914,176.2487911145908,-40.59992237624045,15.373423844900971,17.706208429242725,22.572320031552813,"POLYGON Z ((1863009.88314796 5509425.76307248 -17706.2084292427, 1874896.54162832 5500578.9859048 -15373.423844901, 1883852.28416139 5512612.05183503 -15373.423844901, 1871965.62568103 5521458.82900271 -17706.2084292427, 1863009.88314796 5509425.76307248 -17706.2084292427))",2d_linear_centroids_interior,176.22698225173755,-40.506505051355795
26,10,176.2131100744102,-40.40553303794712,176.11232410186707,-40.5164531879808,17.80144308582564,20.96396180777945,19.592438757886626,"POLYGON Z ((1851936.6155215 5519050.4576563 -20963.9618077795, 1863675.23632297 5510263.9192587 -17801.4430858256, 1872663.82237024 5522272.47124763 -17801.4430858256, 1860925.20156877 5531059.00964523 -20963.9618077795, 1851936.6155215 5519050.4576563 -20963.9618077795))",2d_linear_centroids_interior,176.09181967967533,-40.42335364463242
26,11,176.07890262111422,-40.32413908027035,175.9757177428863,-40.433709466729105,20.91877195692384,25.059149577678006,14.374460039238615,"POLYGON Z ((1841006.59350967 5528671.45140619 -25059.149577678, 1852410.28860109 5519850.28303575 -20918.7719569238, 1861588.00762978 5531714.91423231 -20918.7719569238, 1850184.31253836 5540536.08260274 -25059.149577678, 1841006.59350967 5528671.45140619 -25059.149577678))",2d_linear_centroids_interior,175.9585349832922,-40.34098974427315
26,12,175.94782184201674,-40.24528799320931,175.8405274786357,-40.35246386341223,25.128816668650106,30.178450964393516,9.38004202425321,"POLYGON Z ((1830308.19191476 5538202.52241456 -30178.4509643935, 1841231.47902737 5529248.02677635 -25128.8166686501, 1850741.02186728 5540848.39724353 -25128.8166686501, 1839817.73475467 5549802.89288174 -30178.4509643935, 1830308.19191476 5538202.52241456 -30178.4509643935))",2d_linear_centroids_interior,175.82835053073813,-40.26018838111871
26,13,175.81912944669065,-40.16623846842368,175.71010257619506,-40.27231971515663,30.16077596889042,35.91105400605554,5.956023122783347,"POLYGON Z ((1819816.44577179 5547401.84887862 -35911.0540060555, 1830426.2512445 5538493.07060512 -30160.7759688904, 1840071.93701648 5549980.48745959 -30160.7759688904, 1829462.13154376 5558889.26573308 -35911.0540060555, 1819816.44577179 5547401.84887862 -35911.0540060555))",2d_linear_centroids_interior,175.7007887468508,-40.18067550513116
26,14,175.69326770283678,-40.088920727093374,175.58197127320275,-40.19353985265804,35.891642299803955,42.07940518120994,2.703530492959121,"POLYGON Z ((1809462.06226461 5556516.34772631 -42079.4051812099, 1819785.37245081 5547564.20511556 -35891.642299804, 1829612.63619524 5558896.67560073 -35891.642299804, 1819289.32600905 5567848.81821148 -42079.4051812099, 1809462.06226461 5556516.34772631 -42079.4051812099))",2d_linear_centroids_interior,175.57560791887602,-40.10231958674367
26,15,175.5702132929433,-40.01657078270824,175.45110473406206,-40.11591335613801,42.130074093816134,48.15119775324398,1.954254297284496,"POLYGON Z ((1799044.35689203 5566087.19041746 -48151.197753244, 1808882.30162103 5556497.56511783 -42130.0740938161, 1819352.47656913 5567238.86096871 -42130.0740938161, 1809514.53184014 5576828.48626834 -48151.197753244, 1799044.35689203 5566087.19041746 -48151.197753244))",2d_linear_centroids_interior,175.45152626578962,-40.02433125935229
27,0,177.73262085315332,-41.17950104911777,177.58719253924357,-41.25779969426456,3.4680078909852403,5.7164942511616195,1.7897022032787695,"POLYGON Z ((1976386.68603949 5434986.19496323 -5716.49425116162, 1984336.82645439 5422466.62722023 -3468.00789098524, 1996999.46554492 5430507.62039664 -3468.00789098524, 1989049.32513002 5443027.18813963 -5716.49425116162, 1976386.68603949 5434986.19496323 -5716.49425116162))",nearest_neighbor_boundary,177.60873186742808,-41.16437355198701
27,1,177.59441182049872,-41.091239048653236,177.45654230097728,-41.17684017264095,5.750583434894546,7.510850741210499,1.7674396307174758,"POLYGON Z ((1965006.64785712 5444016.87441811 -7510.8507412105, 1973849.14995588 5432028.89645501 -5750.58343489455, 1985920.53536602 5440932.92106638 -5750.58343489455, 1977078.03326726 5452920.89902949 -7510.8507412105, 1965006.64785712 5444016.87441811 -7510.8507412105))",2d_linear_centroids_interior,177.46934803471518,-41.08228379044655
27,2,177.45535661212924,-40.999465201792276,177.3293608038483,-41.094850604022106,7.468355723535811,8.783556580115267,1.8095869062962717,"POLYGON Z ((1953610.90307253 5452758.67795614 -8783.55658011527, 1963630.90883592 5441674.01597624 -7468.35572353581, 1974758.42636328 5451732.76111061 -7468.35572353581, 1964738.42059989 5462817.42309051 -8783.55658011527, 1953610.90307253 5452758.67795614 -8783.55658011527))",2d_linear_centroids_interior,177.32969493898716,-40.99964400649512
27,3,177.31413660640354,-40.90169334730185,177.20945551437683,-41.01079378128909,8.78451365316984,9.772517847143238,3.987741298433672,"POLYGON Z ((1942348.59179694 5460887.51753445 -9772.51784714324, 1954008.55982997 5451503.00938637 -8784.51365316984, 1963413.49158863 5463188.35313892 -8784.51365316984, 1951753.52355559 5472572.86128699 -9772.51784714324, 1942348.59179694 5460887.51753445 -9772.51784714324))",2d_linear_centroids_interior,177.19008148355908,-40.91663509033431
27,4,177.16584627344682,-40.795519461024824,177.10027578696693,-40.92092423780377,9.783450809345258,10.525503961959693,6.752238357649715,"POLYGON Z ((1931645.58380436 5468099.94239663 -10525.5039619597, 1945293.54036389 5461920.73218271 -9783.45080934526, 1951480.32568038 5475585.41979157 -9783.45080934526, 1937832.36912085 5481764.63000549 -10525.5039619597, 1931645.58380436 5468099.94239663 -10525.5039619597))",2d_linear_centroids_interior,177.05063492560922,-40.83333264584032
27,5,177.02019047922357,-40.70235534525038,176.97373558847661,-40.832590976751206,10.510472918533658,11.282882522126311,10.989894780048111,"POLYGON Z ((1920816.63387725 5476798.32459373 -11282.8825221263, 1935080.75787142 5472222.50225418 -10510.4729185337, 1939662.65899499 5486505.5755262 -10510.4729185337, 1925398.53500081 5491081.39786575 -11282.8825221263, 1920816.63387725 5476798.32459373 -11282.8825221263))",2d_linear_centroids_interior,176.91146910999237,-40.74980565340417
27,6,176.87849235704,-40.61524911028805,176.83914251660383,-40.74683659409789,11.047789291339393,11.977538392527354,15.249300608040585,"POLYGON Z ((1909708.69161674 5486212.95834089 -11977.5383925274, 1924146.28595764 5482251.71658402 -11047.7892913394, 1928115.15911022 5496717.12518173 -11047.7892913394, 1913677.56476932 5500678.3669386 -11977.5383925274, 1909708.69161674 5486212.95834089 -11977.5383925274))",2d_linear_centroids_interior,176.77259347205444,-40.666061282439784
27,7,176.7462827249994,-40.54008105702076,176.6891950925445,-40.66784365745568,11.903625097937146,13.127865426655204,18.09784001746774,"POLYGON Z ((1897916.60166067 5496979.94182483 -13127.8654266552, 1911852.12592731 5491566.77278707 -11903.6250979371, 1917283.41457212 5505548.94370781 -11903.6250979371, 1903347.89030547 5510962.11274557 -13127.8654266552, 1897916.60166067 5496979.94182483 -13127.8654266552))",2d_linear_centroids_interior,176.63425439355132,-40.58225070696076
27,8,176.61337134458134,-40.46519775977604,176.53950260482117,-40.5878475760577,13.141908936515161,14.822283682256193,21.4622274815076,"POLYGON Z ((1886273.66860017 5507738.94641231 -14822.2836822562, 1899553.69401289 5500970.10118204 -13141.9089365152, 1906365.41637524 5514334.24868416 -13141.9089365152, 1893085.39096251 5521103.09391443 -14822.2836822562, 1886273.66860017 5507738.94641231 -14822.2836822562))",2d_linear_centroids_interior,176.49664013972406,-40.49849243310785
27,9,176.47907743304438,-40.388433407607245,176.39297496836608,-40.50631793063816,14.789613847413094,17.069890161258936,20.089332145827477,"POLYGON Z ((1874843.93678765 5518233.84274677 -17069.8901612589, 1887499.43081633 5510511.22590904 -14789.6138474131, 1895312.85795725 5523315.53597689 -14789.6138474131, 1882657.36392856 5531038.15281462 -17069.8901612589, 1874843.93678765 5518233.84274677 -17069.8901612589))",2d_linear_centroids_interior,176.35984255568738,-40.414847995456014
27,10,176.3441177266399,-40.3085825733617,176.25202950681498,-40.42375899294044,17.077528376526967,20.094925377355178,17.466494115537763,"POLYGON Z ((1863652.15039565 5528256.19801453 -20094.9253773552, 1875892.5420668 5520127.96775965 -17077.528376527, 1884190.39335743 5532623.79362106 -17077.528376527, 1871950.00168629 5540752.02387593 -20094.9253773552, 1863652.15039565 5528256.19801453 -20094.9253773552))",2d_linear_centroids_interior,176.2243991260351,-40.3316543011738
27,11,176.2096810813494,-40.22693636956937,176.11552377519837,-40.3410883527567,20.038701866730655,23.999290469565125,13.083236211588666,"POLYGON Z ((1852685.65811523 5537882.63854686 -23999.2904695651, 1864633.60184122 5529724.18411973 -20038.7018667307, 1873092.23682633 5542111.73812319 -20038.7018667307, 1861144.29310034 5550270.19255032 -23999.2904695651, 1852685.65811523 5537882.63854686 -23999.2904695651))",2d_linear_centroids_interior,176.0907947293197,-40.24922165385857
27,12,176.07797229242053,-40.14821011456649,175.97866357949596,-40.2597245706462,23.907786720688524,28.882365908003656,8.275103133961201,"POLYGON Z ((1841903.55584293 5547532.00787552 -28882.3659080037, 1853310.91625605 5539157.89954602 -23907.7867206885, 1862187.37438845 5551249.56986173 -23907.7867206885, 1850780.01397533 5559623.67819123 -28882.3659080037, 1841903.55584293 5547532.00787552 -28882.3659080037))",2d_linear_centroids_interior,175.95979031070794,-40.1680370195806
27,13,175.94940738151175,-40.06984130401209,175.84739936941864,-40.17986196873393,28.900384105358942,34.602774672973915,4.571470491131759,"POLYGON Z ((1831396.38846108 5556800.50605537 -34602.7746729739, 1842431.15903904 5548391.19097588 -28900.3841053589, 1851523.08699595 5560321.69163706 -28900.3841053589, 1840488.31641799 5568731.00671655 -34602.7746729739, 1831396.38846108 5556800.50605537 -34602.7746729739))",2d_linear_centroids_interior,175.83219845364408,-40.08862751016049
27,14,175.8236601337011,-39.991508396720604,175.72155037085457,-40.101421057563286,34.71628672122071,40.855644076451505,1.4245554604270874,"POLYGON Z ((1821096.37752966 5565731.22173235 -40855.6440764515, 1831981.67991877 5557435.53109429 -34716.2867212207, 1841073.8029977 5569365.88305546 -34716.2867212207, 1830188.50060859 5577661.57369353 -40855.6440764515, 1821096.37752966 5565731.22173235 -40855.6440764515))",2d_linear_centroids_interior,175.7074361492587,-40.010654283715276
27,15,175.6996240560374,-39.91534439201826,175.5946554116045,-40.02359851920615,40.790210306209374,47.23462587454207,0.5646934544303374,"POLYGON Z ((1810804.69449846 5574816.64377676 -47234.6258745421, 1821415.98031772 5566398.20441755 -40790.2103062094, 1830738.66292413 5578149.27198694 -40790.2103062094, 1820127.37710487 5586567.71134614 -47234.6258745421, 1810804.69449846 5574816.64377676 -47234.6258745421))",2d_linear_centroids_interior,175.58368946339036,-39.932997998598466
28,0,177.85545853246762,-41.0584760017067,177.73780638080083,-41.159800143352875,3.8739103090169436,5.900111983368043,1.7897022032787695,"POLYGON Z ((1986943.87929784 5443079.65626541 -5900.11198336804, 1997553.96861124 5432671.9422255 -3873.91030901694, 2008057.95504623 5443380.17592549 -3873.91030901694, 1997447.86573283 5453787.8899654 -5900.11198336804, 1986943.87929784 5443079.65626541 -5900.11198336804))",nearest_neighbor_boundary,177.73035234479656,-41.06504434858066
28,1,177.7152551739104,-40.971116108825164,177.60555128098434,-41.07735553159886,5.905814832356612,7.475551220341852,1.8215110450774339,"POLYGON Z ((1975694.87039715 5452229.67212206 -7475.55122034185, 1986938.12789955 5442425.33183794 -5905.81483235661, 1996796.59898479 5453730.6645558 -5905.81483235661, 1985553.34148239 5463535.00483993 -7475.55122034185, 1975694.87039715 5452229.67212206 -7475.55122034185))",2d_linear_centroids_interior,177.5907336075516,-40.982910463380236
28,2,177.57143750701252,-40.87359824412412,177.4857982379269,-40.99181587216796,7.414507632456508,8.577532981221346,1.8642283622226001,"POLYGON Z ((1964647.18424956 5460321.34803463 -8577.53298122135, 1977363.4463373 5452450.89375588 -7414.50763245651, 1985257.66514407 5465205.55209827 -7414.50763245651, 1972541.40305632 5473076.00637702 -8577.53298122135, 1964647.18424956 5460321.34803463 -8577.53298122135))",2d_linear_centroids_interior,177.4509851904186,-40.90030895501745
28,3,177.42645981785031,-40.77949373597117,177.36109945101583,-40.90492903712871,8.624522553567319,9.496962558235557,3.020955659681418,"POLYGON Z ((1953722.70757659 5468834.3084771 -9496.96255823556, 1967352.68407032 5462632.48703347 -8624.52255356732, 1973565.02226223 5476285.57658087 -8624.52255356732, 1959935.04576849 5482487.3980245 -9496.96255823556, 1953722.70757659 5468834.3084771 -9496.96255823556))",2d_linear_centroids_interior,177.31139173901448,-40.817407246265915
28,4,177.27710339528238,-40.68236191791961,177.240002202247,-40.81429307237274,9.405581141057484,10.139284994434746,5.472874588312497,"POLYGON Z ((1943156.32308153 5477041.02056491 -10139.2849944347, 1957637.66024814 5473200.11539522 -9405.58114105748, 1961483.16843746 5487698.80729366 -9405.58114105748, 1947001.83127085 5491539.71246335 -10139.2849944347, 1943156.32308153 5477041.02056491 -10139.2849944347))",2d_linear_centroids_interior,177.17194993287362,-40.73420373492026
28,5,177.13384871985863,-40.59454606864352,177.1064936211693,-40.727858242273925,9.90999952194772,10.659178429727977,8.511198697804883,"POLYGON Z ((1932146.62888708 5486340.02889891 -10659.178429728, 1946823.57006799 5483335.6772989 -9909.99952194772, 1949831.67591444 5498030.9588279 -9909.99952194772, 1935154.73473354 5501035.31042791 -10659.178429728, 1932146.62888708 5486340.02889891 -10659.178429728))",2d_linear_centroids_interior,177.0327717312607,-40.650766066023394
28,6,176.9995420873739,-40.51606578505641,176.96104333830502,-40.64777956088357,10.717857225857845,11.593700541542816,12.249361541804669,"POLYGON Z ((1920484.02860352 5496708.00931067 -11593.7005415428, 1934937.66659604 5492793.2619028 -10717.8572258578, 1938859.10446892 5507271.6017596 -10717.8572258578, 1924405.4664764 5511186.34916748 -11593.7005415428, 1920484.02860352 5496708.00931067 -11593.7005415428))",2d_linear_centroids_interior,176.89409521352323,-40.56723929858328
28,7,176.86767557460234,-40.44140813854994,176.81063214258003,-40.56915056732818,11.490593256073137,12.681514083078635,15.138960579178821,"POLYGON Z ((1908665.24096773 5507522.97216718 -12681.5140830786, 1922594.80975487 5502087.08944326 -11490.5932560731, 1928047.90650619 5516060.76955341 -11490.5932560731, 1914118.33771905 5521496.65227733 -12681.5140830786, 1908665.24096773 5507522.97216718 -12681.5140830786))",2d_linear_centroids_interior,176.75579112930225,-40.4835483851066
28,8,176.73284867119452,-40.363060982885195,176.66548035513915,-40.487829408114074,12.55641135755116,14.198476825778842,17.15574616628653,"POLYGON Z ((1897147.77366351 5517898.48201031 -14198.4768257788, 1910680.01135517 5511638.91620631 -12556.4113575512, 1916977.42469818 5525252.9745721 -12556.4113575512, 1903445.18700652 5531512.5403761 -14198.4768257788, 1897147.77366351 5517898.48201031 -14198.4768257788))",2d_linear_centroids_interior,176.61808268625163,-40.3998316032612
28,9,176.59836451808175,-40.2852559142858,176.5202799209473,-40.40630134289436,14.05142112442465,16.29088926021333,16.879250990494576,"POLYGON Z ((1885706.71528624 5528287.43687034 -16290.8892602133, 1898731.83911329 5521193.00724148 -14051.4211244246, 1905906.68248172 5534365.76787237 -14051.4211244246, 1892881.55865467 5541460.19750122 -16290.8892602133, 1885706.71528624 5528287.43687034 -16290.8892602133))",2d_linear_centroids_interior,176.48117425432878,-40.31621821164226
28,10,176.46434672462678,-40.20696277119769,176.37775709465373,-40.32454299364758,16.386524333670792,19.34911967946239,14.760572470272587,"POLYGON Z ((1874463.40093767 5538457.21908594 -19349.1196794624, 1886982.01106157 5530743.11321534 -16386.5243336708, 1894851.12585393 5543513.27501482 -16386.5243336708, 1882332.51573003 5551227.38088541 -19349.1196794624, 1874463.40093767 5538457.21908594 -19349.1196794624))",2d_linear_centroids_interior,176.34589031193474,-40.233221052705915
28,11,176.3312087413261,-40.12999524602826,176.23466581571375,-40.24289320362178,19.180581985981927,23.12061798174795,12.303961547710571,"POLYGON Z ((1863353.02280632 5548642.52769679 -23120.617981748, 1875153.74014319 5540262.83875941 -19180.5819859819, 1883838.38172659 5552493.00640209 -19180.5819859819, 1872037.66438971 5560872.69533947 -23120.617981748, 1863353.02280632 5548642.52769679 -23120.617981748))",2d_linear_centroids_interior,176.21199579187862,-40.15070762771314
28,12,176.19931138497438,-40.04967141973509,176.10073288801289,-40.161482870174424,23.14930056652842,27.994367706693286,8.34176204817722,"POLYGON Z ((1852608.94536864 5558078.40580112 -27994.3677066933, 1864075.00973926 5549708.5376865 -23149.3005665284, 1872918.93491141 5561824.02313073 -23149.3005665284, 1861452.87054079 5570193.89124535 -27994.3677066933, 1852608.94536864 5558078.40580112 -27994.3677066933))",2d_linear_centroids_interior,176.0811939305112,-40.069745177954644
28,13,176.06915267890753,-39.96768161230731,175.97331176159582,-40.0808434969365,27.940829599254727,33.533752158350254,4.92070562956274,"POLYGON Z ((1842121.72770556 5567018.18668615 -33533.7521583503, 1853521.10433625 5559032.35988615 -27940.8295992547, 1862127.56906154 5571317.66675787 -27940.8295992547, 1850728.19243085 5579303.49355786 -33533.7521583503, 1842121.72770556 5567018.18668615 -33533.7521583503))",2d_linear_centroids_interior,175.95301509397547,-39.99006535269321
28,14,175.94402988154854,-39.892072343496494,175.84365463776373,-40.00283842519836,33.70291835348093,39.899727615040284,2.098540415458108,"POLYGON Z ((1831796.21534811 5576227.66212874 -39899.7276150403, 1842740.94880456 5568053.77905257 -33702.9183534809, 1851716.5671644 5580072.02663941 -33702.9183534809, 1840771.83370794 5588245.90971558 -39899.7276150403, 1831796.21534811 5576227.66212874 -39899.7276150403))",2d_linear_centroids_interior,175.8283857042645,-39.91226774032938
28,15,175.82059342202115,-39.81796692206829,175.7143500168476,-39.92538528947919,39.79249113345936,46.52250085269355,0.49462295534772827,"POLYGON Z ((1821558.21408764 5585448.40513887 -46522.5008526935, 1831963.55584929 5576996.43306116 -39792.4911334594, 1841420.84903518 5588639.43978606 -39792.4911334594, 1831015.50727354 5597091.41186377 -46522.5008526935, 1821558.21408764 5585448.40513887 -46522.5008526935))",2d_linear_centroids_interior,175.70525071879177,-39.8350884462821
29,0,177.95201309955448,-40.92224361852964,177.87816514102113,-41.0449224609139,3.85207163878365,5.850464534258191,1.7897022032787695,"POLYGON Z ((1996894.63598594 5451700.45031447 -5850.46453425819, 2010051.25088634 5444778.7518092 -3852.07163878365, 2017035.20676282 5458053.70417504 -3852.07163878365, 2003878.59186242 5464975.40268031 -5850.46453425819, 1996894.63598594 5451700.45031447 -5850.46453425819))",nearest_neighbor_boundary,177.83492996692476,-40.955825890065846
29,1,177.80817236425744,-40.83266605138523,177.74852947780988,-40.959701997815436,5.600449602668868,7.190376739011278,1.892971778382031,"POLYGON Z ((1985910.6635168 5460612.23075117 -7190.37673901128, 1999666.62332082 5454846.32218693 -5600.44960266887, 2005465.1972959 5468680.21317449 -5600.44960266887, 1991709.23749187 5474446.12173872 -7190.37673901128, 1985910.6635168 5460612.23075117 -7190.37673901128))",2d_linear_centroids_interior,177.69516678770043,-40.87365358024238
29,2,177.66606667327764,-40.74640700263585,177.614037019297,-40.875357033327056,7.0424341578845375,8.213138574487742,1.9295156390554342,"POLYGON Z ((1974793.31205684 5469955.75677859 -8213.13857448774, 1988838.5333226 5464821.43980698 -7042.43415788454, 1993988.55950293 5478909.63452248 -7042.43415788454, 1979943.33823717 5484043.95149409 -8213.13857448774, 1974793.31205684 5469955.75677859 -8213.13857448774))",2d_linear_centroids_interior,177.555497174857,-40.79114578985027
29,3,177.51838762751424,-40.65351548404078,177.48793515578555,-40.78640050385824,8.231807254485188,9.145409299300331,2.875729040291544,"POLYGON Z ((1964117.1315512 5478579.45728273 -9145.40929930033, 1978715.37679734 5475254.31562601 -8231.80725448519, 1982046.70320379 5489879.7135479 -8231.80725448519, 1967448.45795765 5493204.85520463 -9145.40929930033, 1964117.1315512 5478579.45728273 -9145.40929930033))",2d_linear_centroids_interior,177.41602036500223,-40.70836142317846
29,4,177.3752486108547,-40.56657983641103,177.35364409136488,-40.70047781753834,9.023031372538242,9.774109001015898,4.632219534735648,"POLYGON Z ((1953093.87059878 5487932.34981519 -9774.1090010159, 1967854.07371776 5485368.70274853 -9023.03137253824, 1970420.94061454 5500147.44404589 -9023.03137253824, 1955660.73749556 5502711.09111255 -9774.1090010159, 1953093.87059878 5487932.34981519 -9774.1090010159))",2d_linear_centroids_interior,177.27669392498268,-40.62527582636764
29,5,177.23930473671254,-40.486541491940415,177.21021473091272,-40.61962585297327,9.580845348092767,10.324690060116144,7.254514786721044,"POLYGON Z ((1941520.21442473 5498108.94635419 -10324.6900601161, 1956162.56879421 5494939.06409094 -9580.84534809277, 1959336.35584198 5509599.45548324 -9580.84534809277, 1944694.0014725 5512769.33774649 -10324.6900601161, 1941520.21442473 5498108.94635419 -10324.6900601161))",2d_linear_centroids_interior,177.137651778418,-40.5419697920582
29,6,177.10456597007553,-40.407599683333004,177.0657705575003,-40.53924361841815,10.45291028278913,11.313602899049835,10.598301107977138,"POLYGON Z ((1929910.93571731 5508401.83446744 -11313.6028990498, 1944352.86067657 5504440.77252756 -10452.9102827891, 1948320.45947822 5518906.53070849 -10452.9102827891, 1933878.53451896 5522867.59264836 -11313.6028990498, 1929910.93571731 5508401.83446744 -11313.6028990498))",2d_linear_centroids_interior,176.99915194932962,-40.45860050400634
29,7,176.97591098033658,-40.338440903699826,176.9082971606443,-40.46310028266308,11.07509542155161,12.206685118600435,13.09217649459359,"POLYGON Z ((1917840.28778294 5519840.06946435 -12206.6851186004, 1931387.42055863 5513500.14057552 -11075.0954215516, 1937745.46737014 5527085.98765042 -11075.0954215516, 1924198.33459445 5533425.91653926 -12206.6851186004, 1917840.28778294 5519840.06946435 -12206.6851186004))",2d_linear_centroids_interior,176.8608655465085,-40.3749722934528
29,8,176.84175874634337,-40.262421003551246,176.7607020700642,-40.382282426473914,12.354567813840262,13.971769083584993,14.904925718352192,"POLYGON Z ((1906315.32928008 5530435.88949375 -13971.769083585, 1919252.29108876 5523018.36435298 -12354.5678138403, 1926713.305395 5536031.17594471 -12354.5678138403, 1913776.34358632 5543448.70108549 -13971.769083585, 1906315.32928008 5530435.88949375 -13971.769083585))",2d_linear_centroids_interior,176.72345564089673,-40.291489871264986
29,9,176.7046379353314,-40.17954499408136,176.62217538212667,-40.29881754151874,13.69216202094753,15.913481285606377,14.145785869165746,"POLYGON Z ((1895059.58620158 5540258.4626571 -15913.4812856064, 1907869.70906362 5532777.38700024 -13692.1620209475, 1915434.18920189 5545730.32644415 -13692.1620209475, 1902624.06633984 5553211.40210102 -15913.4812856064, 1895059.58620158 5540258.4626571 -15913.4812856064))",2d_linear_centroids_interior,176.58651521130602,-40.20791075809715
29,10,176.57106139380784,-40.10315325100438,176.4773449011581,-40.21740316389875,16.020902582472043,19.086070788283173,12.425056727470151,"POLYGON Z ((1883805.18045434 5550618.95403928 -19086.0707882832, 1895912.1534683 5542310.7684185 -16020.902582472, 1904399.42885337 5554678.71717883 -16020.902582472, 1892292.45583941 5562986.90279961 -19086.0707882832, 1883805.18045434 5550618.95403928 -19086.0707882832))",2d_linear_centroids_interior,176.45139516793807,-40.12506819068982
29,11,176.43680211638136,-40.02166703857382,176.34122430247274,-40.134963181998764,19.02682429270559,22.975727830940624,10.384477112303934,"POLYGON Z ((1872835.99598904 5560236.11786326 -22975.7278309406, 1884671.17495432 5551909.37181779 -19026.8242927056, 1893302.38829126 5564177.3038494 -19026.8242927056, 1881467.20932599 5572504.04989487 -22975.7278309406, 1872835.99598904 5560236.11786326 -22975.7278309406))",2d_linear_centroids_interior,176.31794641566185,-40.04288441920614
29,12,176.30445248976346,-39.93955886521927,176.20992440009556,-40.05333185278357,22.995087400282713,27.736690883376554,8.396420883781879,"POLYGON Z ((1862106.31482681 5569481.06540176 -27736.6908833766, 1873809.78208882 5561385.01386683 -22995.0874002827, 1882343.40739131 5573721.0277772 -22995.0874002827, 1870639.9401293 5581817.07931213 -27736.6908833766, 1862106.31482681 5569481.06540176 -27736.6908833766))",2d_linear_centroids_interior,176.18709022806766,-39.96194347338417
29,13,176.17444038578125,-39.85984526527415,176.07841962962723,-39.97283337121991,27.57073026386689,33.19580586750395,5.426156835204487,"POLYGON Z ((1851537.79231665 5578735.419613 -33195.805867504, 1862899.4075809 5570718.42372673 -27570.7302638669, 1871547.51863975 5582974.44980021 -27570.7302638669, 1860185.9033755 5590991.44568648 -33195.805867504, 1851537.79231665 5578735.419613 -33195.805867504))",2d_linear_centroids_interior,176.05848922599375,-39.882055476988754
29,14,176.04916486796128,-39.78403470134894,175.94899486624487,-39.89481894288483,33.268726578946556,39.645568164208676,2.5412985755286552,"POLYGON Z ((1841259.53785812 5587886.09863524 -39645.5681642087, 1852131.0694742 5579753.09846819 -33268.7265789466, 1861116.46271602 5591764.03965903 -33268.7265789466, 1850244.93109995 5599897.03982607 -39645.5681642087, 1841259.53785812 5587886.09863524 -39645.5681642087))",2d_linear_centroids_interior,175.93411385891156,-39.804469370666126
29,15,175.92581137353696,-39.707103351082665,175.82544080568505,-39.81773121118496,39.58907222833157,46.47730658698219,0.352264050972132,"POLYGON Z ((1831172.59068966 5596641.89507096 -46477.3065869822, 1841836.63534549 5588652.5034171 -39589.0722283316, 1850830.40805992 5600657.17135758 -39589.0722283316, 1840166.36340409 5608646.56301144 -46477.3065869822, 1831172.59068966 5596641.89507096 -46477.3065869822))",2d_linear_centroids_interior,175.81202873297008,-39.72800237160546
30,0,178.03588267398837,-40.7906218503133,177.9962483560296,-40.92205069822685,3.0405913728164022,5.189684136419236,1.948664412242243,"POLYGON Z ((2006506.01343453 5462000.08738215 -5189.68413641924, 2020763.05390781 5457862.67306442 -3040.5913728164, 2024943.59794861 5472268.33346313 -3040.5913728164, 2010686.55747533 5476405.74778086 -5189.68413641924, 2006506.01343453 5462000.08738215 -5189.68413641924))",nearest_neighbor_boundary,177.93044156262866,-40.84141272894696
30,1,177.89390620917013,-40.70532264006166,177.86236799400868,-40.83802127449371,5.309739213691913,7.0452445430796224,1.976324421705857,"POLYGON Z ((1995512.22133937 5471293.56847705 -7045.24454307962, 2010003.92464393 5467832.56333631 -5309.73921369191, 2013488.33048755 5482422.24859395 -5309.73921369191, 1998996.62718299 5485883.25373469 -7045.24454307962, 1995512.22133937 5471293.56847705 -7045.24454307962))",2d_linear_centroids_interior,177.79147472726234,-40.759730955214216
30,2,177.75538698187896,-40.6239708887174,177.72146353426808,-40.75634029207918,6.52489639760807,7.815367664729334,2.018541971621144,"POLYGON Z ((1984116.06375747 5481204.38478616 -7815.36766472933, 1998608.18558932 5477555.67423041 -6524.89639760807, 2002270.47435711 5492101.72664958 -6524.89639760807, 1987778.35252526 5495750.43720533 -7815.36766472933, 1984116.06375747 5481204.38478616 -7815.36766472933))",2d_linear_centroids_interior,177.65182558088063,-40.67725949247122
30,3,177.61290133735787,-40.537810492664974,177.587148046351,-40.67125583349289,7.989875361856706,8.993903467965017,2.7491745601628046,"POLYGON Z ((1973086.63857331 5490557.11254959 -8993.90346796502, 1987759.52426106 5487607.81548818 -7989.87536185671, 1990715.45050664 5502313.68166568 -7989.87536185671, 1976042.56481889 5505262.97872709 -8993.90346796502, 1973086.63857331 5490557.11254959 -8993.90346796502))",2d_linear_centroids_interior,177.51269753020958,-40.59470745155679
30,4,177.47213122031715,-40.453295293983466,177.4499339719036,-40.58712500341349,8.705262179248816,9.502261689463028,4.300051481632798,"POLYGON Z ((1961884.50082208 5500179.24587638 -9502.26168946303, 1976630.46789921 5497548.41962957 -8705.26217924882, 1979265.01563306 5512315.24590464 -8705.26217924882, 1964519.04855593 5514946.07215145 -9502.26168946303, 1961884.50082208 5500179.24587638 -9502.26168946303))",2d_linear_centroids_interior,177.37348877561075,-40.511718700570526
30,5,177.34313005773234,-40.38149700914685,177.29618627995762,-40.5115563107524,9.542166225961875,10.313533233537203,6.040372931265602,"POLYGON Z ((1949794.74763544 5511272.13999315 -10313.5332335372, 1964023.69593175 5506587.90864526 -9542.16622596188, 1968714.13325931 5520835.70839386 -9542.16622596188, 1954485.184963 5525519.93974175 -10313.5332335372, 1949794.74763544 5511272.13999315 -10313.5332335372))",2d_linear_centroids_interior,177.2346916975383,-40.42858727301791
30,6,177.20972877604882,-40.30605801766454,177.1471973590717,-40.43222594271327,10.136465848717723,11.019352166344236,8.95835673019933,"POLYGON Z ((1938075.51503103 5521966.41113774 -11019.3521663442, 1951810.67470496 5516002.6958124 -10136.4658487177, 1957784.74727375 5529761.7094741 -10136.4658487177, 1944049.58759982 5535725.42479944 -11019.3521663442, 1938075.51503103 5521966.41113774 -11019.3521663442))",2d_linear_centroids_interior,177.0961831930377,-40.34524150094373
30,7,177.07767285630393,-40.23559066921789,176.99191296455575,-40.35347941185091,10.929113370198666,12.128627226372734,11.337919020778383,"POLYGON Z ((1926312.70343978 5533218.56459499 -12128.6272263727, 1939029.71637692 5525354.80287011 -10929.1133701987, 1946918.74299255 5538112.67334515 -10929.1133701987, 1934201.73005542 5545976.43507002 -12128.6272263727, 1926312.70343978 5533218.56459499 -12128.6272263727))",2d_linear_centroids_interior,176.95813201918745,-40.26178520009159
30,8,176.94088476708262,-40.15467454135406,176.85088330036518,-40.27066167499238,12.132632844036541,13.718184852877084,11.517389360956468,"POLYGON Z ((1914977.8938539 5543264.17602755 -13718.1848528771, 1927449.66510802 5535082.43131067 -12132.6328440365, 1935677.50468679 5547624.4668658 -12132.6328440365, 1923205.73343267 5555806.21158267 -13718.1848528771, 1914977.8938539 5543264.17602755 -13718.1848528771))",2d_linear_centroids_interior,176.8207367621197,-40.178342240914034
30,9,176.80537168642672,-40.07643870846973,176.70702685371984,-40.18833009899587,13.727370312911921,16.011927309063942,10.958229003563153,"POLYGON Z ((1903668.65859202 5553549.72323647 -16011.9273090639, 1915596.86433843 5544746.38824326 -13727.3703129119, 1924504.11375002 5556815.39432991 -13727.3703129119, 1912575.90800361 5565618.72932313 -16011.9273090639, 1903668.65859202 5553549.72323647 -16011.9273090639))",2d_linear_centroids_interior,176.6842406886929,-40.09506603550673
30,10,176.66928946455593,-39.99212530152922,176.57306891287504,-40.10505582907627,16.085642972405918,19.1037412716241,9.748123553505785,"POLYGON Z ((1892607.38420996 5563003.19449465 -19103.7412716241, 1904562.09187382 5554460.59258845 -16085.6429724059, 1913283.04746956 5566664.8923839 -16085.6429724059, 1901328.33980569 5575207.4942901 -19103.7412716241, 1892607.38420996 5563003.19449465 -19103.7412716241))",2d_linear_centroids_interior,176.5492852347018,-40.01235726005157
30,11,176.53391902479018,-39.90764308484428,176.44047315045304,-40.02190107571785,18.860119242014058,22.719377373860624,9.437858110979382,"POLYGON Z ((1881658.16374645 5572333.50047366 -22719.3773738606, 1893614.74141783 5564139.21117805 -18860.1192420141, 1902094.49424217 5576512.31879248 -18860.1192420141, 1890137.91657079 5584706.60808809 -22719.3773738606, 1881658.16374645 5572333.50047366 -22719.3773738606))",2d_linear_centroids_interior,176.4155245369775,-39.93001446360032
30,12,176.40358958292805,-39.831210926548714,176.30260336880673,-39.94155717575093,22.94554572570678,27.833306639036902,8.318942343035872,"POLYGON Z ((1870901.72627599 5582105.86105462 -27833.3066390369, 1882177.16232061 5573505.02764978 -22945.5457257068, 1891274.51821454 5585431.38986712 -22945.5457257068, 1879999.08216992 5594032.22327196 -27833.3066390369, 1870901.72627599 5582105.86105462 -27833.3066390369))",2d_linear_centroids_interior,176.28546097119767,-39.84959727735595
30,13,176.27309147392384,-39.74857286635515,176.17572397305122,-39.860786806355826,27.62468415162922,33.25088063043433,6.818826059290616,"POLYGON Z ((1860384.04806589 5591011.11448878 -33250.8806304343, 1871653.62221108 5582866.01708188 -27624.6841516292, 1880440.20576289 5595023.15282543 -27624.6841516292, 1869170.6316177 5603168.25023233 -33250.8806304343, 1860384.04806589 5591011.11448878 -33250.8806304343))",2d_linear_centroids_interior,176.15704609615673,-39.76985991406404
30,14,176.14739405757203,-39.671220434405164,176.0485120006888,-39.78259790111326,33.32442668888923,39.6462936368768,4.093441252249009,"POLYGON Z ((1850119.09389671 5600000.0832862 -39646.2936368768, 1861065.98025643 5591925.45157205 -33324.4266888892, 1869970.04308034 5603996.80879599 -33324.4266888892, 1859023.15672062 5612071.44051014 -39646.2936368768, 1850119.09389671 5600000.0832862 -39646.2936368768))",2d_linear_centroids_interior,176.03262212811566,-39.692278223352986
30,15,176.025747232449,-39.598392299903054,175.92085897163773,-39.70639148877011,39.76600383298962,46.96606856981444,0.231331146863052,"POLYGON Z ((1840152.37600194 5608994.69416509 -46966.0685698144, 1850408.34531666 5600750.04977002 -39766.0038329896, 1859806.45627224 5612440.87995724 -39766.0038329896, 1849550.48695753 5620685.52435231 -46966.0685698144, 1840152.37600194 5608994.69416509 -46966.0685698144))",2d_linear_centroids_interior,175.91209150765792,-39.61682099595977
31,0,178.1318718109244,-40.678523909098935,178.0852080933876,-40.8085891963105,2.3742342750452896,4.554062276505405,1.948664412242243,"POLYGON Z ((2014925.95038928 5474765.93362886 -4554.0622765054, 2028991.38628983 5470031.81673005 -2374.23427504529, 2033776.29773968 5484248.16726094 -2374.23427504529, 2019710.86183914 5488982.28415975 -4554.0622765054, 2014925.95038928 5474765.93362886 -4554.0622765054))",nearest_neighbor_boundary,178.02398163594916,-40.725968215609136
31,1,177.98898914805068,-40.591860818361575,177.95320253141043,-40.7239160734575,4.579633785588353,6.394282065383858,2.0862275945466844,"POLYGON Z ((2003994.54362373 5483905.38607577 -6394.28206538386, 2018383.41479094 5480075.57692202 -4579.63378558835, 2022241.56061716 5494570.91102592 -4579.63378558835, 2007852.68944995 5498400.72017967 -6394.28206538386, 2003994.54362373 5483905.38607577 -6394.28206538386))",2d_linear_centroids_interior,177.88506061655923,-40.644329166359555
31,2,177.8484028741858,-40.508071858595564,177.81604669562873,-40.64065136075078,6.020107578603482,7.439122519912262,2.0931962643180015,"POLYGON Z ((1992793.47261916 5493503.23066831 -7439.12251991226, 2007302.02235115 5489969.34028081 -6020.10757860348, 2010851.83268179 5504543.2500725 -6020.10757860348, 1996343.28294981 5508077.14046001 -7439.12251991226, 1992793.47261916 5493503.23066831 -7439.12251991226))",2d_linear_centroids_interior,177.7457048639648,-40.56204791798164
31,3,177.71245529342684,-40.429140548204145,177.67248097802508,-40.56051527718573,7.471716658277569,8.552455226435788,2.6011612412162477,"POLYGON Z ((1981257.47722353 5503681.78502826 -8552.45522643579, 1995629.62994852 5499525.67745061 -7471.71665827757, 1999796.56707716 5513935.27962992 -7471.71665827757, 1985424.41435217 5518091.38720757 -8552.45522643579, 1981257.47722353 5503681.78502826 -8552.45522643579))",2d_linear_centroids_interior,177.60668243817736,-40.479576652300075
31,4,177.57303372166996,-40.34581082983766,177.53420995774172,-40.47739521428582,8.458323853632624,9.326945250843346,3.4584750633865844,"POLYGON Z ((1969975.04714741 5513413.09349411 -9326.94525084335, 1984393.67076337 5509369.72980905 -8458.32385363262, 1988443.83094773 5523812.58972255 -8458.32385363262, 1974025.20733178 5527855.95340761 -9326.94525084335, 1969975.04714741 5513413.09349411 -9326.94525084335))",2d_linear_centroids_interior,177.4677261311286,-40.396757640512256
31,5,177.44128492621394,-40.27247820776284,177.38276787423354,-40.3997350918106,9.255507743405564,10.07854520668989,4.732380809991838,"POLYGON Z ((1958117.03334535 5524314.02311521 -10078.5452066899, 1971979.68806886 5518643.97784634 -9255.50774340556, 1977658.28784893 5532527.54743553 -9255.50774340556, 1963795.63312542 5538197.59270439 -10078.5452066899, 1958117.03334535 5524314.02311521 -10078.5452066899))",2d_linear_centroids_interior,177.3290542609474,-40.31372159549311
31,6,177.30975910911434,-40.20305873000084,177.22620943053047,-40.321832152136764,9.899878814639637,10.857407633489544,7.478039013339149,"POLYGON Z ((1946281.77813699 5535671.23309135 -10857.4076334895, 1959102.10868266 5527943.21502326 -9899.87881463964, 1966845.92064046 5540789.74670937 -9899.87881463964, 1954025.59009479 5548517.76477746 -10857.4076334895, 1946281.77813699 5535671.23309135 -10857.4076334895))",2d_linear_centroids_interior,177.19069271199953,-40.230485643775864
31,7,177.17385207451647,-40.125866879209845,177.08026525797342,-40.24012846688316,10.904102100003351,12.189547644118855,9.477363032432873,"POLYGON Z ((1934844.67853425 5546128.50479983 -12189.5476441189, 1947116.14140956 5537598.62621611 -10904.1021000034, 1955677.51471984 5549915.39880645 -10904.1021000034, 1943406.05184453 5558445.27739016 -12189.5476441189, 1934844.67853425 5546128.50479983 -12189.5476441189))",2d_linear_centroids_interior,177.05292189546387,-40.14722139636478
31,8,177.037783579194,-40.04817904147518,176.93533585184025,-40.157829669248805,12.129587021674157,13.788701492585071,9.821612884004292,"POLYGON Z ((1923478.23250795 5556520.12715471 -13788.7014925851, 1935189.18992393 5547295.11682553 -12129.5870216742, 1944471.15297103 5559078.37452416 -12129.5870216742, 1932760.19555505 5568303.38485334 -13788.7014925851, 1923478.23250795 5556520.12715471 -13788.7014925851))",2d_linear_centroids_interior,176.91568185858893,-40.0638964716032
31,9,176.90094258477768,-39.96485383686973,176.79855226072928,-40.074484273798234,13.800282232009005,16.07299994464539,9.95936273118264,"POLYGON Z ((1912273.3875086 5566217.97495007 -16072.9999446454, 1923931.71452031 5557057.28908674 -13800.282232009, 1933199.39545546 5568851.78314474 -13800.282232009, 1921541.06844375 5578012.46900807 -16072.9999446454, 1912273.3875086 5566217.97495007 -16072.9999446454))",2d_linear_centroids_interior,176.77935499118993,-39.98074823730759
31,10,176.76537031046294,-39.88256684341429,176.66193459301556,-39.99156217921786,16.098695564330377,19.097816358246764,9.374453795496748,"POLYGON Z ((1901161.00568025 5575909.45617996 -19097.8163582468, 1912657.51206943 5566753.27710204 -16098.6955643304, 1922002.38411415 5578486.70654393 -16098.6955643304, 1910505.87772497 5587642.88562185 -19097.8163582468, 1901161.00568025 5575909.45617996 -19097.8163582468))",2d_linear_centroids_interior,176.64436531430462,-39.898043848934314
31,11,176.63031675993238,-39.79686847116328,176.53199063609173,-39.90858348410092,19.127472226893893,23.016605637918225,11.026165235294012,"POLYGON Z ((1890272.21315087 5585021.18923447 -23016.6056379182, 1901925.47560531 5576414.44098212 -19127.4722268939, 1910836.96666276 5588480.31546899 -19127.4722268939, 1899183.70420833 5597087.06372134 -23016.6056379182, 1890272.21315087 5585021.18923447 -23016.6056379182))",2d_linear_centroids_interior,176.511235143005,-39.816115696686275
31,12,176.49689937021395,-39.71208569058026,176.4037233658122,-39.82635262954708,22.904274162713744,27.683329940617543,9.752323743439252,"POLYGON Z ((1879573.24713854 5594000.96253268 -27683.3299406175, 1891306.51702899 5585970.33344465 -22904.2741627137, 1899778.64563844 5598348.6627675 -22904.2741627137, 1888045.375748 5606379.29185553 -27683.3299406175, 1879573.24713854 5594000.96253268 -27683.3299406175))",2d_linear_centroids_interior,176.3802038238728,-39.73512644234344
31,13,176.36888462153027,-39.6359175934276,176.2697295908848,-39.74710276691582,27.73035458352597,33.516864049622434,8.356137590785737,"POLYGON Z ((1869060.47841085 5603464.89824884 -33516.8640496224, 1880158.06226458 5595196.89118498 -27730.354583526, 1889119.73783053 5607225.53911609 -27730.354583526, 1878022.15397679 5615493.54617995 -33516.8640496224, 1869060.47841085 5603464.89824884 -33516.8640496224))",2d_linear_centroids_interior,176.2529907135959,-39.656161758472905
31,14,176.24444684040012,-39.56198080737474,176.13884421235872,-39.66951033621361,33.542564161602904,40.19201275076,4.657921514940692,"POLYGON Z ((1858831.76005923 5612720.43035405 -40192.01275076, 1869243.18275839 5604212.36883337 -33542.5641616029, 1878734.8145842 5615827.39897897 -33542.5641616029, 1868323.39188504 5624335.46049965 -40192.01275076, 1858831.76005923 5612720.43035405 -40192.01275076))",2d_linear_centroids_interior,176.12940607262246,-39.57913231234792
31,15,176.12313573085348,-39.488216420619246,176.01390396129813,-39.59349516204416,40.16538153245972,47.58825712129065,0.5982920314236868,"POLYGON Z ((1848930.17286722 5621523.8602083 -47588.2571212907, 1858807.59711132 5613018.72009807 -40165.3815324597, 1868595.16683248 5624385.49092155 -40165.3815324597, 1858717.74258837 5632890.63103178 -47588.2571212907, 1848930.17286722 5621523.8602083 -47588.2571212907))",2d_linear_centroids_interior,176.00951302143426,-39.50410467185993
32,0,178.20163456307205,-40.54915051474067,178.15583954281607,-40.67936905779102,2.103896929801721,4.177557445081028,2.173055175663522,"POLYGON Z ((2021699.31244092 5488719.52437122 -4177.55744508103, 2035797.49216519 5484035.37444519 -2103.89692980172, 2040527.05442022 5498270.23450337 -2103.89692980172, 2026428.87469595 5502954.3844294 -4177.55744508103, 2021699.31244092 5488719.52437122 -4177.55744508103))",nearest_neighbor_boundary,178.09415676524856,-40.59694680064423
32,1,178.06398253771331,-40.4690295952261,178.01517760051925,-40.59861747727149,4.167421671321175,5.984528218050281,2.173365605275186,"POLYGON Z ((2010364.32126819 5498618.39042279 -5984.52821805028, 2024416.02519926 5493694.19095167 -4167.42167132117, 2029376.75859418 5507850.14814942 -4167.42167132117, 2015325.05466311 5512774.34762054 -5984.52821805028, 2010364.32126819 5498618.39042279 -5984.52821805028))",2d_linear_centroids_interior,177.95532447885034,-40.51531118985469
32,2,177.9233671232423,-40.384608786636456,177.87956093384196,-40.51523970993532,5.862927023677163,7.310199173804004,2.15574554708044,"POLYGON Z ((1999214.20625126 5508104.05287761 -7310.199173804, 2013449.00151709 5503601.16413112 -5862.92702367716, 2017972.99715945 5517902.68375065 -5862.92702367716, 2003738.20189362 5522405.57249714 -7310.199173804, 1999214.20625126 5508104.05287761 -7310.199173804))",2d_linear_centroids_interior,177.81640164381338,-40.433238013931465
32,3,177.78708856531705,-40.305698389760835,177.73610996877045,-40.43480584729878,7.1719589258979095,8.300623147785311,2.42803573812943,"POLYGON Z ((1987705.34843674 5518288.00544717 -8300.62314778531, 2001770.30791954 5513198.50332796 -7171.95892589791, 2006874.27912946 5527303.44848519 -7171.95892589791, 1992809.31964666 5532392.95060439 -8300.62314778531, 1987705.34843674 5518288.00544717 -8300.62314778531))",2d_linear_centroids_interior,177.67748185718486,-40.35078133017251
32,4,177.65233286312395,-40.22922408816185,177.58926746682795,-40.35516659939023,8.245984360114866,9.182896802975492,3.3395083418366025,"POLYGON Z ((1976089.74919407 5528784.27519577 -9182.89680297549, 1989769.24060813 5522702.02974468 -8245.98436011487, 1995863.38538822 5536408.28376974 -8245.98436011487, 1982183.89397416 5542490.52922082 -9182.89680297549, 1976089.74919407 5528784.27519577 -9182.89680297549))",2d_linear_centroids_interior,177.53877961454543,-40.26806850529868
32,5,177.51927086184864,-40.1575168793546,177.43615674657127,-40.27642227904043,9.175054515171711,10.100283275321994,4.463255336447274,"POLYGON Z ((1964377.77974375 5539840.08012031 -10100.283275322, 1977200.11019012 5532111.44546304 -9175.05451517171, 1984943.48934351 5544958.2380311 -9175.05451517171, 1972121.15889714 5552686.87268837 -10100.283275322, 1964377.77974375 5539840.08012031 -10100.283275322))",2d_linear_centroids_interior,177.4003776266531,-40.18515016385835
32,6,177.3847400095321,-40.08661187788411,177.28206248031296,-40.19612425990496,10.042636550400083,11.126015920185887,6.85092740785875,"POLYGON Z ((1952821.99058752 5550994.49703655 -11126.0159201859, 1964524.8666968 5541674.14404367 -10042.6365504001, 1973869.62499055 5553407.6640795 -10042.6365504001, 1962166.74888127 5562728.01707238 -11126.0159201859, 1952821.99058752 5550994.49703655 -11126.0159201859))",2d_linear_centroids_interior,177.26232147875774,-40.10205546553317
32,7,177.24738462865793,-40.00541261350734,177.14179102831386,-40.1132248766699,11.153689119936285,12.508089341193337,8.506497527804658,"POLYGON Z ((1941510.76898392 5560983.00026834 -12508.0893411933, 1953010.10376621 5551447.23078678 -11153.6891199363, 1962584.98459744 5562993.73056238 -11153.6891199363, 1951085.64981514 5572529.50004393 -12508.0893411933, 1941510.76898392 5560983.00026834 -12508.0893411933))",2d_linear_centroids_interior,177.12480216104694,-40.01890221278258
32,8,177.11056412873518,-39.924906408893456,177.0009613019904,-40.03026790867802,12.478320228609011,14.368127266104338,8.778093182416633,"POLYGON Z ((1930235.53112254 5571026.21601769 -14368.1272661043, 1941418.37438006 5561209.25895152 -12478.320228609, 1951314.1824792 5572481.92421157 -12478.320228609, 1940131.33922168 5582298.88127773 -14368.1272661043, 1930235.53112254 5571026.21601769 -14368.1272661043))",2d_linear_centroids_interior,176.98791452399746,-39.93575180547037
32,9,176.97410082133317,-39.841532551830824,176.86491639498888,-39.94708752224807,14.338231043739706,16.689978930395128,9.011044697926746,"POLYGON Z ((1919036.95260207 5580690.02459053 -16689.9789303951, 1930206.97587416 5570958.63918153 -14338.2310437397, 1940060.21586375 5582268.53138736 -14338.2310437397, 1928890.19259166 5591999.91679636 -16689.9789303951, 1919036.95260207 5580690.02459053 -16689.9789303951))",2d_linear_centroids_interior,176.85191972115365,-39.85276840654023
32,10,176.8379309626775,-39.75456057426702,176.73492850914306,-39.86368501112903,16.744522256242636,19.83975340266878,10.433779677708454,"POLYGON Z ((1907996.46889491 5589825.30234592 -19839.7534026688, 1919486.17363714 5580692.6012621 -16744.5222562426, 1928819.7471213 5592435.02034914 -16744.5222562426, 1917330.04237907 5601567.72143296 -19839.7534026688, 1907996.46889491 5589825.30234592 -19839.7534026688))",2d_linear_centroids_interior,176.71728417887533,-39.77024515111139
32,11,176.70401555023645,-39.67264161291949,176.60042686922813,-39.78138183408305,19.81344189885467,23.78459120258721,11.33610190685512,"POLYGON Z ((1897053.43383059 5599342.08201022 -23784.5912025872, 1908346.34072764 5590303.26422127 -19813.4418988547, 1917719.60670887 5602014.02358372 -19813.4418988547, 1906426.69981182 5611052.84137267 -23784.5912025872, 1897053.43383059 5599342.08201022 -23784.5912025872))",2d_linear_centroids_interior,176.58439819420832,-39.68843325562293
32,12,176.5719308489395,-39.590791590695986,176.46905759868605,-39.6998831669302,23.699838861774776,28.722558181975415,9.153480684034271,"POLYGON Z ((1886357.90039863 5608564.12656491 -28722.5581819754, 1897443.7792448 5599796.25448336 -23699.8388617748, 1906748.81056861 5611561.30408219 -23699.8388617748, 1895662.93172244 5620329.17616374 -28722.5581819754, 1886357.90039863 5608564.12656491 -28722.5581819754))",2d_linear_centroids_interior,176.45408632565935,-39.607857148865705
32,13,176.44366145715256,-39.509963228586315,176.34349441705444,-39.620501379950234,28.892398032474386,34.91265419703375,7.190099700988801,"POLYGON Z ((1876061.73806007 5617326.53715978 -34912.6541970337, 1887004.04180528 5609018.55879796 -28892.3980324744, 1896074.63395551 5620965.28881266 -28892.3980324744, 1885132.33021029 5629273.26717449 -34912.6541970337, 1876061.73806007 5617326.53715978 -34912.6541970337))",2d_linear_centroids_interior,176.3282451411789,-39.529716807190574
32,14,176.3188146325462,-39.43314772828121,176.2172279056794,-39.542858245114786,34.79676399421907,41.86440053781864,4.264038584622463,"POLYGON Z ((1866008.95899513 5626132.22186096 -41864.4005378186, 1876471.91647997 5618034.38052156 -34796.7639942191, 1885652.73301332 5629896.61504044 -34796.7639942191, 1875189.77552848 5637994.45637984 -41864.4005378186, 1866008.95899513 5626132.22186096 -41864.4005378186))",2d_linear_centroids_interior,176.20564780330767,-39.453279654861845
32,15,176.20044226907757,-39.36378119873393,176.09024199069302,-39.468322639911754,41.83814183747066,49.83892767154059,0.3354411650697025,"POLYGON Z ((1856304.95786402 5635060.66162838 -49838.9276715406, 1865841.51906246 5626691.58601958 -41838.1418374707, 1875735.5387941 5637965.82096258 -41838.1418374707, 1866198.97759566 5646334.89657138 -49838.9276715406, 1856304.95786402 5635060.66162838 -49838.9276715406))",2d_linear_centroids_interior,176.08841007282453,-39.3798964616716
33,0,178.26837246715812,-40.420845919254646,178.21384165210867,-40.54906277298665,2.0573998977371417,4.059519903507049,2.173055175663522,"POLYGON Z ((2027720.9039643 5503642.58093493 -4059.51990350705, 2041561.89364404 5498218.69670241 -2057.39989773714, 2047034.74774205 5512184.65059113 -2057.39989773714, 2033193.75806231 5517608.53482365 -4059.51990350705, 2027720.9039643 5503642.58093493 -4059.51990350705))",nearest_neighbor_boundary,178.15794231175826,-40.46429250487066
33,1,178.13151178332558,-40.342049910262055,178.07156806074198,-40.46884996464183,4.029439692788503,5.823497988354804,2.233721329089446,"POLYGON Z ((2016331.36366992 5513695.2808706 -5823.4979883548, 2030021.35153333 5507833.06395785 -4029.4396927885, 2035925.9535028 5521622.0333023 -4029.4396927885, 2022235.9656394 5527484.25021504 -5823.4979883548, 2016331.36366992 5513695.2808706 -5823.4979883548))",2d_linear_centroids_interior,178.01925078421212,-40.382673620943706
33,2,177.99344315376914,-40.26098660772817,177.93186000112033,-40.38732445789873,5.758102679521016,7.202473554281283,2.2114751841983504,"POLYGON Z ((2005003.78534333 5523556.21521903 -7202.47355428128, 2018677.42888746 5517560.77820375 -5758.10267952102, 2024700.85563737 5531298.25723698 -5758.10267952102, 2011027.21209324 5537293.69425226 -7202.47355428128, 2005003.78534333 5523556.21521903 -7202.47355428128))",2d_linear_centroids_interior,177.8805548133746,-40.30066937116078
33,3,177.85694054971333,-40.18243948760965,177.788344488719,-40.30663547834768,7.085229385205148,8.223328081344517,2.4997726703287992,"POLYGON Z ((1993539.24747354 5533764.26942341 -8223.32808134452, 2006975.42639587 5527193.59005786 -7085.22938520515, 2013565.10069031 5540668.61112253 -7085.22938520515, 2000128.92176797 5547239.29048807 -8223.32808134452, 1993539.24747354 5533764.26942341 -8223.32808134452))",2d_linear_centroids_interior,177.74189718223448,-40.2183043319934
33,4,177.7231215837106,-40.110334218578046,177.63627735048266,-40.227610811251395,8.274060346993405,9.282590984866363,3.1524678686563616,"POLYGON Z ((1981901.12838032 5544727.42327324 -9282.59098486636, 1994506.12111469 5536659.15058827 -8274.0603469934, 2002592.69256374 5549292.73132373 -8274.0603469934, 1989987.69982938 5557361.0040087 -9282.59098486636, 1981901.12838032 5544727.42327324 -9282.59098486636))",2d_linear_centroids_interior,177.60350767907215,-40.13571542304215
33,5,177.5875359546114,-40.036698315701166,177.48612141291272,-40.14683560313897,9.284182704166955,10.34168198251322,4.260496912505252,"POLYGON Z ((1970419.33704038 5555539.55976875 -10341.6819825132, 1982178.91003267 5546287.84974761 -9284.18270416695, 1991453.6977403 5558076.7560997 -9284.18270416695, 1979694.12474801 5567328.46612084 -10341.6819825132, 1970419.33704038 5555539.55976875 -10341.6819825132))",2d_linear_centroids_interior,177.46538576039904,-40.05290370519654
33,6,177.4506669459154,-39.959443392150156,177.34082172294126,-40.06464452397539,10.319028054347095,11.549215247469801,6.493650778854516,"POLYGON Z ((1959061.922562 5565954.46565523 -11549.2152474698, 1970242.86155906 5556031.09714378 -10319.0280543471, 1980199.77188906 5567249.82865319 -10319.0280543471, 1969018.832892 5577173.19716464 -11549.2152474698, 1959061.922562 5565954.46565523 -11549.2152474698))",2d_linear_centroids_interior,177.3276509081608,-39.96994270666441
33,7,177.31345514083802,-39.87840554271444,177.20076094971844,-39.98174250137903,11.530917093156125,13.06014825193231,8.232423515546667,"POLYGON Z ((1947770.52883149 5575940.40689531 -13060.1482519323, 1958727.703033 5565811.15294544 -11530.9170931561, 1968910.0103377 5576825.7168475 -11530.9170931561, 1957952.8361362 5586954.97079736 -13060.1482519323, 1947770.52883149 5575940.40689531 -13060.1482519323))",2d_linear_centroids_interior,177.19042772792392,-39.88691039832105
33,8,177.17687288121377,-39.79790588560619,177.06064591316905,-39.89882224152471,13.093865801788967,15.072898825328533,8.760086104161784,"POLYGON Z ((1936525.80840527 5585947.09728601 -15072.8988253285, 1947178.51402215 5575573.89665497 -13093.865801789, 1957643.19375824 5586320.54627339 -13093.865801789, 1946990.48814136 5596693.74690444 -15072.8988253285, 1936525.80840527 5585947.09728601 -15072.8988253285))",2d_linear_centroids_interior,177.05395281746718,-39.80395436769517
33,9,177.04068985644602,-39.714150412264225,176.92555545415124,-39.81573293276704,15.0432943752631,17.624245268175862,8.909950439379246,"POLYGON Z ((1925352.84409428 5595530.52380202 -17624.2452681759, 1936030.9604018 5585316.977669 -15043.2943752631, 1946399.13880293 5596156.75979976 -15043.2943752631, 1935721.02249541 5606370.30593278 -17624.2452681759, 1925352.84409428 5595530.52380202 -17624.2452681759))",2d_linear_centroids_interior,176.91837271573073,-39.72116969868044
33,10,176.9052284055206,-39.62774424511972,176.79543424181907,-39.73272249381511,17.582265280446777,20.907205091029073,9.92604217489905,"POLYGON Z ((1914309.50903637 5604688.70017274 -20907.2050910291, 1925280.64655331 5595015.08053785 -17582.2652804468, 1935201.05203229 5606266.10516376 -17582.2652804468, 1924229.91451535 5615939.72479864 -20907.2050910291, 1914309.50903637 5604688.70017274 -20907.2050910291))",2d_linear_centroids_interior,176.78417114777372,-39.63886033967441
33,11,176.77145175486848,-39.54328655665905,176.66530695317377,-39.65042327027379,20.872623930636657,25.04271828599018,9.836781928295629,"POLYGON Z ((1903435.96199404 5613848.45343312 -25042.7182859902, 1914499.30746525 5604617.38090323 -20872.6239306367, 1924109.20950604 5616134.7496464 -20872.6239306367, 1913045.86403483 5625365.82217629 -25042.7182859902, 1903435.96199404 5613848.45343312 -25042.7182859902))",2d_linear_centroids_interior,176.65194369800983,-39.557404513495904
33,12,176.64015289749562,-39.460771949937694,176.5365989331458,-39.569361650769565,25.064894228626198,30.223092981574123,7.509619848407212,"POLYGON Z ((1892820.52945878 5622874.17791333 -30223.0929815741, 1903807.54905378 5614060.64365946 -25064.8942286262, 1913193.49825094 5625761.24012581 -25064.8942286262, 1902206.47865594 5634574.77437968 -30223.0929815741, 1892820.52945878 5622874.17791333 -30223.0929815741))",2d_linear_centroids_interior,176.52262713945112,-39.47739824330534
33,13,176.51260809261174,-39.382620207020565,176.40750247487298,-39.490257422774974,30.244294702445615,36.69226901219552,5.27490189755861,"POLYGON Z ((1882572.37810777 5631855.46895224 -36692.2690121955, 1893047.95404818 5623271.41769322 -30244.2947024456, 1902555.22612402 5634873.64927494 -30244.2947024456, 1892079.65018362 5643457.70053396 -36692.2690121955, 1882572.37810777 5631855.46895224 -36692.2690121955))",2d_linear_centroids_interior,176.3974628195766,-39.39963668357316
33,14,176.3907190042609,-39.309281642171186,176.28102372803397,-39.41406960569065,36.69332701154283,44.32995240075721,2.455294068468247,"POLYGON Z ((1872764.64503734 5640640.34627288 -44329.9524007572, 1882476.45293776 5632133.71709499 -36693.3270115428, 1892359.80965874 5643417.30074231 -36693.3270115428, 1882648.00175831 5651923.9299202 -44329.9524007572, 1872764.64503734 5640640.34627288 -44329.9524007572))",2d_linear_centroids_interior,176.27784947319356,-39.32502525530469
33,15,176.27426072751794,-39.23674517878147,176.16405388967803,-39.341149695918354,44.33819154871584,52.72977236366148,0.013166847725410488,"POLYGON Z ((1863361.85396575 5648811.03136316 -52729.7723636615, 1872687.91356612 5640588.74556439 -44338.1915487158, 1882607.76686162 5651840.25704488 -44338.1915487158, 1873281.70726125 5660062.54284365 -52729.7723636615, 1863361.85396575 5648811.03136316 -52729.7723636615))",2d_linear_centroids_interior,176.16354467898623,-39.25345204815149
34,0,178.33870940353432,-40.300591534530405,178.26108576226562,-40.42161119696741,2.1549544952029844,4.134306101879704,2.2897052807991103,"POLYGON Z ((2033479.28014742 5519474.87691594 -4134.3061018797, 2046411.10028155 5512136.60768977 -2154.95449520298, 2053814.10529577 5525182.50807109 -2154.95449520298, 2040882.28516164 5532520.77729726 -4134.3061018797, 2033479.28014742 5519474.87691594 -4134.3061018797))",nearest_neighbor_boundary,178.22155201915237,-40.331647160972054
34,1,178.1998777943924,-40.21830416826961,178.12368326266812,-40.33984028161006,4.097283816181305,5.835197024157476,2.2836614540285742,"POLYGON Z ((2022242.80261627 5529127.23998523 -5835.19702415748, 2035274.87219791 5521906.10294867 -4097.28381618131, 2042544.97006401 5535026.53270601 -4097.28381618131, 2029512.90048237 5542247.66974258 -5835.19702415748, 2022242.80261627 5529127.23998523 -5835.19702415748))",2d_linear_centroids_interior,178.08303618824763,-40.250065470346605
34,2,178.06310046684635,-40.139970965521165,177.98097113581684,-40.259199245222575,5.933686374681165,7.360522637485292,2.2546131074324904,"POLYGON Z ((2010863.67048209 5539267.17738678 -7360.52263748529, 2023650.82903158 5531556.61874881 -5933.68637468117, 2031396.50982107 5544402.02372909 -5933.68637468117, 2018609.35127158 5552112.58236706 -7360.52263748529, 2010863.67048209 5539267.17738678 -7360.52263748529))",2d_linear_centroids_interior,177.94471268072405,-40.168216516218294
34,3,177.92628894263166,-40.06198099524658,177.83716955387385,-40.17819342025395,7.371146198363257,8.57943422479301,2.5079830353553403,"POLYGON Z ((1999458.79570986 5549514.23638876 -8579.43422479301, 2011906.68975064 5541232.32996604 -7371.14619836326, 2020215.5970938 5553720.80700541 -7371.14619836326, 2007767.70305302 5562002.71342813 -8579.43422479301, 1999458.79570986 5549514.23638876 -8579.43422479301))",2d_linear_centroids_interior,177.80636007148345,-40.08596910759352
34,4,177.7907132179602,-39.98992939225606,177.6852690924444,-40.097741028837156,8.464155005257549,9.591317336246744,3.3790834925459503,"POLYGON Z ((1987978.02901678 5560473.86014165 -9591.31733624674, 1999438.80161355 5550862.39841282 -8464.15500525755, 2009077.51505919 5562355.66614279 -8464.15500525755, 1997616.74246242 5571967.12787162 -9591.31733624674, 1987978.02901678 5560473.86014165 -9591.31733624674))",2d_linear_centroids_interior,177.66813349296885,-40.003415033892175
34,5,177.65316201593103,-39.90981678308435,177.54400859705277,-40.0153669019078,9.582732489411093,10.708256324981296,5.013467058970063,"POLYGON Z ((1976651.22154537 5570541.73210304 -10708.2563249813, 1987859.24358653 5560636.50933823 -9582.73248941109, 1997792.46904198 5571876.21716589 -9582.73248941109, 1986584.44700082 5581781.4399307 -10708.2563249813, 1976651.22154537 5570541.73210304 -10708.2563249813))",2d_linear_centroids_interior,177.53027747214716,-39.920701568135904
34,6,177.5161425249357,-39.832668959432205,177.3989980876378,-39.93294591037141,10.708232440410782,12.069596599336466,7.037264678025541,"POLYGON Z ((1965339.05392077 5580946.62121885 -12069.5965993365, 1975929.74730539 5570411.7315061 -10708.2324404108, 1986508.29455522 5581046.31368328 -10708.2324404108, 1975917.6011706 5591581.20339603 -12069.5965993365, 1965339.05392077 5580946.62121885 -12069.5965993365))",2d_linear_centroids_interior,177.39284259966436,-39.83786153174757
34,7,177.37907330799112,-39.75019503321936,177.261407123154,-39.85003040807908,12.118031887146119,13.808390226122,8.538301453247241,"POLYGON Z ((1954076.38892052 5590737.47845983 -13808.390226122, 1964607.59506424 5580190.61229758 -12118.0318871461, 1975222.07405986 5590789.33088293 -12118.0318871461, 1964690.86791615 5601336.19704518 -13808.390226122, 1954076.38892052 5590737.47845983 -13808.390226122))",2d_linear_centroids_interior,177.25602096270313,-39.75501418926189
34,8,177.24230715834676,-39.665216947271226,177.1274484090885,-39.76690435371533,13.734391220318974,15.911970931341214,8.517125549000781,"POLYGON Z ((1942852.80038931 5600227.25686915 -15911.9709313412, 1953568.85690727 5589959.6242644 -13734.391220319, 1963946.42494099 5600790.41748121 -13734.391220319, 1953230.36842304 5611058.05008597 -15911.9709313412, 1942852.80038931 5600227.25686915 -15911.9709313412))",2d_linear_centroids_interior,177.1198229133622,-39.67217013576197
34,9,177.10684023781124,-39.583284661801464,176.99095449164543,-39.68419948268021,15.96248829919857,18.674424461877148,8.421408080229646,"POLYGON Z ((1931703.7513807 5609956.57611161 -18674.4244618771, 1942282.36439991 5599673.66072543 -15962.4882991986, 1952737.57469692 5610429.52320342 -15962.4882991986, 1942158.96167771 5620712.4385896 -18674.4244618771, 1931703.7513807 5609956.57611161 -18674.4244618771))",2d_linear_centroids_interior,176.98479855564403,-39.58967061156181
34,10,176.97238563751836,-39.500707282142045,176.8567662175931,-39.60172895187667,18.700927443723884,22.103141643045216,8.33659185238885,"POLYGON Z ((1920661.86953736 5619489.58585365 -22103.1416430452, 1931164.33013573 5609334.62352376 -18700.9274437239, 1941591.03290101 5620118.12339368 -18700.9274437239, 1931088.57230264 5630273.08572357 -22103.1416430452, 1920661.86953736 5619489.58585365 -22103.1416430452))",2d_linear_centroids_interior,176.85111036897993,-39.5076244203008
34,11,176.83846224985098,-39.41307315347663,176.7310357976177,-39.51931434000981,22.011562024534907,26.540384866491642,7.800042979563621,"POLYGON Z ((1909870.92929191 5628227.52276197 -26540.3848664916, 1920745.49480286 5618941.31855281 -22011.5620245349, 1930486.27407766 5630348.21204402 -22011.5620245349, 1919611.70856671 5639634.41625318 -26540.3848664916, 1909870.92929191 5628227.52276197 -26540.3848664916))",2d_linear_centroids_interior,176.71949041143517,-39.42649392384307
34,12,176.7094174322216,-39.33692756285467,176.59605457908043,-39.439328461633366,26.557397553740863,32.244995807147504,5.35864002192142,"POLYGON Z ((1899339.66510951 5637757.65329668 -32244.9958071475, 1909493.44042021 5628294.45758658 -26557.3975537409, 1919720.3211788 5639267.64809571 -26557.3975537409, 1909566.5458681 5648730.84380581 -32244.9958071475, 1899339.66510951 5637757.65329668 -32244.9958071475))",2d_linear_centroids_interior,176.59175750163573,-39.34742331157505
34,13,176.583400592279,-39.25834354448611,176.4705246587229,-39.36099974787392,32.17263436663113,38.96846666324009,3.194908206475516,"POLYGON Z ((1889200.72578722 5646489.61489639 -38968.4666632401, 1899021.87458327 5637414.28020712 -32172.6343666311, 1909201.92469697 5648430.93031878 -32172.6343666311, 1899380.77590092 5657506.26500805 -38968.4666632401, 1889200.72578722 5646489.61489639 -38968.4666632401))",2d_linear_centroids_interior,176.46813433920718,-39.27058094106992
34,14,176.46259953353749,-39.18171062828194,176.3519550735528,-39.28576020224032,39.0278792105803,46.97453424276154,2.055218139197826,"POLYGON Z ((1879621.75350553 5654624.21118808 -46974.5342427615, 1889113.54708501 5646153.28866193 -39027.8792105803, 1899101.22923776 5657344.63376498 -39027.8792105803, 1889609.43565828 5665815.55629113 -46974.5342427615, 1879621.75350553 5654624.21118808 -46974.5342427615))",2d_linear_centroids_interior,176.35061047088408,-39.197241265111295
35,0,178.4105652620947,-40.18555980380111,178.3075695616966,-40.294830577504406,2.61156064844404,4.4445726330957,2.355765667498737,"POLYGON Z ((2039685.26943075 5535413.45341912 -4444.5726330957, 2051204.28775745 5525982.00157683 -2611.56064844404, 2060706.95833523 5537588.0022614 -2611.56064844404, 2049187.94000853 5547019.45410368 -4444.5726330957, 2039685.26943075 5535413.45341912 -4444.5726330957))",nearest_neighbor_boundary,178.28838811563747,-40.201010650122406
35,1,178.26959852901717,-40.09487137492719,178.18132981714444,-40.21143619556422,4.495556559368423,6.153779397277492,2.3159447262946005,"POLYGON Z ((2028583.66946887 5544117.75617377 -6153.77939727749, 2041010.35630843 5535881.99566175 -4495.55655936842, 2049296.90703577 5548385.31830189 -4495.55655936842, 2036870.22019621 5556621.07881391 -6153.77939727749, 2028583.66946887 5544117.75617377 -6153.77939727749))",2d_linear_centroids_interior,178.15004696464885,-40.119474756124404
35,2,178.13271045028796,-40.01751506632251,178.03728439831414,-40.13067710441888,6.139948754855401,7.575460278208193,2.2870743813447985,"POLYGON Z ((2017208.01709155 5554381.18344063 -7575.46027820819, 2029254.56570728 5545559.62047735 -6139.9487548554, 2038116.80503649 5557661.71591872 -6139.9487548554, 2026070.25642075 5566483.27888199 -7575.46027820819, 2017208.01709155 5554381.18344063 -7575.46027820819))",2d_linear_centroids_interior,178.01176063188922,-40.03759147971241
35,3,177.99543372753087,-39.93897385160606,177.8945053433396,-40.0492401954497,7.560781240953006,8.797060713504777,2.689511757586025,"POLYGON Z ((2005854.31184913 5564556.71026712 -8797.06071350478, 2017581.27758278 5555285.79403691 -7560.78124095301, 2026883.84302814 5567052.79349024 -7560.78124095301, 2015156.8772945 5576323.70972045 -8797.06071350478, 2005854.31184913 5564556.71026712 -8797.06071350478))",2d_linear_centroids_interior,177.873610816419,-39.95540915612111
35,4,177.85843714394125,-39.86207303068621,177.74939344071848,-39.96761440108242,8.773018631091736,9.933921597014288,4.0310004082965145,"POLYGON Z ((1994495.43563943 5574950.69126063 -9933.92159701429, 2005680.10815573 5565023.18376847 -8773.01863109174, 2015637.48156924 5576241.50426238 -8773.01863109174, 2004452.80905294 5586169.01175453 -9933.92159701429, 1994495.43563943 5574950.69126063 -9933.92159701429))",2d_linear_centroids_interior,177.73567327413176,-39.872973470035
35,5,177.72127854426094,-39.78482364074966,177.60474629407966,-39.88543745635715,9.914887539971092,11.169903625478797,5.567964431998542,"POLYGON Z ((1983176.89924856 5585322.45969726 -11169.9036254788, 1993791.75293368 5574798.68585568 -9914.88753997109, 2004352.55603808 5585450.88927986 -9914.88753997109, 1993737.70235296 5595974.66312144 -11169.9036254788, 1983176.89924856 5585322.45969726 -11169.9036254788))",2d_linear_centroids_interior,177.59807170246094,-39.79035980152714
35,6,177.58403535716923,-39.70497871767155,177.4636193584157,-39.802754910362914,11.107259210241965,12.614920458118974,7.470644426308046,"POLYGON Z ((1971894.21104411 5595410.08607865 -12614.920458119, 1982177.57277469 5584594.38318519 -11107.259210242, 1993048.32545985 5594930.08519609 -11107.259210242, 1982764.96372927 5605745.78808955 -12614.920458119, 1971894.21104411 5595410.08607865 -12614.920458119))",2d_linear_centroids_interior,177.46089477774072,-39.70762373428071
35,7,177.44723947573203,-39.62212093800357,177.32700479603656,-39.719945680026484,12.637209598657366,14.46847944296512,8.469253416462237,"POLYGON Z ((1960641.39565491 5605134.3339043 -14468.4794429651, 1970921.47551686 5594365.56383575 -12637.2095986574, 1981771.40642298 5604723.12143068 -12637.2095986574, 1971491.32656104 5615491.89149923 -14468.4794429651, 1960641.39565491 5605134.3339043 -14468.4794429651))",2d_linear_centroids_interior,177.32438690946714,-39.624916408345506
35,8,177.31109689381626,-39.538888131478465,177.191562013279,-39.637140182882824,14.500554443639405,16.882037800109618,8.193136444197263,"POLYGON Z ((1949446.15445166 5614762.8606159 -16882.0378001096, 1959737.35664971 5604112.99233776 -14500.5544436394, 1970524.03986355 5614536.40182047 -14500.5544436394, 1960232.8376655 5625186.27009861 -16882.0378001096, 1949446.15445166 5614762.8606159 -16882.0378001096))",2d_linear_centroids_interior,177.18872559913612,-39.54235083755954
35,9,177.1759623922911,-39.45509501759854,177.05825842512292,-39.55458138050379,16.905937923776055,19.85253608175636,7.566765346607329,"POLYGON Z ((1938330.84428802 5624229.51506606 -19852.5360817564, 1948707.58323097 5613806.4230006 -16905.9379237761, 1959337.79572049 5624389.36127064 -16905.9379237761, 1948961.05677754 5634812.45333611 -19852.5360817564, 1938330.84428802 5624229.51506606 -19852.5360817564))",2d_linear_centroids_interior,177.05423114873952,-39.46012946328276
35,10,177.04180387225108,-39.37263900632408,176.92434731768114,-39.47222141406275,19.72775840121585,23.44935526885546,5.931636487043074,"POLYGON Z ((1927319.08088776 5633734.47426943 -23449.3552688555, 1937596.87330785 5623462.34207966 -19727.7584012159, 1948200.55316216 5634071.86485626 -19727.7584012159, 1937922.76074207 5644343.99704604 -23449.3552688555, 1927319.08088776 5633734.47426943 -23449.3552688555))",2d_linear_centroids_interior,176.9209658750162,-39.37829941445511
35,11,176.90959738507735,-39.28899780610876,176.795362788177,-39.39073652636908,23.440786667783563,28.191909203388846,5.141571333448874,"POLYGON Z ((1916563.44583374 5642784.35754695 -28191.9092033888, 1926878.83458574 5632985.39895193 -23440.7866677836, 1937209.71036657 5643860.73828462 -23440.7866677836, 1926894.32161457 5653659.69687964 -28191.9092033888, 1916563.44583374 5642784.35754695 -28191.9092033888))",2d_linear_centroids_interior,176.79042151087967,-39.29779188805348
35,12,176.77992559579044,-39.20418506337048,176.67323037809385,-39.3106857945888,28.23547137515396,34.05140602593293,2.8301891040915628,"POLYGON Z ((1906169.77716108 5651246.7385164 -34051.4060259329, 1916718.98109809 5642308.66263659 -28235.471375154, 1926415.58947405 5653753.12793661 -28235.471375154, 1915866.38553704 5662691.20381641 -34051.4060259329, 1906169.77716108 5651246.7385164 -34051.4060259329))",2d_linear_centroids_interior,176.6635151402538,-39.219196967080215
35,13,176.65524328719056,-39.13040548932946,176.54225921828052,-39.23284613743025,33.95508366514445,41.2945210876964,0.9564190965005759,"POLYGON Z ((1896181.71224702 5660309.54261672 -41294.5210876964, 1905761.89277142 5651401.5237887 -33955.0836651444, 1915976.12992468 5662386.4843884 -33955.0836651444, 1906395.94940028 5671294.50321643 -41294.5210876964, 1896181.71224702 5660309.54261672 -41294.5210876964))",2d_linear_centroids_interior,176.54142732951183,-39.14327776090811
36,0,178.48889456035963,-40.05482683739554,178.39954495510023,-40.170849504071356,2.804306105857641,4.6831528847670185,2.355765667498737,"POLYGON Z ((2047545.97623277 5547624.55859537 -4683.15288476702, 2059867.76267524 5539279.28965738 -2804.30610585764, 2068279.27735446 5551698.8879118 -2804.30610585764, 2055957.49091198 5560044.1568498 -4683.15288476702, 2047545.97623277 5547624.55859537 -4683.15288476702))",nearest_neighbor_boundary,178.36933083001782,-40.078786813322736
36,1,178.3517068723406,-39.97679389654832,178.25692441987093,-40.090214621086275,4.615369685150412,6.29104929193924,2.35319006044286,"POLYGON Z ((2036207.55226062 5557756.34036348 -6291.04929193924, 2048246.41834924 5548966.69866682 -4615.36968515041, 2057091.42423173 5561081.39515244 -4615.36968515041, 2045052.5581431 5569871.0368491 -6291.04929193924, 2036207.55226062 5557756.34036348 -6291.04929193924))",2d_linear_centroids_interior,178.2310777956176,-39.99728446855153
36,2,178.21354244063798,-39.89482653013298,178.11924615173572,-40.00845256181494,6.291111586814923,7.740017136711852,2.325489257129912,"POLYGON Z ((2024929.50264679 5567486.75191985 -7740.01713671185, 2037024.97039917 5558734.59032637 -6291.11158681492, 2045818.25029043 5570886.88347433 -6291.11158681492, 2033722.78253804 5579639.04506782 -7740.01713671185, 2024929.50264679 5567486.75191985 -7740.01713671185))",2d_linear_centroids_interior,178.09299519100136,-39.915504397065284
36,3,178.076918278062,-39.818344793516005,177.97410060221972,-39.92746139210406,7.720866285125857,9.004640937605574,3.0551557639805065,"POLYGON Z ((2013551.20091975 5577880.7343606 -9004.64093760557, 2025131.44846573 5568433.52369208 -7720.86628512586, 2034613.44978586 5580056.4170911 -7720.86628512586, 2023033.20223988 5589503.62775963 -9004.64093760557, 2013551.20091975 5577880.7343606 -9004.64093760557))",2d_linear_centroids_interior,177.9550410106703,-39.8334221326871
36,4,177.93980960934488,-39.74002162775564,177.83120649624442,-39.84570343123927,8.98585640016815,10.218964484393195,4.5869675040274505,"POLYGON Z ((2002215.43315136 5588098.93265669 -10218.9644843932, 2013405.38940591 5578186.09635854 -8985.85640016815, 2023351.89203495 5589414.05634469 -8985.85640016815, 2012161.9357804 5599326.89264283 -10218.9644843932, 2002215.43315136 5588098.93265669 -10218.9644843932))",2d_linear_centroids_interior,177.81732330339338,-39.75110265904787
36,5,177.80292904579267,-39.66384666913265,177.68550298104256,-39.76368486618637,10.165090109719756,11.539584974215227,6.08677745174562,"POLYGON Z ((1990901.3778593 5598574.4585387 -11539.5849742152, 2001410.41807517 5587959.80651385 -10165.0901097198, 2012069.91623524 5598513.24666271 -10165.0901097198, 2001560.87601936 5609127.89868756 -11539.5849742152, 1990901.3778593 5598574.4585387 -11539.5849742152))",2d_linear_centroids_interior,177.67993611315032,-39.66860372894051
36,6,177.66577300550455,-39.58049592801363,177.54945176864643,-39.68102795479801,11.528254012276056,13.103997932311936,7.805232869173011,"POLYGON Z ((1979625.31142709 5608245.08290433 -13103.9979323119, 1990217.04213907 5597741.16593857 -11528.2540122761, 2000779.40080221 5608391.82692609 -11528.2540122761, 1990187.67009023 5618895.74389185 -13103.9979323119, 1979625.31142709 5608245.08290433 -13103.9979323119))",2d_linear_centroids_interior,177.5430491543315,-39.586029889803996
36,7,177.5293869954977,-39.500904388624484,177.40900725785724,-39.598456089290785,13.127412969627814,15.096820760304393,8.761587911633763,"POLYGON Z ((1968388.99712298 5618306.74799922 -15096.8207603044, 1978617.34119205 5607513.11976036 -13127.4129696278, 1989505.22041647 5617830.77869999 -13127.4129696278, 1979276.8763474 5628624.40693886 -15096.8207603044, 1968388.99712298 5618306.74799922 -15096.8207603044))",2d_linear_centroids_interior,177.40682136889086,-39.503481016841015
36,8,177.39324911466326,-39.41541917664627,177.27671713554403,-39.51565421301846,14.994571750454947,17.472390308793095,8.194521804108753,"POLYGON Z ((1957190.25617699 5627678.51356479 -17472.3903087931, 1967690.9585085 5617257.58914625 -14994.5717504549, 1978257.03853583 5627904.55833264 -14994.5717504549, 1967756.33620432 5638325.48275118 -17472.3903087931, 1957190.25617699 5627678.51356479 -17472.3903087931))",2d_linear_centroids_interior,177.2712946924231,-39.42098734771831
36,9,177.25827143832925,-39.33146038967286,177.1440168688644,-39.43318603482093,17.46741481475473,20.570179503227827,7.254947206622602,"POLYGON Z ((1946097.8882166 5637096.50082122 -20570.1795032278, 1956699.96259253 5626949.14302644 -17467.4148147547, 1967071.634118 5637785.58292928 -17467.4148147547, 1956469.55974207 5647932.94072406 -20570.1795032278, 1946097.8882166 5637096.50082122 -20570.1795032278))",2d_linear_centroids_interior,177.13710085105797,-39.338940978145935
36,10,177.125274351209,-39.252046175205706,177.0078401397707,-39.35149065029714,20.659728473344934,24.64833188619643,5.656798225336763,"POLYGON Z ((1935173.7069155 5646795.82211532 -24648.3318861964, 1945377.98686992 5636550.64210583 -20659.7284733449, 1956005.78112317 5647136.00885953 -20659.7284733449, 1945801.50116875 5657381.18886902 -24648.3318861964, 1935173.7069155 5646795.82211532 -24648.3318861964))",2d_linear_centroids_interior,177.004943847496,-39.25778527275795
36,11,176.99396636329766,-39.16993155491087,176.87827052832026,-39.27052350465755,24.638280470447526,29.565774460254236,3.8410917719495505,"POLYGON Z ((1924456.78676727 5655924.74973494 -29565.7744602542, 1934594.92339223 5646028.38733484 -24638.2804704475, 1945072.76281975 5656762.2068289 -24638.2804704475, 1934934.62619479 5666658.56922901 -29565.7744602542, 1924456.78676727 5655924.74973494 -29565.7744602542))",2d_linear_centroids_interior,176.87512466437636,-39.17772188037459
36,12,176.86550034151426,-39.0928226591804,176.7460337143378,-39.19063114301139,29.413245353882374,35.74423191076442,2.0104060277165434,"POLYGON Z ((1914099.00783046 5665156.75712375 -35744.2319107644, 1923550.27539986 5655379.63328552 -29413.2453538824, 1934335.07465988 5665804.99202856 -29413.2453538824, 1924883.80709047 5675582.11586679 -35744.2319107644, 1914099.00783046 5665156.75712375 -35744.2319107644))",2d_linear_centroids_interior,176.74891001330067,-39.0995547144672
36,13,176.7434112903445,-39.01662171418982,176.62408067707904,-39.114452179835645,35.86585918439198,43.493899617581185,0.6189448575964693,"POLYGON Z ((1904361.28074331 5673537.99110407 -43493.8996175812, 1913352.3324917 5664265.77520886 -35865.859184392, 1924120.94745778 5674707.85027621 -35865.859184392, 1915129.89570939 5683980.06617142 -43493.8996175812, 1904361.28074331 5673537.99110407 -43493.8996175812))",2d_linear_centroids_interior,176.62979106086044,-39.025486005903836
37,0,178.57376894846428,-39.93563997290331,178.4836264497689,-40.05121594596472,2.796604361819513,4.715491617274376,2.4248958772077067,"POLYGON Z ((2055596.84762564 5560558.12872772 -4715.49161727438, 2067854.37677072 5552127.77577199 -2796.60436181951, 2076354.56952701 5564486.85029664 -2796.60436181951, 2064097.04038192 5572917.20325238 -4715.49161727438, 2055596.84762564 5560558.12872772 -4715.49161727438))",nearest_neighbor_boundary,178.4542547870925,-39.959026067421995
37,1,178.43668778508686,-39.85724355728229,178.34197615621127,-39.970605467217126,4.715978543723213,6.366550148297967,2.3893142593251415,"POLYGON Z ((2044273.32650402 5570628.20161972 -6366.55014829797, 2056301.19179627 5561818.77088387 -4715.97854372321, 2065164.44580241 5573920.12322245 -4715.97854372321, 2053136.58051017 5582729.55395831 -6366.55014829797, 2044273.32650402 5570628.20161972 -6366.55014829797))",2d_linear_centroids_interior,178.3162470506243,-39.87766110935524
37,2,178.29709790616675,-39.770669997340846,178.21041098071666,-39.887751238081876,6.292897170250173,7.75096347304377,2.3660880663727197,"POLYGON Z ((2033088.71546206 5579839.13242373 -7750.96347304377, 2045596.30329128 5571688.40918276 -6292.89717025017, 2053785.80844516 5584255.50929912 -6292.89717025017, 2041278.22061594 5592406.23254009 -7750.96347304377, 2033088.71546206 5579839.13242373 -7750.96347304377))",2d_linear_centroids_interior,178.17825667199764,-39.7959294562561
37,3,178.16139216213125,-39.69545718937512,178.06404669366037,-39.807413489192754,7.806181717251177,9.160934411053583,3.0597271473141343,"POLYGON Z ((2021671.71747999 5590353.05903749 -9160.93441105358, 2033579.93713337 5581333.13942445 -7806.18171725118, 2042636.87169354 5593290.22671078 -7806.18171725118, 2030728.65204016 5602310.14632382 -9160.93441105358, 2021671.71747999 5590353.05903749 -9160.93441105358))",2d_linear_centroids_interior,178.04057093194774,-39.71400178094432
37,4,178.02429661961457,-39.615407067512436,177.92376495491652,-39.725630589563394,9.134587453416204,10.446477244917729,4.785433532565781,"POLYGON Z ((2010347.09151435 5600361.17862496 -10446.4772449177, 2022064.22438321 5591088.22103267 -9134.5874534162, 2031372.85177964 5602850.4255877 -9134.5874534162, 2019655.71891078 5612123.38317999 -10446.4772449177, 2010347.09151435 5600361.17862496 -10446.4772449177))",2d_linear_centroids_interior,177.90306741035621,-39.63180644330624
37,5,177.8878603032075,-39.53753353499659,177.78071805000624,-39.64392060244781,10.438074339942268,11.831795052455695,6.547483867939497,"POLYGON Z ((1999011.75866619 5610628.58227598 -11831.7950524557, 2010281.59393097 5600828.15597504 -10438.0743399423, 2020124.60037782 5612146.9555619 -10438.0743399423, 2008854.76511303 5621947.38186284 -11831.7950524557, 1999011.75866619 5610628.58227598 -11831.7950524557))",2d_linear_centroids_interior,177.76591475279676,-39.5494456605431
37,6,177.75097078047318,-39.45525839525268,177.64357977192037,-39.561439249851865,11.82793964373851,13.489677929148025,8.225379085470287,"POLYGON Z ((1987742.67625681 5620400.98228039 -13489.677929148, 1998981.76406037 5610607.02847129 -11827.9396437385, 2008836.37626953 5621915.72504548 -11827.9396437385, 1997597.28846597 5631709.67885458 -13489.677929148, 1987742.67625681 5620400.98228039 -13489.677929148))",2d_linear_centroids_interior,177.62924034204886,-39.46699855907431
37,7,177.61482827039472,-39.37394884713448,177.5057784916547,-39.47905141703855,13.512659995102382,15.523006978092898,9.090801989107536,"POLYGON Z ((1976501.17384479 5630252.34777293 -15523.0069780929, 1987595.81407916 5620359.54922662 -13512.6599951024, 1997578.67597284 5631555.19429119 -13512.6599951024, 1986484.03573846 5641447.9928375 -15523.0069780929, 1976501.17384479 5630252.34777293 -15523.0069780929))",2d_linear_centroids_interior,177.4932344220438,-39.38458384462856
37,8,177.47895456532115,-39.29011156857218,177.37195505350616,-39.39641673729537,15.519096673245134,18.035086712694728,8.457629586616893,"POLYGON Z ((1965334.38904428 5639769.9173107 -18035.0867126947, 1976525.34411517 5630103.87785688 -15519.0966732451, 1986330.29504421 5641455.65909504 -15519.0966732451, 1975139.33997332 5651121.69854886 -18035.0867126947, 1965334.38904428 5639769.9173107 -18035.0867126947))",2d_linear_centroids_interior,177.35804995801712,-39.30229955868334
37,9,177.34418140333182,-39.20746879871946,177.23782893063233,-39.314108726350064,18.011315298253923,21.3003048808852,7.261974387829631,"POLYGON Z ((1954271.63499794 5649300.94153942 -21300.3048808852, 1965399.28214646 5639795.25816244 -18011.3152982539, 1975142.05468887 5651200.44922559 -18011.3152982539, 1964014.40754035 5660706.13260257 -21300.3048808852, 1954271.63499794 5649300.94153942 -21300.3048808852))",2d_linear_centroids_interior,177.22416424496353,-39.22044412563099
37,10,177.21104868776337,-39.12555981341608,177.10521706011113,-39.23245729786098,21.25728241509361,25.370665035700334,5.4557807821633455,"POLYGON Z ((1943362.74042268 5658709.38444525 -25370.6650357003, 1954373.02182559 5649389.84653583 -21257.2824150936, 1964064.06172615 5660839.0275391 -21257.2824150936, 1953053.78032324 5670158.56544853 -25370.6650357003, 1943362.74042268 5658709.38444525 -25370.6650357003))",2d_linear_centroids_interior,177.09216895199026,-39.139391453550594
37,11,177.08033794808705,-39.04578658373247,176.97335894427204,-39.151933657681475,25.342786771664205,30.60754370842953,3.4904747354585632,"POLYGON Z ((1932728.47757179 5667995.2770572 -30607.5437084295, 1943379.38367911 5658838.82941142 -25342.7867716642, 1953157.92727953 5670213.36610768 -25342.7867716642, 1942507.02117221 5679369.81375346 -30607.5437084295, 1932728.47757179 5667995.2770572 -30607.5437084295))",2d_linear_centroids_interior,176.96314376105212,-39.059823210628544
37,12,176.95379201559487,-38.96973220966417,176.8430891046481,-39.07347403767328,30.621528307487583,37.22773846024781,1.7628317146224244,"POLYGON Z ((1922515.6273867 5677086.97458018 -37227.7384602478, 1932487.05684511 5668035.53370188 -30621.5283074876, 1942568.9161928 5679142.11337761 -30621.5283074876, 1932597.48673438 5688193.55425592 -37227.7384602478, 1922515.6273867 5677086.97458018 -37227.7384602478))",2d_linear_centroids_interior,176.838813752013,-38.98283243439549
37,13,176.8324201075678,-38.89511791394786,176.72028289387052,-38.997855480058725,37.22592010727595,45.24494989090873,0.3252972948077495,"POLYGON Z ((1912904.68056793 5685489.51739167 -45244.9498909087, 1922203.0684797 5676873.53552242 -37225.9201072759, 1932398.24232074 5687876.19112691 -37225.9201072759, 1923099.85440896 5696492.17299617 -45244.9498909087, 1912904.68056793 5685489.51739167 -45244.9498909087))",2d_linear_centroids_interior,176.7208283467667,-38.90948141911815
38,0,178.66157605355198,-39.82355586053053,178.5607459691587,-39.93368014589193,2.946521911084971,4.787961931325326,2.4248958772077067,"POLYGON Z ((2063653.68304412 5574103.14005884 -4787.96193132533, 2075254.56909725 5564774.23114974 -2946.52191108497, 2084654.57914604 5576463.53442592 -2946.52191108497, 2073053.69309292 5585792.44333502 -4787.96193132533, 2063653.68304412 5574103.14005884 -4787.96193132533))",nearest_neighbor_boundary,178.54031197435523,-39.840053304447956
38,1,178.5203176493286,-39.73143485756963,178.43707075982982,-39.84993840467812,4.782868860425841,6.388894021863961,2.4254732260916048,"POLYGON Z ((2052594.6000596 5582625.40578606 -6388.89402186396, 2065246.72478933 5574729.55731965 -4782.86886042584, 2073188.2236663 5587454.8312101 -4782.86886042584, 2060536.09893658 5595350.67967651 -6388.89402186396, 2052594.6000596 5582625.40578606 -6388.89402186396))",2d_linear_centroids_interior,178.4023967837468,-39.75873858685041
38,2,178.3815768349762,-39.64778972161615,178.3018238040865,-39.7676978962092,6.27373868709845,7.746045759132048,2.4024850021418853,"POLYGON Z ((2041362.91131392 5592162.41911529 -7746.04575913205, 2054210.46853662 5584561.59118045 -6273.73868709845, 2061848.17700336 5597471.4869731 -6273.73868709845, 2049000.61978066 5605072.31490794 -7746.04575913205, 2041362.91131392 5592162.41911529 -7746.04575913205))",2d_linear_centroids_interior,178.26451756519663,-39.67706928868027
38,3,178.24380956386665,-39.56546504182863,178.16508108634116,-39.68576062535464,7.855525382503816,9.268587951068824,2.941778063565239,"POLYGON Z ((2030104.97577895 5601853.5999349 -9268.58795106882, 2043015.56224699 5594348.93397108 -7855.52538250382, 2050553.75130112 5607317.19159437 -7855.52538250382, 2037643.16483308 5614821.8575582 -9268.58795106882, 2030104.97577895 5601853.5999349 -9268.58795106882))",2d_linear_centroids_interior,178.12707528512368,-39.595284054739565
38,4,178.10671844823622,-39.484089662348296,178.0269007849327,-39.603938221018474,9.247238339961287,10.600265098248617,4.778347317097648,"POLYGON Z ((2018797.24984914 5611695.41932405 -10600.2650982486, 2031667.98046348 5604111.64638148 -9247.23833996129, 2039282.79512027 5617035.05915609 -9247.23833996129, 2026412.06450593 5624618.83209865 -10600.2650982486, 2018797.24984914 5611695.41932405 -10600.2650982486))",2d_linear_centroids_interior,177.98979084072553,-39.51321845699299
38,5,177.9702130436877,-39.403480283132026,177.88761438570535,-39.52217384852136,10.519309380065122,11.993429156204026,6.854840409004514,"POLYGON Z ((2007465.96004989 5621649.14729203 -11993.429156204, 2020196.29761144 5613853.92590616 -10519.3093800651, 2028029.43663548 5626646.18657541 -10519.3093800651, 2015299.09907394 5634441.40796128 -11993.429156204, 2007465.96004989 5621649.14729203 -11993.429156204))",2d_linear_centroids_interior,177.85278789851196,-39.430947449701016
38,6,177.83584772647353,-39.328055233495085,177.74201424514942,-39.44158965127305,11.990947583457906,13.750349228304346,8.398686426696651,"POLYGON Z ((1996050.76445949 5632170.72345292 -13750.3492283043, 2008145.30599786 5623474.36957163 -11990.9475834579, 2016902.10543437 5635652.97637326 -11990.9475834579, 2004807.563896 5644349.33025455 -13750.3492283043, 1996050.76445949 5632170.72345292 -13750.3492283043))",2d_linear_centroids_interior,177.71635661957444,-39.34864800973255
38,7,177.69940117803,-39.244835457667605,177.6068903472027,-39.3589877863118,13.659596589476854,15.722806268707448,9.433686165831594,"POLYGON Z ((1984830.93926589 5641804.80756128 -15722.8062687074, 1996979.43061005 5633251.60208729 -13659.5965894769, 2005614.71273207 5645516.67047981 -13659.5965894769, 1993466.22138791 5654069.8759538 -15722.8062687074, 1984830.93926589 5641804.80756128 -15722.8062687074))",2d_linear_centroids_interior,177.5804533540593,-39.26629755656959
38,8,177.56445435766227,-39.164076595465815,177.46962497596164,-39.2770383234072,15.778669940859524,18.373562910972666,8.418085791920447,"POLYGON Z ((1973645.41086699 5651631.93304032 -18373.5629109727, 1985597.10047044 5642947.25422666 -15778.6699408595, 1994414.72187789 5655081.89689609 -15778.6699408595, 1982463.03227445 5663766.57570975 -18373.5629109727, 1973645.41086699 5651631.93304032 -18373.5629109727))",2d_linear_centroids_interior,177.44559566820496,-39.18421539276991
38,9,177.42978998957923,-39.08116812589725,177.33645806200929,-39.194846127168105,18.373270543681556,21.660039521209573,7.23273886579595,"POLYGON Z ((1962606.95072132 5661104.67678091 -21660.0395212096, 1974542.02542591 5652634.07222844 -18373.2705436816, 1983223.60644705 5664866.41260031 -18373.2705436816, 1971288.53174246 5673337.01715278 -21660.0395212096, 1962606.95072132 5661104.67678091 -21660.0395212096))",2d_linear_centroids_interior,177.3119833175179,-39.10253167978833
38,10,177.29706512519175,-39.00051989315634,177.20260029333684,-39.11359214038614,21.660567395603508,25.973093813746836,5.279125668913736,"POLYGON Z ((1951736.79098157 5670597.49804858 -25973.0938137468, 1963394.999751 5662201.76793256 -21660.5673956035, 1972160.82192318 5674373.88203183 -21660.5673956035, 1960502.61315375 5682769.61214786 -25973.0938137468, 1951736.79098157 5670597.49804858 -25973.0938137468))",2d_linear_centroids_interior,177.1804518570845,-39.02176991370607
38,11,177.1680603811187,-38.92649946144282,177.0638109149636,-39.034170385850544,25.81039669840745,31.520810553979892,3.236148635753544,"POLYGON Z ((1941108.27677347 5680421.94010401 -31520.8105539799, 1951784.71057133 5671567.28398657 -25810.3966984075, 1961360.40737628 5683113.10707112 -25810.3966984075, 1950683.97357843 5691967.76318855 -31520.8105539799, 1941108.27677347 5680421.94010401 -31520.8105539799))",2d_linear_centroids_interior,177.0522280771282,-38.942704034690664
38,12,177.04326710207164,-38.85189895770844,176.9345751605593,-38.95680351582027,31.514748262028032,38.61835986595395,1.5625040339620062,"POLYGON Z ((1931070.8431136 5689403.93196632 -38618.3598659539, 1940965.43854528 5680649.75105523 -31514.748262028, 1950904.85540315 5691883.98411875 -31514.748262028, 1941010.25997148 5700638.16502984 -38618.3598659539, 1931070.8431136 5689403.93196632 -38618.3598659539))",2d_linear_centroids_interior,176.92986761304894,-38.86694462596568
38,13,176.92654464208198,-38.78505590641511,176.80823798222457,-38.88333602151836,38.81512101115472,47.02505723774646,0.2245220989823545,"POLYGON Z ((1921587.4807431 5698257.19642226 -47025.0572377465, 1930354.85232733 5689272.20100437 -38815.1210111547, 1941090.67226397 5699747.99072581 -38815.1210111547, 1932323.30067975 5708732.9861437 -47025.0572377465, 1921587.4807431 5698257.19642226 -47025.0572377465))",2d_linear_centroids_interior,176.8148793699116,-38.795474233446186
39,0,178.74127370569863,-39.69172383545949,178.65913246234626,-39.8106325295823,3.0747208248836118,4.79386268489816,2.491789061533235,"POLYGON Z ((2071860.96385516 5585746.85199302 -4793.86268489816, 2084536.36933402 5577912.39941408 -3074.72082488361, 2092422.78847646 5590671.88189222 -3074.72082488361, 2079747.3829976 5598506.33447115 -4793.86268489816, 2071860.96385516 5585746.85199302 -4793.86268489816))",nearest_neighbor_boundary,178.6237525964996,-39.71966213744628
39,1,178.59970932329747,-39.60241783595935,178.53187478409666,-39.72657901290236,4.821472353413838,6.333296111812641,2.4619589943321056,"POLYGON Z ((2060851.50836776 5594580.44399107 -6333.29611181264, 2074212.82575922 5587932.91915185 -4821.47235341384, 2080894.3737119 5601362.62193918 -4821.47235341384, 2067533.05632044 5608010.1467784 -6333.29611181264, 2060851.50836776 5594580.44399107 -6333.29611181264))",2d_linear_centroids_interior,178.4859317001034,-39.63839159197717
39,2,178.45645485398853,-39.5118391146642,178.4059359248024,-39.64084063172414,6.334871097007256,7.831006901356827,2.4396494783632403,"POLYGON Z ((2049990.62757 5603301.83833904 -7831.00690135683, 2063986.43482201 5598117.3463659 -6334.87109700726, 2069196.90989985 5612183.29636806 -6334.87109700726, 2055201.10264784 5617367.7883412 -7831.00690135683, 2049990.62757 5603301.83833904 -7831.00690135683))",2d_linear_centroids_interior,178.3483025801625,-39.55686003232056
39,3,178.3177493270344,-39.42840181600071,178.27051670374829,-39.55815424497547,7.659283330292807,9.052092296388047,2.851108207834595,"POLYGON Z ((2038786.39230221 5612887.4875885 -9052.09229638805, 2052897.38650492 5607994.64324242 -7659.28333029281, 2057811.46092315 5622166.86510818 -7659.28333029281, 2043700.46672043 5627059.70945426 -9052.09229638805, 2038786.39230221 5612887.4875885 -9052.09229638805))",2d_linear_centroids_interior,178.2107992936397,-39.475028909656174
39,4,178.1804458186733,-39.34629330023267,178.13365650773596,-39.47614950375286,9.108541517433972,10.63191267161145,5.046761214214652,"POLYGON Z ((2027533.28296961 5622617.33399842 -10631.9126716115, 2041651.58295683 5617784.84542651 -9108.54151743397, 2046509.18722733 5631976.52188672 -9108.54151743397, 2032390.88724012 5636809.01045863 -10631.9126716115, 2027533.28296961 5622617.33399842 -10631.9126716115))",2d_linear_centroids_interior,178.07382057852516,-39.39313740720095
39,5,178.04754723939058,-39.27032317217997,177.98848884526734,-39.39713593017111,10.283248808449317,11.892643542164326,7.036141165584564,"POLYGON Z ((2015922.28695911 5633107.33813051 -11892.6435421643, 2029643.14033259 5627263.70644339 -10283.2488084493, 2035520.70054877 5641064.22403895 -10283.2488084493, 2021799.84717529 5646907.85572606 -11892.6435421643, 2015922.28695911 5633107.33813051 -11892.6435421643))",2d_linear_centroids_interior,177.93688974570563,-39.31090212014851
39,6,177.91466919374668,-39.194577284708636,177.84378753321957,-39.3176749931262,11.881990793763785,13.746048030302777,8.422467264221503,"POLYGON Z ((2004412.03324242 5643574.34189694 -13746.0480303028, 2017648.82952161 5636769.01200912 -11881.9907937638, 2024507.3238527 5650109.21648695 -11881.9907937638, 2011270.52757351 5656914.54637478 -13746.0480303028, 2004412.03324242 5643574.34189694 -13746.0480303028))",2d_linear_centroids_interior,177.8007321497788,-39.22876127358635
39,7,177.78013183755434,-39.115615602631664,177.70332106500095,-39.23652997344311,13.50414525649253,15.698836192482338,9.516640454461264,"POLYGON Z ((1993062.12562434 5653685.24957008 -15698.8361924823, 2006001.20108533 5646421.38985844 -13504.1452564925, 2013344.08204386 5659501.22545484 -13504.1452564925, 2000405.00658288 5666765.08516648 -15698.8361924823, 1993062.12562434 5653685.24957008 -15698.8361924823))",2d_linear_centroids_interior,177.66495003352674,-39.14647885944274
39,8,177.6469835298812,-39.03792591986339,177.5629828554683,-39.15588661255526,15.84337727455539,18.506679649599693,8.486353396887584,"POLYGON Z ((1981805.68613025 5663805.74627827 -18506.6796495997, 1994333.35023727 5655997.77263073 -15843.3772745554, 2002267.38659009 5668727.70064121 -15843.3772745554, 1989739.72248307 5676535.67428876 -18506.6796495997, 1981805.68613025 5663805.74627827 -18506.6796495997))",2d_linear_centroids_interior,177.53056116729542,-39.06467810053816
39,9,177.5130802294259,-38.95735771951535,177.4267945238311,-39.07428692491164,18.37259785164942,21.728180872686092,7.297053455733199,"POLYGON Z ((1970705.20947307 5673551.23731738 -21728.1808726861, 1983001.65001653 5665643.16469822 -18372.5978516494, 1991115.34993895 5678259.33977504 -18372.5978516494, 1978818.90939548 5686167.4123942 -21728.1808726861, 1970705.20947307 5673551.23731738 -21728.1808726861))",2d_linear_centroids_interior,177.39696131450998,-38.98299932954282
39,10,177.38205040705944,-38.88165620639487,177.2867941005225,-38.99423237689058,21.68263944134749,26.311217634216664,5.253976403594295,"POLYGON Z ((1959788.02159822 5683537.94298362 -26311.2176342167, 1971303.85225128 5675114.05384127 -21682.6394413475, 1980159.90780286 5687220.67517289 -21682.6394413475, 1968644.07714981 5695644.56431524 -26311.2176342167, 1959788.02159822 5683537.94298362 -26311.2176342167))",2d_linear_centroids_interior,177.26593705830285,-38.90254760134539
39,11,177.25336906033044,-38.80458709578065,177.15436621053104,-38.91513259567116,26.259398105589014,32.330235147282075,3.0446482689335297,"POLYGON Z ((1949368.81352097 5692806.40503872 -32330.2351472821, 1960230.30856629 5684429.48060348 -26259.398105589, 1969391.02812872 5696307.24205496 -26259.398105589, 1958529.53308341 5704684.16649021 -32330.2351472821, 1949368.81352097 5692806.40503872 -32330.2351472821))",2d_linear_centroids_interior,177.13929146037924,-38.82445672921246
39,12,177.13004851932183,-38.73084179533217,177.02662251838552,-38.83883674366894,32.31272898591972,39.89573023525725,1.5389514124988104,"POLYGON Z ((1939524.74129891 5701615.00957276 -39895.7302352572, 1949523.83699056 5693398.18674384 -32312.7289859197, 1959047.19804142 5704987.21579268 -32312.7289859197, 1949048.10234977 5713204.03862161 -39895.7302352572, 1939524.74129891 5701615.00957276 -39895.7302352572))",2d_linear_centroids_interior,177.0188780820118,-38.749909418985666
39,13,177.01433354214726,-38.66151594413111,176.90625136823616,-38.766629343284905,39.911764561517614,48.75176512226176,0.26042384983611433,"POLYGON Z ((1930315.46369196 5709872.98977102 -48751.7651222618, 1939414.73098492 5701869.38278308 -39911.7645615176, 1949321.53443747 5713132.38617261 -39911.7645615176, 1940222.26714451 5721135.99316055 -48751.7651222618, 1930315.46369196 5709872.98977102 -48751.7651222618))",2d_linear_centroids_interior,176.90616279041393,-38.67986317867259
40,0,178.79854380517682,-39.547051240041085,178.73991612921867,-39.673940271362355,3.3216308591683332,4.88532503283071,2.491789061533235,"POLYGON Z ((2078736.74898063 5598568.04259655 -4885.32503283071, 2092433.07858689 5592654.88643018 -3321.63085916833, 2098378.62900304 5606426.2491169 -3321.63085916833, 2084682.29939678 5612339.40528326 -4885.32503283071, 2078736.74898063 5598568.04259655 -4885.32503283071))",nearest_neighbor_boundary,178.68769935497062,-39.58791691935998
40,1,178.65306089684017,-39.45511658545111,178.61590240484887,-39.586776495413396,4.7906848921129415,6.207958622267098,2.493678796030925,"POLYGON Z ((2068034.76372565 5607109.65638533 -6207.9586222671, 2082394.73619971 5603013.00827769 -4790.68489211294, 2086509.79386817 5617437.5117487 -4790.68489211294, 2072149.8213941 5621534.15985635 -6207.9586222671, 2068034.76372565 5607109.65638533 -6207.9586222671))",2d_linear_centroids_interior,178.54989174620553,-39.506589797464585
40,2,178.51088450949305,-39.36864024742396,178.4842399039889,-39.50183548889338,5.739113186193256,7.282906589194229,2.470456579243536,"POLYGON Z ((2057078.42346929 5616331.40072448 -7282.90658919423, 2071655.38636187 5613148.81455012 -5739.11318619326, 2074854.96330622 5627803.59900357 -5739.11318619326, 2060278.00041364 5630986.18517793 -7282.90658919423, 2057078.42346929 5616331.40072448 -7282.90658919423))",2d_linear_centroids_interior,178.41215374568827,-39.42492965339373
40,3,178.3720114885467,-39.28514587680429,178.3498669814678,-39.418852617123726,7.469908363205668,8.988788627674577,2.9933391465815093,"POLYGON Z ((2045979.27204654 5625842.45282511 -8988.78862767458, 2060641.13664903 5623063.47295463 -7469.90836320567, 2063434.47390906 5637801.08697291 -7469.90836320567, 2048772.60930657 5640580.06684339 -8988.78862767458, 2045979.27204654 5625842.45282511 -8988.78862767458))",2d_linear_centroids_interior,178.27528690986455,-39.34341476515951
40,4,178.24080178621006,-39.209603249120626,178.2046471233229,-39.3414689543414,8.808526434308494,10.460747503783384,5.10303274225839,"POLYGON Z ((2034249.73620184 5636336.56564122 -10460.7475037834, 2048627.19643352 5632392.10080754 -8808.52643430849, 2052595.80952889 5646857.58075462 -8808.52643430849, 2038218.34929721 5650802.0455883 -10460.7475037834, 2034249.73620184 5636336.56564122 -10460.7475037834))",2d_linear_centroids_interior,178.13843818058373,-39.261539933942124
40,5,178.10769060792492,-39.131937667003555,178.06268323647018,-39.26215584408982,10.41204276247645,12.214335716037859,7.099735050524615,"POLYGON Z ((2022737.72387037 5646566.96548856 -12214.3357160379, 2036878.22788321 5641898.14482672 -10412.0427624764, 2041581.11909856 5656141.83866704 -10412.0427624764, 2027440.61508572 5660810.65932887 -12214.3357160379, 2022737.72387037 5646566.96548856 -12214.3357160379))",2d_linear_centroids_interior,178.0021530390445,-39.17963313919094
40,6,177.97878009269576,-39.06144887428439,177.91136220310233,-39.18566839023637,11.886868278926324,13.949775247993838,8.425250660373926,"POLYGON Z ((2010926.16095095 5657636.85840595 -13949.7752479938, 2024275.26342387 5651114.13826752 -11886.8682789263, 2030860.55702154 5664591.30073714 -11886.8682789263, 2017511.45454861 5671114.02087558 -13949.7752479938, 2010926.16095095 5657636.85840595 -13949.7752479938))",2d_linear_centroids_interior,177.86614611447476,-39.09752556733414
40,7,177.8450983274738,-38.98299027877416,177.77137564746263,-39.105006085925886,13.905340397456623,16.226068170472733,9.45591022545592,"POLYGON Z ((1999595.76433727 5667736.31641571 -16226.0681704727, 2012648.60268439 5660719.3631105 -13905.3403974566, 2019751.07605955 5673931.284695 -13905.3403974566, 2006698.23771243 5680948.23800022 -16226.0681704727, 1999595.76433727 5667736.31641571 -16226.0681704727))",2d_linear_centroids_interior,177.73100439528463,-39.01557550890318
40,8,177.71274742138255,-38.907090440079514,177.62860737974145,-39.02491623310069,16.06683124760373,18.878908921599148,8.292759840055398,"POLYGON Z ((1988265.39198879 5678079.11189243 -18878.9089215991, 2000749.58889393 5670253.70156523 -16066.8312476037, 2008716.24827668 5682963.23886126 -16066.8312476037, 1996232.05137154 5690788.64918847 -18878.9089215991, 1988265.39198879 5678079.11189243 -18878.9089215991))",2d_linear_centroids_interior,177.59661786839388,-38.93372210878288
40,9,177.5811941723447,-38.83220892588954,177.4862237522318,-38.94487258279772,18.88191752990256,22.6759954327432,7.050092553748039,"POLYGON Z ((1977148.54682246 5688337.48830299 -22675.9954327432, 1988855.2768134 5679760.92455132 -18881.9175299026, 1997720.10389063 5691861.12458647 -18881.9175299026, 1986013.37389969 5700437.68833814 -22675.9954327432, 1977148.54682246 5688337.48830299 -22675.9954327432))",2d_linear_centroids_interior,177.46404586071262,-38.852620241981434
40,10,177.45028789320747,-38.75360830425684,177.35238310804084,-38.86468731437505,22.686761597426763,27.72969959929375,4.810862913784804,"POLYGON Z ((1966445.46881614 5697799.4120567 -27729.6995992937, 1977675.09780223 5689228.28557623 -22686.7615974268, 1986775.96685747 5701151.96715699 -22686.7615974268, 1975546.33787138 5709723.09363745 -27729.6995992937, 1966445.46881614 5697799.4120567 -27729.6995992937))",2d_linear_centroids_interior,177.3345535713592,-38.77306267983638
40,11,177.32200219388412,-38.674965497945266,177.22375973400443,-38.78582105016896,27.58720237698901,34.05128042302693,2.858297146959762,"POLYGON Z ((1956168.27716579 5706739.84555273 -34051.2804230269, 1966914.96172016 5698510.35795607 -27587.202376989, 1976034.70717824 5710419.60825908 -27587.202376989, 1965288.02262387 5718649.09585574 -34051.2804230269, 1956168.27716579 5706739.84555273 -34051.2804230269))",2d_linear_centroids_interior,177.20909380751277,-38.69566184309926
40,12,177.20081268841497,-38.602507957349744,177.09812327517216,-38.71081825939028,34.08073071649748,42.22329981455357,1.5507071078280914,"POLYGON Z ((1946611.09897032 5715301.21773113 -42223.2998145536, 1956370.36710546 5707335.33711755 -34080.7307164975, 1965855.39358527 5718955.76192378 -34080.7307164975, 1956096.12545013 5726921.64253736 -42223.2998145536, 1946611.09897032 5715301.21773113 -42223.2998145536))",2d_linear_centroids_interior,177.09152884958394,-38.622844602777576
40,13,177.08783629515938,-38.533409393897415,176.9832971335359,-38.640581045301325,42.25824583279694,51.68858732223342,0.8768149085240275,"POLYGON Z ((1937779.53432864 5723066.00177766 -51688.5873222334, 1946720.91391886 5715574.6473997 -42258.2458327969, 1956354.15763615 5727072.50004631 -42258.2458327969, 1947412.77804593 5734563.85442427 -51688.5873222334, 1937779.53432864 5723066.00177766 -51688.5873222334))",2d_linear_centroids_interior,176.98253543705908,-38.555087961728276
41,0,178.8444331000481,-39.39397509009179,178.83275783040693,-39.52841127179137,3.5147582569951883,4.9548605393756,2.547776007453575,"POLYGON Z ((2086655.27390337 5610273.02514787 -4954.8605393756, 2101455.86405604 5608306.14016161 -3514.75825699519, 2103431.8768852 5623175.4163141 -3514.75825699519, 2088631.28673254 5625142.30130036 -4954.8605393756, 2086655.27390337 5610273.02514787 -4954.8605393756))",nearest_neighbor_boundary,178.7522839180729,-39.456656281016315
41,1,178.70310164281506,-39.309676071851484,178.69846435699267,-39.4443889699508,4.4340922435449945,5.849100956040972,2.522640166129051,"POLYGON Z ((2075622.57615917 5619723.80542678 -5849.10095604097, 2090495.30196671 5618382.24760196 -4434.09224354499, 2091842.86911461 5633321.59373163 -4434.09224354499, 2076970.14330707 5634663.15155644 -5849.10095604097, 2075622.57615917 5619723.80542678 -5849.10095604097))",2d_linear_centroids_interior,178.61437844610163,-39.37520867361227
41,2,178.56835697418646,-39.23052583815667,178.55784828106403,-39.36505930416562,5.680527427349114,7.238112310826997,2.495529325342177,"POLYGON Z ((2064121.09442539 5629771.49988402 -7238.112310827, 2078928.69944675 5627952.49937213 -5680.52742734911, 2080757.58670354 5642840.58761078 -5680.52742734911, 2065949.98168219 5644659.58812267 -7238.112310827, 2064121.09442539 5629771.49988402 -7238.112310827))",2d_linear_centroids_interior,178.4769994648529,-39.29369967005809
41,3,178.43697108228537,-39.15426143171006,178.41386935470757,-39.2878590078115,7.075149703826207,8.742148897359977,3.036415290540006,"POLYGON Z ((2052401.18047862 5640153.02794368 -8742.14889735998, 2067029.52105813 5637283.74831652 -7075.14970382621, 2069916.68519105 5652003.26880021 -7075.14970382621, 2055288.34461155 5654872.54842736 -8742.14889735998, 2052401.18047862 5640153.02794368 -8742.14889735998))",2d_linear_centroids_interior,178.3400902860738,-39.212098929474074
41,4,178.30572176792467,-39.07842889744033,178.2696641483616,-39.21029258000167,8.407361041745268,10.121760906408607,5.081997777786232,"POLYGON Z ((2040716.18735476 5650584.31332383 -10121.7609064086, 2055085.30928356 5646636.00126683 -8407.36104174527, 2059059.66510581 5661099.90446749 -8407.36104174527, 2044690.54317702 5665048.21652449 -10121.7609064086, 2040716.18735476 5650584.31332383 -10121.7609064086))",2d_linear_centroids_interior,178.2036058813075,-39.13038250376699
41,5,178.17562759702156,-39.00515647575974,178.12176366566337,-39.13329102060299,9.717436033430946,11.685264957401829,7.883498078564543,"POLYGON Z ((2028944.25000168 5661347.17297201 -11685.2649574018, 2042789.95060468 5655922.76294528 -9717.43603343095, 2048261.65018204 5669889.16920226 -9717.43603343095, 2034415.94957904 5675313.57922899 -11685.2649574018, 2028944.25000168 5661347.17297201 -11685.2649574018))",2d_linear_centroids_interior,178.06726269312728,-39.048382189048084
41,6,178.04617666803432,-38.93409437984873,177.9727302273019,-39.056166355689925,11.84686308876607,14.076004926515974,9.644288759245146,"POLYGON Z ((2017309.37304199 5672240.89002294 -14076.004926516, 2030368.8992103 5665206.70898131 -11846.8630887661, 2037482.06509473 5678412.87690015 -11846.8630887661, 2024422.53892642 5685447.05794178 -14076.004926516, 2017309.37304199 5672240.89002294 -14076.004926516))",2d_linear_centroids_interior,177.93216543337607,-38.96676728924909
41,7,177.91395586574447,-38.85954326403003,177.82796612793348,-38.976499389662095,13.847364525821561,16.357159599598912,9.65411021786943,"POLYGON Z ((2005892.77970401 5682771.8416476 -16357.1595995989, 2018304.40571643 5674731.16577953 -13847.3645258216, 2026460.0542347 5687320.26412876 -13847.3645258216, 2014048.42822228 5695360.93999683 -16357.1595995989, 2005892.77970401 5682771.8416476 -16357.1595995989))",2d_linear_centroids_interior,177.79722797216766,-38.88488663296617
41,8,177.78142900444928,-38.78356563786519,177.68632013496045,-38.896097119000025,16.35314114441503,19.56362040460056,8.47809442114975,"POLYGON Z ((1994698.18196908 5693005.18750972 -19563.6204046006, 2006486.08329051 5684302.41752791 -16353.141144415, 2015395.30980565 5696369.96420907 -16353.141144415, 2003607.40848422 5705072.73419087 -19563.6204046006, 1994698.18196908 5693005.18750972 -19563.6204046006))",2d_linear_centroids_interior,177.66366960229672,-38.803485602854145
41,9,177.64925304194935,-38.70461742080066,177.5508915050888,-38.81538560727604,19.59149716248531,23.664309544026295,6.605656284086168,"POLYGON Z ((1983757.90643124 5702688.06275772 -23664.3095440263, 1995181.38346402 5693861.03767639 -19591.4971624853, 2004352.96119968 5705730.4168446 -19591.4971624853, 1992929.4841669 5714557.44192593 -23664.3095440263, 1983757.90643124 5702688.06275772 -23664.3095440263))",2d_linear_centroids_interior,177.53206513584672,-38.7229271845483
41,10,177.5192534650739,-38.6268699767062,177.41738216370862,-38.735631165281355,23.68324728438423,29.023571877082443,4.422014433173675,"POLYGON Z ((1973130.6001112 5712123.80086949 -29023.5718770824, 1984011.39320683 5703286.98725514 -23683.2472843842, 1993467.81309905 5714930.70327804 -23683.2472843842, 1982587.02000342 5723767.51689239 -29023.5718770824, 1973130.6001112 5712123.80086949 -29023.5718770824))",2d_linear_centroids_interior,177.40355719228947,-38.64393005515326
41,11,177.39281662557227,-38.55007758389042,177.28908770659953,-38.65770696328494,28.99739310919529,35.988342772510215,2.937411492969615,"POLYGON Z ((1963065.03435163 5720967.57445471 -35988.3427725102, 1973259.60254363 5712470.66900722 -28997.3931091953, 1982863.32367531 5723993.19218684 -28997.3931091953, 1972668.75548331 5732490.09763433 -35988.3427725102, 1963065.03435163 5720967.57445471 -35988.3427725102))",2d_linear_centroids_interior,177.28034333675186,-38.567876741655354
41,12,177.2712987352283,-38.47162355265167,177.17454103041837,-38.58314066561458,35.87833706439331,44.26311435846375,1.7064989639756714,"POLYGON Z ((1953719.51711672 5728680.31602479 -44263.1143584638, 1963664.3528521 5721210.66061606 -35878.3370643933, 1972672.86300778 5733204.27328177 -35878.3370643933, 1962728.0272724 5740673.9286905 -44263.1143584638, 1953719.51711672 5728680.31602479 -44263.1143584638))",2d_linear_centroids_interior,177.16412505277776,-38.49586231304576
41,13,177.15733408231776,-38.39895056855673,177.06580040650817,-38.51312675004522,44.15548485576193,53.47655688637981,1.6742683033468129,"POLYGON Z ((1944880.14956131 5736114.65222343 -53476.5568863798, 1954532.16268599 5729409.70935709 -44155.4848557619, 1963089.95620122 5741728.9694871 -44155.4848557619, 1953437.94307653 5748433.91235344 -53476.5568863798, 1944880.14956131 5736114.65222343 -53476.5568863798))",2d_linear_centroids_interior,177.05474116853932,-38.42783491436901
42,0,178.84484649431425,-39.224126146511885,178.84094887850912,-39.358833834242326,3.3373419980295003,4.785795046434002,3.5752249255554536,"POLYGON Z ((2088511.73072206 5628398.95164343 -4785.795046434, 2103384.91387769 5627098.79527373 -3337.3419980295, 2104691.17463589 5642041.80978994 -3337.3419980295, 2089817.99148026 5643341.96615964 -4785.795046434, 2088511.73072206 5628398.95164343 -4785.795046434))",2d_linear_centroids_interior,178.75662059180365,-39.2899404888115
42,1,178.71283808149076,-39.147511154355215,178.69735227578568,-39.28173388861461,4.596335144787306,6.1092301804729745,2.5410827912786127,"POLYGON Z ((2076792.7332485 5638725.30179526 -6109.23018047297, 2091542.84115123 5636456.93994823 -4596.33514478731, 2093822.82942922 5651282.64915394 -4596.33514478731, 2079072.7215265 5653551.01100097 -6109.23018047297, 2076792.7332485 5638725.30179526 -6109.23018047297))",2d_linear_centroids_interior,178.61927168423435,-39.208597468650154
42,2,178.57634789165107,-39.06668945183668,178.55898219193074,-39.20079155709249,5.663784689756219,7.301951882954442,2.5506278177409403,"POLYGON Z ((2065435.78546556 5648597.72502692 -7301.95188295444, 2080150.93099405 5646193.37473582 -5663.78468975622, 2082569.74926756 5660997.06745621 -5663.78468975622, 2067854.60373906 5663401.41774731 -7301.95188295444, 2065435.78546556 5648597.72502692 -7301.95188295444))",2d_linear_centroids_interior,178.48209593370345,-39.126986334519984
42,3,178.45198397492166,-38.9993832714193,178.40350512540826,-39.128779147432766,6.931952536666473,8.747384958304686,3.297922913298699,"POLYGON Z ((2053174.00784414 5660028.49901042 -8747.38495830468, 2067191.48625252 5655007.09440682 -6931.95253666647, 2072250.07659047 5669128.37847707 -6931.95253666647, 2058232.59818209 5674149.78308067 -8747.38495830468, 2053174.00784414 5660028.49901042 -8747.38495830468))",2d_linear_centroids_interior,178.34540351151668,-39.045293544057756
42,4,178.32152346346604,-38.926731940550205,178.2560362547389,-39.05149123738169,8.752162459177539,10.669233512077497,6.350344389494712,"POLYGON Z ((2041516.33092741 5670772.94646524 -10669.2335120775, 2054931.76159413 5664342.46758692 -8752.16245917754, 2061415.41061343 5677868.82317128 -8752.16245917754, 2047999.97994671 5684299.3020496 -10669.2335120775, 2041516.33092741 5670772.94646524 -10669.2335120775))",2d_linear_centroids_interior,178.20955767897817,-38.96374085623056
42,5,178.18852533027075,-38.85030457781222,178.11377887464045,-38.97184296768948,10.711806449688396,12.939868198933754,10.940292351451909,"POLYGON Z ((2030124.61859874 5681062.77958743 -12939.8681989338, 2043110.26976691 5673892.80018855 -10711.8064496884, 2050360.67953283 5687024.11993282 -10711.8064496884, 2037375.02836467 5694194.0993317 -12939.8681989338, 2030124.61859874 5681062.77958743 -12939.8681989338))",2d_linear_centroids_interior,178.07429398493665,-38.88217457319188
42,6,178.05752594900574,-38.77950424803859,177.964789340355,-38.89319804036816,12.85525756793854,15.434699781743129,10.858253659202017,"POLYGON Z ((2018667.9390684 5691962.5776754 -15434.6997817431, 2030670.21657353 5683343.30783652 -12855.2575679385, 2039419.82547297 5695527.08164051 -12855.2575679385, 2027417.54796784 5704146.35147939 -15434.6997817431, 2018667.9390684 5691962.5776754 -15434.6997817431))",2d_linear_centroids_interior,177.93962790777542,-38.8006080887273
42,7,177.92438536416057,-38.701719821283476,177.82598052438647,-38.81242244018077,15.441233467070239,18.43013996604165,9.380607715094538,"POLYGON Z ((2007498.5809156 5701990.03219078 -18430.1399660417, 2019098.24166755 5692961.50471505 -15441.2334670702, 2028311.52711967 5704798.53859933 -15441.2334670702, 2016711.86636772 5713827.06607507 -18430.1399660417, 2007498.5809156 5701990.03219078 -18430.1399660417))",2d_linear_centroids_interior,177.8059819926869,-38.71930315325083
42,8,177.7919196118565,-38.623502856801515,177.68905565177633,-38.7316461461251,18.455968357473974,22.32522135607085,7.428563634242451,"POLYGON Z ((1996507.9530935 5711804.55228373 -22325.2213560708, 2007662.35185545 5702552.07858789 -18455.968357474, 2017238.91350169 5714097.18434902 -18455.968357474, 2006084.51473974 5723349.65804486 -22325.2213560708, 1996507.9530935 5711804.55228373 -22325.2213560708))",2d_linear_centroids_interior,177.67391594757493,-38.638609983840865
42,9,177.6613628782431,-38.546159153169505,177.554088209232,-38.65158357869906,22.290089387423343,27.400632868643754,5.347454855230443,"POLYGON Z ((1985801.2274077 5721378.33186322 -27400.6328686438, 1996365.61377466 5712036.16476901 -22290.0893874233, 2006302.28163532 5723272.829391 -22290.0893874233, 1995737.89526835 5732614.99648521 -27400.6328686438, 1985801.2274077 5721378.33186322 -27400.6328686438))",2d_linear_centroids_interior,177.54464640766656,-38.55928856817826
42,10,177.53360296883037,-38.465362409944895,177.43015366969252,-38.57306672516703,27.40459832258305,33.70440409204575,3.7178649069015037,"POLYGON Z ((1975542.01217586 5730003.74269169 -33704.4040920457, 1985995.66446023 5721284.01785746 -27404.598322583, 1995603.8580223 5732802.81191212 -27404.598322583, 1985150.20573794 5741522.53674635 -33704.4040920457, 1975542.01217586 5730003.74269169 -33704.4040920457))",2d_linear_centroids_interior,177.41973907298242,-38.48232667719711
42,11,177.41115621995905,-38.38982279185293,177.30769640540078,-38.49747463523469,33.74031521430843,41.47893608038631,2.3201007464940795,"POLYGON Z ((1965842.75177076 5738410.36350104 -41478.9360803863, 1975715.3819207 5730185.71025523 -33740.3152143084, 1985316.39893594 5741710.48670743 -33740.3152143084, 1975443.768786 5749935.13995323 -41478.9360803863, 1965842.75177076 5738410.36350104 -41478.9360803863))",2d_linear_centroids_interior,177.3008621893317,-38.408790467410306
42,12,177.29601820731523,-38.319234459215934,177.19115576047955,-38.42599784612273,41.510714455095034,50.659431067344194,1.7801479322780567,"POLYGON Z ((1956849.08767742 5746288.1842776 -50659.4310673442, 1965908.32262527 5738592.00038503 -41510.714455095, 1975619.99675825 5750023.68379278 -41510.714455095, 1966560.76181039 5757719.86768535 -50659.4310673442, 1956849.08767742 5746288.1842776 -50659.4310673442))",2d_linear_centroids_interior,177.189912373839,-38.33990232650122
43,0,178.85550610089334,-39.064247521693275,178.83136233765686,-39.19767235830099,3.481305917179892,4.926205469041109,2.962803061447867,"POLYGON Z ((2089096.68310059 5648088.11448824 -4926.20546904111, 2103715.78128504 5645055.91502938 -3481.30591717989, 2106762.14702321 5659743.31288568 -3481.30591717989, 2092143.04883875 5662775.51234455 -4926.20546904111, 2089096.68310059 5648088.11448824 -4926.20546904111))",2d_linear_centroids_interior,178.7581928048361,-39.1215691930593
43,1,178.72369520964367,-38.988864312863456,178.68649716054566,-39.12047043831464,4.68798318493769,6.307976672145938,2.6063485700879863,"POLYGON Z ((2077400.72359623 5658547.91963433 -6307.97667214594, 2091733.15766283 5654430.03731108 -4687.98318493769, 2095875.26742988 5668846.79584681 -4687.98318493769, 2081542.83336329 5672964.67817007 -6307.97667214594, 2077400.72359623 5658547.91963433 -6307.97667214594))",2d_linear_centroids_interior,178.62122205207413,-39.04021930025937
43,2,178.59163114191267,-38.913328769371056,178.5426509902973,-39.04257723265941,6.260317681141596,8.088916815418566,2.7539273824893744,"POLYGON Z ((2065824.11685526 5668943.25744372 -8088.91681541857, 2079815.5497673 5663854.44321308 -6260.3176811416, 2084942.60374398 5677951.01433943 -6260.3176811416, 2070951.17083193 5683039.82857007 -8088.91681541857, 2065824.11685526 5668943.25744372 -8088.91681541857))",2d_linear_centroids_interior,178.48500390664842,-38.95895021073894
43,3,178.4633156799119,-38.84541075366037,178.38911551685038,-38.96711128015652,7.912968865626385,9.969144597197385,4.7144178920467485,"POLYGON Z ((2054004.10804085 5680216.09906968 -9969.14459719738, 2067013.79155212 5673038.33644492 -7912.96886562639, 2074259.95649791 5686171.99905588 -7912.96886562639, 2061250.27298664 5693349.76168064 -9969.14459719738, 2054004.10804085 5680216.09906968 -9969.14459719738))",2d_linear_centroids_interior,178.3491308409497,-38.87752250214858
43,4,178.33046644320936,-38.77046782547076,178.2452203420447,-38.887648494278054,9.885984855694543,12.014399239459948,9.468370340336572,"POLYGON Z ((2042587.69984497 5690673.20639 -12014.3992394599, 2055045.73441797 5682594.3929382 -9885.98485569454, 2063207.12633413 5695179.7686573 -9885.98485569454, 2050749.09176113 5703258.58210909 -12014.3992394599, 2042587.69984497 5690673.20639 -12014.3992394599))",2d_linear_centroids_interior,178.21376316822554,-38.79603497478655
43,5,178.1973790218208,-38.695137735788805,178.1023162883666,-38.807571298061085,12.047559507030133,14.644947372929307,12.191103827807927,"POLYGON Z ((2031299.94126095 5701029.64973186 -14644.9473729293, 2043139.23656398 5692193.09706683 -12047.5595070301, 2052111.3229168 5704213.98166313 -12047.5595070301, 2040272.02761377 5713050.53432815 -14644.9473729293, 2031299.94126095 5701029.64973186 -14644.9473729293))",2d_linear_centroids_interior,178.07921259741872,-38.71467989684983
43,6,178.06403099801062,-38.617465815490974,177.96330482378806,-38.726793032391754,14.542126040963183,17.635351835385517,10.75467394159758,"POLYGON Z ((2020136.92575191 5711063.15755201 -17635.3518353855, 2031547.25045998 5701830.79901038 -14542.1260409632, 2040982.40158353 5713491.75622991 -14542.1260409632, 2029572.07687546 5722724.11477154 -17635.3518353855, 2020136.92575191 5711063.15755201 -17635.3518353855))",2d_linear_centroids_interior,177.945510601164,-38.633482298075606
43,7,177.93217729385253,-38.543083558855194,177.82180236765217,-38.6464723357525,17.58245979243865,21.34024745293087,8.982466814493472,"POLYGON Z ((2009088.05865828 5721314.2376055 -21340.2474529309, 2019707.85506104 5711409.74588394 -17582.4597924387, 2029938.58811147 5722379.34483973 -17582.4597924387, 2019318.79170871 5732283.83656129 -21340.2474529309, 2009088.05865828 5721314.2376055 -21340.2474529309))",2d_linear_centroids_interior,177.8132962076985,-38.55283890996764
43,8,177.80103300442076,-38.46402285700442,177.68883099913953,-38.56613095178577,21.284491202637042,25.94159750497862,6.361412874812221,"POLYGON Z ((1998286.79938765 5730795.64237706 -25941.5975049786, 2008584.32706893 5720932.971109 -21284.491202637, 2018959.73051759 5731765.8379169 -21284.491202637, 2008662.2028363 5741628.50918496 -25941.5975049786, 1998286.79938765 5730795.64237706 -25941.5975049786))",2d_linear_centroids_interior,177.68323671258747,-38.473170476622855
43,9,177.67265201044233,-38.38602496629589,177.5589072643171,-38.487008992337756,25.944546729148044,32.056561494974375,4.4573611675124125,"POLYGON Z ((1987908.64341994 5739876.1002966 -32056.5614949744, 1997693.72593614 5730289.88959302 -25944.546729148, 2008190.88376055 5741004.81738603 -25944.546729148, 1998405.80124435 5750591.02808961 -32056.5614949744, 1987908.64341994 5739876.1002966 -32056.5614949744))",2d_linear_centroids_interior,177.55722732290423,-38.395661341882025
43,10,177.54971492867853,-38.30852278238634,177.43840875897556,-38.41111414677554,32.17239114208341,39.586143065804244,3.025914523979537,"POLYGON Z ((1978093.8005834 5748174.62966896 -39586.1430658042, 1987584.02583337 5739231.92833668 -32172.3911420834, 1997871.03637574 5750148.76918471 -32172.3911420834, 1988380.81112577 5759091.47051699 -39586.1430658042, 1978093.8005834 5748174.62966896 -39586.1430658042))",2d_linear_centroids_interior,177.43749619040818,-38.32172026624416
43,11,177.4313348536356,-38.232634935570324,177.32449376332553,-38.33807706318612,39.47623927358597,48.04429431275608,1.917778021279444,"POLYGON Z ((1968767.09128492 5755945.76041337 -48044.2943127561, 1978012.71907586 5747815.15160485 -39476.239273586, 1987918.33063935 5759079.20325393 -39476.239273586, 1978672.70284841 5767209.81206245 -48044.2943127561, 1968767.09128492 5755945.76041337 -48044.2943127561))",2d_linear_centroids_interior,177.32307547459695,-38.250790809122705
44,0,178.93869936242956,-38.946230751578945,178.9057396337618,-39.07848738978144,2.9858912506115747,4.432942222201138,3.413037919599213,"POLYGON Z ((2096570.80933317 5661677.31348467 -4432.94222220114, 2111009.59433714 5657878.95448443 -2985.89125061157, 2114825.75233208 5672385.39919558 -2985.89125061157, 2100386.96732811 5676183.75819582 -4432.94222220114, 2096570.80933317 5661677.31348467 -4432.94222220114))",2d_linear_centroids_interior,178.83787687364003,-38.99953020666135
44,1,178.8111103807287,-38.877793049855725,178.75234932347203,-39.004492912199794,4.216493719963947,5.887472695341999,3.0221699400718895,"POLYGON Z ((2084584.49309286 5672909.93394889 -5887.472695342, 2098249.40609669 5666953.59431271 -4216.49371996395, 2104243.05134459 5680704.09309066 -4216.49371996395, 2090578.13834076 5686660.43272684 -5887.472695342, 2084584.49309286 5672909.93394889 -5887.472695342))",2d_linear_centroids_interior,178.7011632777922,-38.918312638291596
44,2,178.67812515468808,-38.802671988811284,178.60814692733967,-38.92584315067497,5.8565759950575895,7.8088584164100565,3.296881926711432,"POLYGON Z ((2073097.91197788 5683339.41911482 -7808.85841641006, 2086290.1672408 5676472.61531501 -5856.57599505759, 2093215.88094188 5689778.04615098 -5856.57599505759, 2080023.62567895 5696644.84995079 -7808.85841641006, 2073097.91197788 5683339.41911482 -7808.85841641006))",2d_linear_centroids_interior,178.565088671465,-38.83710992041946
44,3,178.54370178683274,-38.724037038091055,178.46924300631338,-38.84558263325735,7.853730489377223,10.0082864656362,5.124565765259389,"POLYGON Z ((2061799.54891666 5693335.16647248 -10008.2864656362, 2074773.6831726 5686122.00289094 -7853.73048937722, 2082062.42788217 5699232.08300354 -7853.73048937722, 2069088.29362623 5706445.24658507 -10008.2864656362, 2061799.54891666 5693335.16647248 -10008.2864656362))",2d_linear_centroids_interior,178.42969030053365,-38.755948864084836
44,4,178.41199114446857,-38.65254186404106,178.32100696728637,-38.76696685692078,9.744586248766346,12.207181906778578,9.941541774641653,"POLYGON Z ((2050329.18398051 5704163.86724322 -12207.1819067786, 2062407.28367862 5695616.63784957 -9744.58624876635, 2071072.08090135 5707860.87278234 -9744.58624876635, 2058993.98120324 5716408.10217599 -12207.1819067786, 2050329.18398051 5704163.86724322 -12207.1819067786))",2d_linear_centroids_interior,178.2945392382008,-38.67457538023719
44,5,178.2798095035476,-38.580147636351825,178.17557960766095,-38.68736989603254,12.270293893958497,14.911929276613792,13.00350920107402,"POLYGON Z ((2039050.68664708 5714792.27252774 -14911.9292766138, 2050262.74781832 5705184.38791158 -12270.2938939585, 2060023.1814973 5716574.468438 -12270.2938939585, 2048811.12032606 5726182.35305416 -14911.9292766138, 2039050.68664708 5714792.27252774 -14911.9292766138))",2d_linear_centroids_interior,178.16048800114436,-38.59350748177941
44,6,178.14582417528464,-38.49808754436984,178.0429576010806,-38.606070590891335,14.937767215029686,18.281043924432037,11.556658533370676,"POLYGON Z ((2028010.84061083 5724253.75551302 -18281.043924432, 2039215.94272497 5714858.64042825 -14937.7672150297, 2048853.49309846 5726352.88345677 -14937.7672150297, 2037648.39098431 5735747.99854153 -18281.043924432, 2028010.84061083 5724253.75551302 -18281.043924432))",2d_linear_centroids_interior,178.02743810252002,-38.51269332445394
44,7,178.01421784805527,-38.421914424111904,177.90488975393447,-38.52585486805154,18.230154225005407,22.269940529121687,9.825513031337294,"POLYGON Z ((2017040.55445908 5734212.52026247 -22269.9405291217, 2027660.91444761 5724420.27433362 -18230.1542250054, 2037828.85563098 5735448.10150364 -18230.1542250054, 2027208.49564244 5745240.34743248 -22269.9405291217, 2017040.55445908 5734212.52026247 -22269.9405291217))",2d_linear_centroids_interior,177.8959618700598,-38.43249008965828
44,8,177.884475418229,-38.34558001346612,177.77040814405916,-38.44626035718331,22.33304762016494,27.46919845427218,7.171494835900755,"POLYGON Z ((2006374.83956906 5743794.83403752 -27469.1984542722, 2016388.23338661 5733877.58145105 -22333.0476201649, 2026943.5482919 5744535.22318128 -22333.0476201649, 2016930.15447435 5754452.47576776 -27469.1984542722, 2006374.83956906 5743794.83403752 -27469.1984542722))",2d_linear_centroids_interior,177.7674164102417,-38.35374262936188
44,9,177.75735273429393,-38.26616153334301,177.6451397932575,-38.36806199766678,27.42063606306731,33.65703822981394,5.0048634624354005,"POLYGON Z ((1996050.95809015 5752574.29792527 -33657.0382298139, 2005886.89287874 5743121.16749936 -27420.6360630673, 2016280.95286078 5753936.13477114 -27420.6360630673, 2006445.01807219 5763389.26519705 -33657.0382298139, 1996050.95809015 5752574.29792527 -33657.0382298139))",2d_linear_centroids_interior,177.64250146716742,-38.27690417824788
44,10,177.63469573874818,-38.189341410276064,177.52416424032438,-38.29231854069494,33.684962628403824,41.20002360705021,3.748529749278338,"POLYGON Z ((1986243.13013309 5760925.99281021 -41200.0236070502, 1995723.79518469 5752058.02524901 -33684.9626284038, 2005970.5102041 5763012.69691506 -33684.9626284038, 1996489.8451525 5771880.66447626 -41200.0236070502, 1986243.13013309 5760925.99281021 -41200.0236070502))",2d_linear_centroids_interior,177.52299744354147,-38.20310300346715
45,0,179.02799177557515,-38.8428258563099,178.95486119587846,-38.96483123020224,2.770303965153163,4.2262005702151555,3.8490239175192658,"POLYGON Z ((2103018.32292436 5677434.78725602 -4226.20057021516, 2116092.35649143 5670227.15162688 -2770.30396515316, 2123334.18401714 5683363.20636519 -2770.30396515316, 2110260.15045006 5690570.84199433 -4226.20057021516, 2103018.32292436 5677434.78725602 -4226.20057021516))",2d_linear_centroids_interior,178.9137818253248,-38.87536713533906
45,1,178.89042397056426,-38.76012262219657,178.81991822716802,-38.88306197166467,3.9712485773729203,5.641366993649798,3.562741736871617,"POLYGON Z ((2091789.26040379 5687031.72054868 -5641.3669936498, 2104970.43491616 5680069.87144444 -3971.24857737292, 2111975.84199393 5693333.51618013 -3971.24857737292, 2098794.66748156 5700295.36528437 -5641.3669936498, 2091789.26040379 5687031.72054868 -5641.3669936498))",2d_linear_centroids_interior,178.77713828632972,-38.79416042837936
45,2,178.75735702794418,-38.68566124699403,178.67558481338418,-38.8042400164106,5.816122440092087,7.857278932567921,3.9468176372807378,"POLYGON Z ((2080375.83230408 5697482.87708107 -7857.27893256792, 2092984.21749867 5689617.61783817 -5816.12244009209, 2100923.32432675 5702344.38422922 -5816.12244009209, 2088314.93913216 5710209.64347212 -7857.27893256792, 2080375.83230408 5697482.87708107 -7857.27893256792))",2d_linear_centroids_interior,178.64153071031075,-38.7132070886787
45,3,178.6229335647017,-38.60769184895984,178.53590051894042,-38.72393033158734,7.72385273929051,10.033179160116408,5.521973834544269,"POLYGON Z ((2069083.52820123 5707552.99496824 -10033.1791601164, 2081384.31385439 5699285.12439613 -7723.85273929051, 2089751.94461303 5711734.33141856 -7723.85273929051, 2077451.15895987 5720002.20199066 -10033.1791601164, 2069083.52820123 5707552.99496824 -10033.1791601164))",2d_linear_centroids_interior,178.50623644002755,-38.632080431095616
45,4,178.48924941509824,-38.5299636770477,178.39698887958713,-38.64366943637821,10.048932974963295,12.63768425669708,10.166841723867083,"POLYGON Z ((2057854.07485734 5717585.56841733 -12637.6842566971, 2069823.54600949 5708923.57516294 -10048.9329749633, 2078617.49327497 5721075.38537755 -10048.9329749633, 2066648.02212283 5729737.37863195 -12637.6842566971, 2057854.07485734 5717585.56841733 -12637.6842566971))",2d_linear_centroids_interior,178.37184007809307,-38.55113516830753
45,5,178.35689784709746,-38.456093320164264,178.25383846912126,-38.56389321069083,12.622339131806969,15.629221578057033,13.211784256443874,"POLYGON Z ((2046641.74439675 5727999.66734342 -15629.221578057, 2057862.45010246 5718509.96653569 -12622.339131807, 2067548.76244838 5729963.14745355 -12622.339131807, 2056328.05674267 5739452.84826128 -15629.221578057, 2046641.74439675 5727999.66734342 -15629.221578057))",2d_linear_centroids_interior,178.23823553178923,-38.47031347329642
45,6,178.2244683642808,-38.37943137613946,178.1155031098199,-38.48353111281534,15.58564391593345,19.112605337464455,11.58012628524909,"POLYGON Z ((2035580.01600986 5738001.9450859 -19112.6053374645, 2046297.17124819 5728117.45588673 -15585.6439159334, 2056466.77812094 5739143.74701538 -15585.6439159334, 2045749.62288261 5749028.23621455 -19112.6053374645, 2035580.01600986 5738001.9450859 -19112.6053374645))",2d_linear_centroids_interior,178.10574460156437,-38.38981692444895
45,7,178.09294277226962,-38.30134068098729,177.98079156764197,-38.40326525269631,19.04943578015065,23.49225387858574,10.3834816076502,"POLYGON Z ((2024721.3399239 5747637.13062024 -23492.2538785857, 2035020.62197346 5737677.9059211 -19049.4357801506, 2045447.71339311 5748461.02998263 -19049.4357801506, 2035148.43134355 5758420.25468177 -23492.2538785857, 2024721.3399239 5747637.13062024 -23492.2538785857))",2d_linear_centroids_interior,177.97512831318147,-38.31011902089849
45,8,177.96370792225602,-38.221357102450206,177.85285366164302,-38.32409838669786,23.494863976040698,28.877730079701735,7.89314794317105,"POLYGON Z ((2014135.78485026 5756691.86122373 -28877.7300797017, 2024303.63992575 5747066.92092917 -23494.8639760407, 2034615.42484722 5757960.36353165 -23494.8639760407, 2024447.56977172 5767585.30382621 -28877.7300797017, 2014135.78485026 5756691.86122373 -28877.7300797017))",2d_linear_centroids_interior,177.84752983706338,-38.23193566710737
45,9,177.83778364687342,-38.145378729447806,177.72453785639374,-38.24642444798945,28.81119737219114,35.45777938778298,6.0514587477264925,"POLYGON Z ((2003921.20366618 5765692.53879142 -35457.779387783, 2013520.19517905 5756275.4102776 -28811.1973721911, 2024024.8789755 5766982.95987294 -28811.1973721911, 2014425.88746263 5776400.08838676 -35457.779387783, 2003921.20366618 5765692.53879142 -35457.779387783))",2d_linear_centroids_interior,177.72383882453357,-38.15583771210125
45,10,177.716101064895,-38.06487645465343,177.61202887526477,-38.17184127761219,35.50407380070332,43.0307852106383,4.906020976856018,"POLYGON Z ((1994204.55404252 5773469.88001202 -43030.7852106383, 2004080.91806547 5765055.24698154 -35504.0738007033, 2013808.87558552 5776473.07700691 -35504.0738007033, 2003932.51156257 5784887.71003739 -43030.7852106383, 1994204.55404252 5773469.88001202 -43030.7852106383))",2d_linear_centroids_interior,177.60557201694763,-38.08279211740187
45,11,177.5993870149801,-37.991922912380886,177.49677878946395,-38.09972434309357,43.022458709740995,51.69787562892563,4.070940717425493,"POLYGON Z ((1984962.69111008 5781389.08007145 -51697.8756289256, 1994367.24988573 5773560.19665722 -43022.458709741, 2003964.04705587 5785088.48725363 -43022.458709741, 1994559.48828022 5792917.37066785 -51697.8756289256, 1984962.69111008 5781389.08007145 -51697.8756289256))",2d_linear_centroids_interior,177.49254159181817,-38.012720153617785
46,0,179.08353579869703,-38.7213406189921,178.98155351136856,-38.82985883935271,3.1007940706163795,4.543641265950873,4.180449092459754,"POLYGON Z ((2107977.93019443 5694692.37340689 -4543.64126595087, 2119394.06390583 5685069.9993207 -3100.79407061638, 2129061.26471425 5696539.31614994 -3100.79407061638, 2117645.13100286 5706161.69023613 -4543.64126595087, 2107977.93019443 5694692.37340689 -4543.64126595087))",2d_linear_centroids_interior,178.96362668467668,-38.73585368847002
46,1,178.94669726198725,-38.63854803765812,178.84726850927504,-38.74847072744332,4.4732505871651265,6.218493322485985,4.37928230286899,"POLYGON Z ((2096731.46340915 5704250.64935828 -6218.49332248599, 2108305.07436333 5694869.51630965 -4473.25058716513, 2117750.35663596 5706522.26889392 -4473.25058716513, 2106176.74568179 5715903.40194255 -6218.49332248599, 2096731.46340915 5704250.64935828 -6218.49332248599))",2d_linear_centroids_interior,178.8274024482468,-38.654796482486574
46,2,178.80873142138273,-38.54989034810868,178.72110911581703,-38.665793221212084,6.185708199697484,8.30081960241576,4.766948966227713,"POLYGON Z ((2085634.97584497 5713114.06859886 -8300.81960241576, 2097905.42814116 5704749.72139175 -6185.70819969748, 2106354.19083859 5717144.01075752 -6185.70819969748, 2094083.7385424 5725508.35796463 -8300.81960241576, 2085634.97584497 5713114.06859886 -8300.81960241576))",2d_linear_centroids_interior,178.69186830223492,-38.5737888036285
46,3,178.67506607497953,-38.47350380222327,178.58028621239703,-38.58585629945988,8.346690500220792,10.82074533649954,6.116951200819836,"POLYGON Z ((2074373.87589821 5723299.81141144 -10820.7453364995, 2086182.6309992 5714387.32827643 -8346.69050022079, 2095218.87355385 5726360.06065019 -8346.69050022079, 2083410.11845286 5735272.5437852 -10820.7453364995, 2074373.87589821 5723299.81141144 -10820.7453364995))",2d_linear_centroids_interior,178.55721026772534,-38.49294741480764
46,4,178.5413617369024,-38.394913395280646,178.44316738804795,-38.505406149973005,10.836571384449142,13.679616937260906,9.988762323273967,"POLYGON Z ((2063211.5316898 5733185.03535149 -13679.6169372609, 2074758.66599172 5724042.78281735 -10836.5713844491, 2084069.69298678 5735803.08792806 -10836.5713844491, 2072522.55868487 5744945.34046221 -13679.6169372609, 2063211.5316898 5733185.03535149 -13679.6169372609))",2d_linear_centroids_interior,178.42335588248056,-38.4122348382189
46,5,178.4089336307122,-38.31932234764404,178.30318692585243,-38.42537156300308,13.64857066468987,17.062574561746665,12.786055596156185,"POLYGON Z ((2052108.95741204 5743318.86392973 -17062.5745617467, 2063054.75230226 5733647.55835023 -13648.5706646899, 2072986.72599036 5744888.37231804 -13648.5706646899, 2062040.93110014 5754559.67789754 -17062.5745617467, 2052108.95741204 5743318.86392973 -17062.5745617467))",2d_linear_centroids_interior,178.2905468479149,-38.331803497921435
46,6,178.27739519914522,-38.24227582016091,178.16718289628588,-38.34541366492515,17.05521415871452,20.999227894641514,11.535750247123755,"POLYGON Z ((2041145.84083256 5753138.09881448 -20999.2278946415, 2051670.60460025 5743204.61486951 -17055.2141587145, 2061966.35743309 5754113.21118642 -17055.2141587145, 2051441.59366539 5764046.69513139 -20999.2278946415, 2041145.84083256 5753138.09881448 -20999.2278946415))",2d_linear_centroids_interior,178.15923149655956,-38.25193427676473
46,7,178.14677549561804,-38.162123727780866,178.03725765365726,-38.26566380204164,20.982084327638773,25.767286485820375,10.36443422876506,"POLYGON Z ((2030393.78984016 5762386.57945747 -25767.2864858204, 2040790.73192383 5752690.93942629 -20982.0843276388, 2051020.89621013 5763661.06880908 -20982.0843276388, 2040623.95412647 5773356.70884026 -25767.2864858204, 2030393.78984016 5762386.57945747 -25767.2864858204))",2d_linear_centroids_interior,178.02990103821114,-38.17293889048041
46,8,178.018428937736,-38.08112057750616,177.9127660949408,-38.187074443505864,25.781711146690498,31.50520117097227,8.33782923477092,"POLYGON Z ((2019938.11569428 5771156.72025247 -31505.2011709723, 2030354.83700059 5762006.11485346 -25781.7111466905, 2040254.42978852 5773275.45656596 -25781.7111466905, 2029837.7084822 5782426.06196498 -31505.2011709723, 2019938.11569428 5771156.72025247 -31505.2011709723))",2d_linear_centroids_interior,177.90366935781557,-38.09551663170262
46,9,177.8933166931328,-38.00188245359488,177.79177573879596,-38.11027822926618,31.52274738644865,38.244394329316606,6.4858274168871395,"POLYGON Z ((2009847.09878433 5779623.3162323 -38244.3943293166, 2020191.84528315 5771090.6916507 -31522.7473864486, 2029736.3973093 5782662.27436958 -31522.7473864486, 2019391.65081049 5791194.89895119 -38244.3943293166, 2009847.09878433 5779623.3162323 -38244.3943293166))",2d_linear_centroids_interior,177.78133490486192,-38.02018293317196
46,10,177.77200942611407,-37.924592001329685,177.6754681918474,-38.03577143617738,38.2440120938309,46.07007641855814,5.414043305434886,"POLYGON Z ((2000240.4484959 5787660.1286088 -46070.0764185581, 2010404.59237533 5779885.62564182 -38244.0120938309, 2019517.7658028 5791799.90573257 -38244.0120938309, 2009353.62192337 5799574.40869955 -46070.0764185581, 2000240.4484959 5787660.1286088 -46070.0764185581))",2d_linear_centroids_interior,177.66388525101576,-37.947577416923046
47,0,179.11708269425338,-38.566640590078876,179.0255386097607,-38.68061790107443,3.803623980558521,5.291604671290805,4.501341611682891,"POLYGON Z ((2112238.53513674 5710174.43417273 -5291.6046712908, 2124312.0229525 5701398.51225952 -3803.62398055852, 2133131.44540022 5713531.84600127 -3803.62398055852, 2121057.95758446 5722307.76791448 -5291.6046712908, 2112238.53513674 5710174.43417273 -5291.6046712908))",2d_linear_centroids_interior,178.99909252105445,-38.587880030551624
47,1,178.9809093419087,-38.48584784564483,178.88890507103142,-38.599570206925826,5.133136394827952,6.94492918439604,5.243460792592595,"POLYGON Z ((2100968.13415034 5719959.47072548 -6944.92918439604, 2112993.5171265 5711178.3790414 -5133.13639482795, 2121839.3733328 5723292.45465522 -5133.13639482795, 2109813.99035664 5732073.5463393 -6944.92918439604, 2100968.13415034 5719959.47072548 -6944.92918439604))",2d_linear_centroids_interior,178.8631055698648,-38.50682617773326
47,2,178.84524050502034,-38.40401579315201,178.75467841945917,-38.518424032318606,7.024923407164135,9.330198774859758,5.534959590219021,"POLYGON Z ((2089793.46709576 5729546.80168454 -9330.19877485976, 2101858.23210411 5720937.08910093 -7024.92340716413, 2110571.45879591 5733146.90812569 -7024.92340716413, 2098506.69378756 5741756.6207093 -9330.19877485976, 2089793.46709576 5729546.80168454 -9330.19877485976))",2d_linear_centroids_interior,178.7281371564239,-38.42602117391599
47,3,178.7112887738457,-38.3253563054771,178.6174166082685,-38.43807396592244,9.33964853164736,12.06263499653531,6.893127547818073,"POLYGON Z ((2078609.35707108 5739435.28463291 -12062.6349965353, 2090425.33653584 5730605.33706793 -9339.64853164736, 2099404.47282336 5742620.95654967 -9339.64853164736, 2087588.4933586 5751450.90411466 -12062.6349965353, 2078609.35707108 5739435.28463291 -12062.6349965353))",2d_linear_centroids_interior,178.59401161807605,-38.34536659509404
47,4,178.57813134043272,-38.24701043894628,178.48074297197823,-38.357830217991044,12.004894554243473,15.19827996409878,10.43038901145592,"POLYGON Z ((2067488.2798869 5749290.38674408 -15198.2799640988, 2079015.94880788 5740239.68849077 -12004.8945542435, 2088278.99632417 5752037.82184784 -12004.8945542435, 2076751.32740318 5761088.52010114 -15198.2799640988, 2067488.2798869 5749290.38674408 -15198.2799640988))",2d_linear_centroids_interior,178.46080280480126,-38.264913175413724
47,5,178.4461762484859,-38.16870905197039,178.34598437554783,-38.27792727949547,15.250860602821176,18.98014153474927,12.351514022124958,"POLYGON Z ((2056491.81740862 5758997.71507888 -18980.1415347493, 2067745.0315285 5749807.63152633 -15250.8606028212, 2077233.02450496 5761425.63433571 -15250.8606028212, 2065979.81038508 5770615.71788826 -18980.1415347493, 2056491.81740862 5758997.71507888 -18980.1415347493))",2d_linear_centroids_interior,178.32910031518472,-38.18502592049292
47,6,178.3157578416807,-38.09175321324752,178.21156972789112,-38.198574705500896,19.017544610729885,23.373392727946747,11.170580954554048,"POLYGON Z ((2045618.95885697 5768685.23942801 -23373.3927279467, 2056474.36001656 5759294.45389941 -19017.5446107299, 2066288.03220306 5770638.69641338 -19017.5446107299, 2055432.63104348 5780029.48194198 -23373.3927279467, 2045618.95885697 5768685.23942801 -23373.3927279467))",2d_linear_centroids_interior,178.1990175304314,-38.10578519531298
47,7,178.1853134250079,-38.009481158502524,178.08566017932043,-38.11892691357994,23.18837698872983,28.268992846316138,9.988718356115811,"POLYGON Z ((2034945.13004074 5777621.5548634 -28268.9928463161, 2045925.58280664 5768754.9320811 -23188.3769887298, 2055349.22141433 5780425.1949484 -23188.3769887298, 2044368.76864843 5789291.8177307 -28268.9928463161, 2034945.13004074 5777621.5548634 -28268.9928463161))",2d_linear_centroids_interior,178.07043014673826,-38.02712673322702
47,8,178.0581324497009,-37.929714542989444,177.96194915233934,-38.041048546625404,28.344420835980813,34.367820803531,8.132898419724574,"POLYGON Z ((2024629.0077182 5786346.18289545 -34367.820803531, 2035534.80275746 5777992.60357921 -28344.4208359808, 2044656.09657911 5789900.66803231 -28344.4208359808, 2033750.30153985 5798254.24734854 -34367.820803531, 2024629.0077182 5786346.18289545 -34367.820803531))",2d_linear_centroids_interior,177.94569150429422,-37.950509848033754
47,9,177.93388165334557,-37.849853248697386,177.8451275258333,-37.96496092962796,34.496021057174175,41.539254612536155,6.576897189830049,"POLYGON Z ((2014792.26748886 5794472.39042565 -41539.2546125362, 2025715.80598017 5786984.45560264 -34496.0210571742, 2034196.81174299 5799356.70443828 -34496.0210571742, 2023273.27325169 5806844.63926128 -41539.2546125362, 2014792.26748886 5794472.39042565 -41539.2546125362))",2d_linear_centroids_interior,177.82542920238154,-37.87635035696677
47,10,177.81100178603262,-37.772197868890096,177.72748080633198,-37.889717621372284,40.98538358266858,49.20055745779208,5.689390423591513,"POLYGON Z ((2005193.94405755 5802585.97396893 -49200.5574577921, 2015797.72830227 5795872.50408422 -40985.3835826686, 2023821.58146677 5808546.01111244 -40985.3835826686, 2013217.79722205 5815259.48099715 -49200.5574577921, 2005193.94405755 5802585.97396893 -49200.5574577921))",2d_linear_centroids_interior,177.70730905894783,-37.803232303592935
48,0,179.16385263781123,-38.414542449946346,179.0969780311903,-38.5385685074267,3.8905152111429953,5.616159743312292,5.2909180810733005,"POLYGON Z ((2118284.74680059 5723484.48270236 -5616.15974331229, 2131585.39325659 5716767.71600989 -3890.515211143, 2138347.05388465 5730157.26213927 -3890.515211143, 2125046.40742865 5736874.02883175 -5616.15974331229, 2118284.74680059 5723484.48270236 -5616.15974331229))",2d_linear_centroids_interior,179.05210329041142,-38.450418901216885
48,1,179.03330676620737,-38.34550831761379,178.94651419163364,-38.46164437162127,5.681110763127691,7.7390346990500065,5.701726225891854,"POLYGON Z ((2106719.56439308 5734525.61176014 -7739.03469905001, 2119010.18951144 5726176.63078797 -5681.11076312769, 2127438.87152422 5738584.58466955 -5681.11076312769, 2115148.24640586 5746933.56564172 -7739.03469905001, 2106719.56439308 5734525.61176014 -7739.03469905001))",2d_linear_centroids_interior,178.9168799479913,-38.3697304706705
48,2,178.90083343968763,-38.27435421371708,178.7991602835498,-38.38272163037629,7.676879890663639,10.1833578128923,5.950928520409446,"POLYGON Z ((2095380.4084412 5745294.13743109 -10183.3578128923, 2106692.49514286 5735767.63424894 -7676.87989066364, 2116354.84906957 5747241.03464268 -7676.87989066364, 2105042.7623679 5756767.53782483 -10183.3578128923, 2095380.4084412 5745294.13743109 -10183.3578128923))",2d_linear_centroids_interior,178.78225132421298,-38.289041398608376
48,3,178.76599984702096,-38.190386273154665,178.66940538438686,-38.30156404565173,10.16712678596015,12.965892248490157,7.504029598646925,"POLYGON Z ((2084283.88618242 5754556.02469747 -12965.8922484902, 2095902.01492775 5745490.37544643 -10167.1267859602, 2105129.71230629 5757316.17779088 -10167.1267859602, 2093511.58356097 5766381.82704192 -12965.8922484902, 2084283.88618242 5754556.02469747 -12965.8922484902))",2d_linear_centroids_interior,178.64852200855037,-38.208539514252855
48,4,178.63131070741693,-38.10555992427206,178.54138691563577,-38.22013769260449,12.880049650678377,16.233808349023352,10.497354514527864,"POLYGON Z ((2073298.90936949 5763653.3225535 -16233.8083490234, 2085239.46461428 5755216.76857457 -12880.0496506784, 2093895.13974193 5767467.45378335 -12880.0496506784, 2081954.58449714 5775904.00776228 -16233.8083490234, 2073298.90936949 5763653.3225535 -16233.8083490234))",2d_linear_centroids_interior,178.5156909321955,-38.128230637689356
48,5,178.49792742864736,-38.02084580115548,178.41614324163862,-38.139145977409676,16.36769490611289,20.21372590828704,12.107935072865807,"POLYGON Z ((2062499.88077875 5772552.78064413 -20213.725908287, 2074791.79338216 5764864.02716386 -16367.6949061129, 2082746.46999288 5777581.06770082 -16367.6949061129, 2070454.55738947 5785269.8211811 -20213.725908287, 2062499.88077875 5772552.78064413 -20213.725908287))",2d_linear_centroids_interior,178.38476499214798,-38.04873389718369
48,6,178.36597122939867,-37.93878902407658,178.28852754776273,-38.05888674887035,19.975902041513823,24.565173210954665,11.091245807890925,"POLYGON Z ((2051778.78051471 5781635.18209208 -24565.1732109547, 2064106.20076878 5774425.93108986 -19975.9020415138, 2071678.56855417 5787374.26094829 -19975.9020415138, 2059351.14830011 5794583.51195051 -24565.1732109547, 2051778.78051471 5781635.18209208 -24565.1732109547))",2d_linear_centroids_interior,178.25506034853595,-37.969645620438754
48,7,178.2386398250868,-37.86239342881519,178.15824364622944,-37.981254850833864,24.684895497775855,29.916314744886755,9.92838806092874,"POLYGON Z ((2041143.20014428 5791013.51527956 -29916.3147448868, 2053144.73563107 5783692.62744951 -24684.8954977759, 2060956.08569957 5796498.20475424 -24684.8954977759, 2048954.55021278 5803819.09258429 -29916.3147448868, 2041143.20014428 5791013.51527956 -29916.3147448868))",2d_linear_centroids_interior,178.12818592103386,-37.89196180873461
48,8,178.10988018130382,-37.782497493127124,178.03242278722584,-37.90256321763973,29.371327364372206,35.55921858863747,8.172321837279455,"POLYGON Z ((2030749.3545508 5799914.20479176 -35559.2185886375, 2042557.72423447 5793038.71152868 -29371.3273643722, 2050105.36684935 5806001.46937406 -29371.3273643722, 2038296.99716569 5812876.96263714 -35559.2185886375, 2030749.3545508 5799914.20479176 -35559.2185886375))",2d_linear_centroids_interior,178.002245327722,-37.81453504503605
48,9,177.98631530618363,-37.703737371903536,177.9169766812187,-37.826876923427086,35.840623215818574,42.77192209672308,6.848780981322815,"POLYGON Z ((2021003.17643433 5808051.50368046 -42771.9220967231, 2032842.87007092 5801986.95502328 -35840.6232158186, 2039681.28979027 5815337.46122125 -35840.6232158186, 2027841.59615368 5821402.00987843 -42771.9220967231, 2021003.17643433 5808051.50368046 -42771.9220967231))",2d_linear_centroids_interior,177.88291244804137,-37.740880869370606
48,10,177.87006147597185,-37.63531806215225,177.79358372829805,-37.75575330130495,42.88180036106259,51.26242734768898,6.007955113143625,"POLYGON Z ((2011577.49764592 5816621.2220054 -51262.427347689, 2022380.03498709 5810451.11031245 -42881.8003610626, 2029819.60406657 5823476.19426273 -42881.8003610626, 2019017.06672539 5829646.30595568 -51262.427347689, 2011577.49764592 5816621.2220054 -51262.427347689))",2d_linear_centroids_interior,177.76902030985102,-37.670321471388284
49,0,179.2433449781515,-38.29873238009446,179.1632165660719,-38.417739136013786,3.849893693932675,5.815703789721075,5.900336401130989,"POLYGON Z ((2125627.78191151 5737639.72896083 -5815.70378972107, 2138267.61871023 5729805.82084489 -3849.89369393267, 2146169.6802868 5742555.62173902 -3849.89369393267, 2133529.84348808 5750389.52985497 -5815.70378972107, 2125627.78191151 5737639.72896083 -5815.70378972107))",2d_linear_centroids_interior,179.12842341124676,-38.32693888709554
49,1,179.11088553638186,-38.226642429350086,179.0170432778442,-38.339239116068725,5.744925655868838,8.10002770786001,6.07979529408049,"POLYGON Z ((2114241.04881068 5748303.54522704 -8100.02770786001, 2126061.43861732 5739374.2743081 -5744.92565586884, 2135102.8453931 5751343.10731365 -5744.92565586884, 2123282.45558647 5760272.37823259 -8100.02770786001, 2114241.04881068 5748303.54522704 -8100.02770786001))",2d_linear_centroids_interior,178.993494417437,-38.24639753881941
49,2,178.9777724703723,-38.15171840377258,178.87561284350747,-38.259686517254316,8.091115597286358,10.674898642170565,6.32421289774061,"POLYGON Z ((2103000.86308179 5758591.90422664 -10674.8986421706, 2114249.96406903 5749011.62280301 -8091.11559728636, 2123975.61596797 5760431.41680906 -8091.11559728636, 2112726.51498073 5770011.69823269 -10674.8986421706, 2103000.86308179 5758591.90422664 -10674.8986421706))",2d_linear_centroids_interior,178.85937257579562,-38.16598534731208
49,3,178.84341838812298,-38.069056994640675,178.74444587729855,-38.17882040206166,10.575359225511113,13.271404122935566,7.427506896806225,"POLYGON Z ((2091860.12239094 5768014.19374591 -13271.4041229356, 2103319.88896572 5758718.75981507 -10575.3592255111, 2112769.20670879 5770368.24024084 -10575.3592255111, 2101309.44013401 5779663.67417169 -13271.4041229356, 2091860.12239094 5768014.19374591 -13271.4041229356))",2d_linear_centroids_interior,178.72566010197949,-38.085467996876226
49,4,178.70381747787187,-37.970993305941924,178.63333117314764,-38.09370333880635,13.196500487611871,16.20465306768394,10.475375108058692,"POLYGON Z ((2081169.5033747 5775657.69162865 -16204.6530676839, 2094152.64314222 5768773.71749795 -13196.5004876119, 2101179.36658247 5782026.08172832 -13196.5004876119, 2088196.22681495 5788910.05585902 -16204.6530676839, 2081169.5033747 5775657.69162865 -16204.6530676839))",2d_linear_centroids_interior,178.5926324596308,-38.005015058814685
49,5,178.57069196135004,-37.88906594539381,178.503842823828,-38.01303907135078,16.41814225919417,20.226235325398974,12.02337963370891,"POLYGON Z ((2070337.29244889 5784898.65132848 -20226.235325399, 2083317.72056475 5778417.37729261 -16418.1422591942, 2090018.52920667 5791837.48025587 -16418.1422591942, 2077038.10109081 5798318.75429174 -20226.235325399, 2070337.29244889 5784898.65132848 -20226.235325399))",2d_linear_centroids_interior,178.4616000649569,-37.92542893442034
49,6,178.43638813137505,-37.80463849101596,178.37810312529507,-37.93129403640592,19.860190456958165,24.512066811120885,11.02635685421963,"POLYGON Z ((2059703.17053074 5793801.1858661 -24512.0668111209, 2072793.93029037 5788145.03387901 -19860.1904569582, 2078743.41720736 5801914.69638121 -19860.1904569582, 2065652.65744773 5807570.8483683 -24512.0668111209, 2059703.17053074 5793801.1858661 -24512.0668111209))",2d_linear_centroids_interior,178.3313422350574,-37.84597838717299
49,7,178.31023292785076,-37.73056549141319,178.24417123414807,-37.85479653522299,24.395400241268547,29.945067792464453,10.03812849924145,"POLYGON Z ((2048978.11720481 5803449.44866925 -29945.0677924645, 2061490.66774636 5797314.52658203 -24395.4002412685, 2068094.17055952 5810782.77630487 -24395.4002412685, 2055581.62001796 5816917.69839209 -29945.0677924645, 2048978.11720481 5803449.44866925 -29945.0677924645))",2d_linear_centroids_interior,178.20452886772975,-37.768307516265
49,8,178.1876615154582,-37.66009834000608,178.10963531424596,-37.77986912469314,29.656547268885916,35.82861660012379,8.505359935567903,"POLYGON Z ((2038322.12144879 5813236.63259548 -35828.6166001238, 2050099.77446297 5806294.55440174 -29656.5472688859, 2057716.5235572 5819216.82715987 -29656.5472688859, 2045938.87054302 5826158.90535361 -35828.6166001238, 2038322.12144879 5813236.63259548 -35828.6166001238))",2d_linear_centroids_interior,178.07999066498175,-37.69172118162353
49,9,178.0661322885872,-37.58838697290536,177.98143566522955,-37.705245157623345,35.673861325914665,42.890070000907365,7.240450757156557,"POLYGON Z ((2028216.71528208 5822360.51301545 -42890.0700009074, 2039241.81433768 5815192.98044328 -35673.8613259147, 2047417.61640881 5827768.99970589 -35673.8613259147, 2036392.51735321 5834936.53227807 -42890.0700009074, 2028216.71528208 5822360.51301545 -42890.0700009074))",2d_linear_centroids_interior,177.95941893074647,-37.617281952199384
49,10,177.95035950347258,-37.51896801770238,177.86167601902875,-37.63391869444574,43.020500716059786,51.52892554780835,6.563653722893468,"POLYGON Z ((2018912.1735558 5830675.56516031 -51528.9255478084, 2029087.14156725 5823670.08638664 -43020.5007160598, 2037593.47241313 5836024.93707536 -43020.5007160598, 2027418.50440167 5843030.41584903 -51528.9255478084, 2018912.1735558 5830675.56516031 -51528.9255478084))",2d_linear_centroids_interior,177.84659946389306,-37.54736822063489
50,0,179.3221275217602,-38.185051278208924,179.22621167391446,-38.29648777683828,3.9038433651973845,6.023850268943901,6.407098346409448,"POLYGON Z ((2132994.94231539 5752061.737866 -6023.8502689439, 2144686.34870776 5742906.59792733 -3903.84336519738, 2153934.31979256 5754716.55266114 -3903.84336519738, 2142242.91340019 5763871.69259981 -6023.8502689439, 2132994.94231539 5752061.737866 -6023.8502689439))",2d_linear_centroids_interior,179.20430128704137,-38.20330838897328
50,1,179.1881581449126,-38.10863809460929,179.0862906582285,-38.21670258903482,6.006685948805942,8.552980754383116,6.49718554885984,"POLYGON Z ((2121772.89983206 5762182.4672938 -8552.98075438312, 2133020.13858054 5752589.97005387 -6006.68594880594, 2142753.90545475 5764002.84797482 -6006.68594880594, 2131506.66670628 5773595.34521474 -8552.98075438312, 2121772.89983206 5762182.4672938 -8552.98075438312))",2d_linear_centroids_interior,179.06985433896705,-38.12302542419005
50,2,179.05318514082208,-38.02363081816644,178.95856849724862,-38.13569741684541,8.585214710971933,11.098052925239413,6.726564535388253,"POLYGON Z ((2110662.54068655 5771308.20664085 -11098.0529252394, 2122405.61474727 5762320.1114192 -8585.21471097193, 2131522.54824153 5774231.51451293 -8585.21471097193, 2119779.47418081 5783219.60973457 -11098.0529252394, 2110662.54068655 5771308.20664085 -11098.0529252394))",2d_linear_centroids_interior,178.93605846363295,-38.04278097725513
50,3,178.91834198557282,-37.93914865080157,178.83006957273793,-38.054380434478574,11.099875295562668,13.482253147021861,7.666520698285773,"POLYGON Z ((2099545.77487653 5780534.92754862 -13482.2531470219, 2111699.49509052 5772072.57794979 -11099.8752955627, 2120270.64064134 5784382.55211494 -11099.8752955627, 2108116.92042734 5792844.90171377 -13482.2531470219, 2099545.77487653 5780534.92754862 -13482.2531470219))",2d_linear_centroids_interior,178.80238719609912,-37.96226173921426
50,4,178.78180062424934,-37.851106419441386,178.70542412304255,-37.971529973734725,13.347978038131913,16.165747313074853,10.210911752728535,"POLYGON Z ((2088585.65044146 5789372.17636652 -16165.7473130749, 2101316.98699357 5781957.7818592 -13347.9780381319, 2108865.76882111 5794919.87632423 -13347.9780381319, 2096134.432269 5802334.27083154 -16165.7473130749, 2088585.65044146 5789372.17636652 -16165.7473130749))",2d_linear_centroids_interior,178.66902341036973,-37.8815789694549
50,5,178.64712750271408,-37.766334108205335,178.57869305414528,-37.88971332691566,16.258325178861792,19.889729594474762,11.915954853364159,"POLYGON Z ((2077773.76393511 5798375.03544509 -19889.7295944748, 2090718.56793984 5791723.34759543 -16258.3251788618, 2097574.19073779 5805065.0280013 -16258.3251788618, 2084629.38673306 5811716.71585096 -19889.7295944748, 2077773.76393511 5798375.03544509 -19889.7295944748))",2d_linear_centroids_interior,178.5374990173336,-37.80166725910597
50,6,178.51633979274072,-37.68910511849008,178.4425318936618,-37.81051203086932,19.30347183650846,23.96740247943628,11.047540215862693,"POLYGON Z ((2066793.26738767 5808170.32477461 -23967.4024794363, 2079246.75461812 5801230.69893751 -19303.4718365085, 2086548.29413557 5814333.65740783 -19303.4718365085, 2074094.80690512 5821273.28324494 -23967.4024794363, 2066793.26738767 5808170.32477461 -23967.4024794363))",2d_linear_centroids_interior,178.40682799685794,-37.721937422758074
50,7,178.39158553479083,-37.615916377977015,178.3110959091165,-37.734602607696374,24.376946833017065,30.045959955437553,10.091540625527683,"POLYGON Z ((2056316.78475507 5817607.46219068 -30045.9599554376, 2068144.78677257 5810330.05478888 -24376.9468330171, 2076005.18026421 5823105.58664303 -24376.9468330171, 2064177.17824671 5830382.99404484 -30045.9599554376, 2056316.78475507 5817607.46219068 -30045.9599554376))",2d_linear_centroids_interior,178.2822727830451,-37.6456263640852
50,8,178.26933165400976,-37.54678113589257,178.17641995134971,-37.65956380199998,29.862241260933477,36.4237933940219,8.612178400892159,"POLYGON Z ((2045875.09611099 5827342.22047411 -36423.7933940219, 2056727.25971261 5819331.19190292 -29862.2412609335, 2065635.8347711 5831399.21951423 -29862.2412609335, 2054783.67116948 5839410.24808542 -36423.7933940219, 2045875.09611099 5827342.22047411 -36423.7933940219))",2d_linear_centroids_interior,178.15919963185243,-37.56992296578843
50,9,178.14994633879002,-37.47743060464048,178.04894260138764,-37.58568419233447,36.34121243251691,43.86299995347412,7.502634286638162,"POLYGON Z ((2035933.30325947 5836445.44769616 -43862.9999534741, 2045914.66719826 5828151.167353 -36341.2124325169, 2055501.37831265 5839687.846685 -36341.2124325169, 2045520.01437385 5847982.12702816 -43862.9999534741, 2035933.30325947 5836445.44769616 -43862.9999534741))",2d_linear_centroids_interior,178.04070351062614,-37.496752427458475
50,10,178.03484385543285,-37.40700925969364,177.9323919487511,-37.514357182956026,43.936380395910106,52.59654935076755,6.8469260803238425,"POLYGON Z ((2026690.21766248 5844542.10633972 -52596.5493507676, 2036031.09909866 5836620.65396856 -43936.3803959101, 2045732.80960715 5848060.79440517 -43936.3803959101, 2036391.92817097 5855982.24677633 -52596.5493507676, 2026690.21766248 5844542.10633972 -52596.5493507676))",2d_linear_centroids_interior,177.9287001916628,-37.427336006019026
51,0,179.384614910005,-38.059729400140526,179.2787798545184,-38.165305708868985,4.564452545702214,6.715319133789234,6.824464251852891,"POLYGON Z ((2139301.68968494 5767160.48214185 -6715.31913378923, 2150281.88170333 5757170.02889088 -4564.45254570221, 2160376.65330811 5768264.87392122 -4564.45254570221, 2149396.46128973 5778255.32717218 -6715.31913378923, 2139301.68968494 5767160.48214185 -6715.31913378923))",2d_linear_centroids_interior,179.26564832515473,-38.07112710952374
51,1,179.24879631473516,-37.97311463792341,179.15222452140665,-38.084061153072916,6.72147414420015,9.186486468745658,6.93347849591729,"POLYGON Z ((2128181.68576203 5776129.90710608 -9186.48646874566, 2139780.93953571 5766943.99255534 -6721.47414420015, 2149093.46034893 5778703.11480589 -6721.47414420015, 2137494.20657524 5787889.02935663 -9186.48646874566, 2128181.68576203 5776129.90710608 -9186.48646874566))",2d_linear_centroids_interior,179.1314024221798,-37.99089652755377
51,2,179.1141163887017,-37.8893513014828,179.02307825044602,-38.003161372547716,9.264175624003702,11.619283757294282,7.159771835846556,"POLYGON Z ((2117053.65378545 5785404.86719195 -11619.2837572943, 2129024.32314255 5776678.09569137 -9264.1756240037, 2137860.68804196 5788799.09628391 -9264.1756240037, 2125890.01868486 5797525.8677845 -11619.2837572943, 2117053.65378545 5785404.86719195 -11619.2837572943))",2d_linear_centroids_interior,178.99769533716517,-37.91063871777115
51,3,178.97895701899867,-37.804539654415414,178.89467346576765,-37.921547688339885,11.558444295560491,13.82670762359322,8.345305746432084,"POLYGON Z ((2105930.93866565 5794628.63852636 -13826.7076235932, 2118312.2907857 5786470.38496607 -11558.4442955605, 2126565.45151563 5798995.77270322 -11558.4442955605, 2114184.09939558 5807154.02626351 -13826.7076235932, 2105930.93866565 5794628.63852636 -13826.7076235932))",2d_linear_centroids_interior,178.8639315270325,-37.829997499661346
51,4,178.84627056652553,-37.72714977451418,178.75645085275883,-37.841517105572066,13.685210107979254,16.542228412333586,10.966758693793086,"POLYGON Z ((2094710.16944831 5804674.12552288 -16542.2284123336, 2106698.72212724 5796123.56699882 -13685.2101079793, 2115408.73106836 5808335.68164967 -13685.2101079793, 2103420.17838944 5816886.24017373 -16542.2284123336, 2094710.16944831 5804674.12552288 -16542.2284123336))",2d_linear_centroids_interior,178.73069309638853,-37.749325055548695
51,5,178.71466629636316,-37.649552615705055,178.6206257531389,-37.76173408922602,16.558530965502065,20.236209598346303,11.497617552456564,"POLYGON Z ((2083675.23291319 5814496.84278641 -20236.2095983463, 2095268.01285378 5805717.19967734 -16558.5309655021, 2104324.06538858 5817674.95500545 -16558.5309655021, 2092731.28544799 5826454.59811452 -20236.2095983463, 2083675.23291319 5814496.84278641 -20236.2095983463))",2d_linear_centroids_interior,178.59926834375878,-37.66940997547005
51,6,178.58548265998186,-37.57453508931684,178.48488481497952,-37.683029777816216,20.361181087135634,25.371102058844905,10.653274239304983,"POLYGON Z ((2072947.77615756 5824220.85052881 -25371.1020588449, 2083811.38848384 5815171.94898876 -20361.1810871356, 2093411.58168507 5826697.41169093 -20361.1810871356, 2082547.96935879 5835746.31323099 -25371.1020588449, 2072947.77615756 5824220.85052881 -25371.1020588449))",2d_linear_centroids_interior,178.47096056360238,-37.591063213635415
51,7,178.45896555253614,-37.497629905603866,178.3574718088751,-37.60555596728905,25.35853888848602,31.432754974983737,9.52323455039005,"POLYGON Z ((2062569.89579573 5833268.19116061 -31432.7549749837, 2073057.00259442 5824429.38524988 -25358.538888486, 2082723.8743638 5835898.97940985 -25358.538888486, 2072236.76756511 5844737.78532057 -31432.7549749837, 2062569.89579573 5833268.19116061 -31432.7549749837))",2d_linear_centroids_interior,178.34631136325248,-37.51464056622732
51,8,178.33667869158856,-37.424433636835175,178.23173719873415,-37.53020580650722,31.375160649449032,38.443112942313185,8.235094791029422,"POLYGON Z ((2052513.38388899 5842202.47913961 -38443.1129423132, 2062414.03623181 5833426.31063778 -31375.160649449, 2072364.02373114 5844651.18251959 -31375.160649449, 2062463.37138833 5853427.35102142 -38443.1129423132, 2052513.38388899 5842202.47913961 -38443.1129423132))",2d_linear_centroids_interior,178.22574151932392,-37.44042799157944
51,9,178.219474079492,-37.35436119894295,178.11055824539912,-37.45750198683679,38.47562245189477,46.36360056863785,7.5696161723461035,"POLYGON Z ((2042843.19871986 5850834.01470104 -46363.6005686378, 2052135.58174338 5842091.50825415 -38475.6224518948, 2062414.01602382 5853016.4242146 -38475.6224518948, 2053121.63300029 5861758.93066149 -46363.6005686378, 2042843.19871986 5850834.01470104 -46363.6005686378))",2d_linear_centroids_interior,178.11009354748535,-37.368975665651526
52,0,179.436384976837,-37.9243857526627,179.32722070362303,-38.02767979871209,5.369472054901191,7.542565369581355,7.253781584583029,"POLYGON Z ((2144874.64171518 5782454.59819465 -7542.56536958135, 2155577.59771155 5772172.3611625 -5369.47205490119, 2165969.46609886 5782989.43430734 -5369.47205490119, 2155266.51010249 5793271.6713395 -7542.56536958135, 2144874.64171518 5782454.59819465 -7542.56536958135))",2d_linear_centroids_interior,179.31731949175463,-37.933271275870155
52,1,179.29998235012724,-37.83319372081952,179.20685708007036,-37.9458680870565,7.579428602263453,9.886935286585414,7.443576632954622,"POLYGON Z ((2133781.98007052 5790913.47389234 -9886.93528658541, 2145607.19575648 5781978.16825221 -7579.42860226345, 2154650.14193219 5793945.83822022 -7579.42860226345, 2142824.92624623 5802881.14386035 -9886.93528658541, 2133781.98007052 5790913.47389234 -9886.93528658541))",2d_linear_centroids_interior,179.18324598239118,-37.853050958800964
52,2,179.16571687476852,-37.75138571986089,179.0748787645491,-37.865202033005346,9.878519228855021,12.15571082726582,7.75173699284159,"POLYGON Z ((2122602.2330696 5800444.95058957 -12155.7108272658, 2134581.07777545 5791708.72268862 -9878.51922885502, 2143419.75238134 5803828.03913846 -9878.51922885502, 2131440.90767549 5812564.26703941 -12155.7108272658, 2122602.2330696 5800444.95058957 -12155.7108272658))",2d_linear_centroids_interior,179.04946716475547,-37.77265802353099
52,3,179.0326955131012,-37.673106627125534,178.93837551971467,-37.78509814795943,12.13029865979534,14.5481090689344,9.896829440377529,"POLYGON Z ((2111373.47428386 5810386.40785933 -14548.1090689344, 2123125.94095001 5801384.53471612 -12130.2986597953, 2132247.08376008 5813292.71483898 -12130.2986597953, 2120494.61709393 5822294.58798219 -14548.1090689344, 2111373.47428386 5810386.40785933 -14548.1090689344))",2d_linear_centroids_interior,178.91602317349796,-37.692118468374325
52,4,178.9006055572748,-37.59744993844097,178.7989197729035,-37.70526159144337,14.523106685844931,17.755963546492996,11.686781240109907,"POLYGON Z ((2100235.06173192 5820530.58881748 -17755.963546493, 2111381.74564984 5811027.95370123 -14523.1066858449, 2121113.08086806 5822442.90507523 -14523.1066858449, 2109966.39695014 5831945.54019148 -17755.963546493, 2100235.06173192 5820530.58881748 -17755.963546493))",2d_linear_centroids_interior,178.78362742500425,-37.6118677012445
52,5,178.769768673566,-37.52119112466348,178.66279639530265,-37.625672429810436,17.76289183628421,22.140040701791552,10.947767778657656,"POLYGON Z ((2089354.26473905 5830330.50687582 -22140.0407017916, 2099903.32752247 5820606.42120154 -17762.8918362842, 2110069.89974061 5831635.51043562 -17762.8918362842, 2099520.83695719 5841359.5961099 -22140.0407017916, 2089354.26473905 5830330.50687582 -22140.0407017916))",2d_linear_centroids_interior,178.6535747232788,-37.53270314283189
52,6,178.6414917149184,-37.445803499325606,178.52989337504246,-37.54711862395342,22.05424984938992,27.601714906469926,10.140566321234166,"POLYGON Z ((2078766.90796201 5839833.40875604 -27601.7149064699, 2088676.7250812 5830034.37022644 -22054.2498493899, 2099223.54312058 5840700.4205378 -22054.2498493899, 2089313.72600138 5850499.4590674 -27601.7149064699, 2078766.90796201 5839833.40875604 -27601.7149064699))",2d_linear_centroids_interior,178.52669036667274,-37.45514766599561
52,7,178.51718887623343,-37.37200827614442,178.40172146353612,-37.47047138170095,27.565939122904815,34.26203839439327,8.989164923192844,"POLYGON Z ((2068576.76597728 5848930.31288728 -34262.0383943933, 2077831.57884201 5839208.65184684 -27565.9391229048, 2088695.83082008 5849551.18678548 -27565.9391229048, 2079441.01795535 5859272.84782592 -34262.0383943933, 2068576.76597728 5848930.31288728 -34262.0383943933))",2d_linear_centroids_interior,178.4042876715661,-37.380032006776446
52,8,178.3975290543468,-37.297142194224776,178.28364107654934,-37.396709587543754,34.273954870178486,41.81249185729926,8.230370269694571,"POLYGON Z ((2058773.47972931 5857268.61847505 -41812.4918572993, 2067839.01536552 5847995.72660021 -34273.9548701785, 2078564.862391 5858481.7270573 -34273.9548701785, 2069499.32675479 5867754.61893213 -41812.4918572993, 2058773.47972931 5857268.61847505 -41812.4918572993))",2d_linear_centroids_interior,178.28674036601598,-37.307618741993295
53,0,179.5437350176217,-37.82358237014089,179.42959181647547,-37.92330991481605,5.624389231060009,7.491786012164046,7.678044305485267,"POLYGON Z ((2155080.18183642 5793894.29756261 -7491.78601216405, 2165379.79217201 5783150.42227494 -5624.38923106001, 2176207.90507631 5793530.78695695 -5624.38923106001, 2165908.29474072 5804274.66224462 -7491.78601216405, 2155080.18183642 5793894.29756261 -7491.78601216405))",2d_linear_centroids_interior,179.4243238093213,-37.82854872909134
53,1,179.40699850988742,-37.72982715574211,179.31186158656828,-37.841348899619184,7.4546187143182685,9.620076398969385,7.8802742318003,"POLYGON Z ((2143940.15861525 5802108.10816082 -9620.07639896938, 2155635.54875008 5792968.70760006 -7454.61871431827, 2164871.70101864 5804787.90771141 -7454.61871431827, 2153176.3108838 5813927.30827217 -9620.07639896938, 2143940.15861525 5802108.10816082 -9620.07639896938))",2d_linear_centroids_interior,179.28997406593655,-37.74821420294619
53,2,179.27199944494527,-37.64557235093677,179.18295793873773,-37.760197391845054,9.640934195227526,11.919112675398258,8.373041945840816,"POLYGON Z ((2132805.8859046 5811357.89431899 -11919.1126753983, 2144875.83453878 5802748.2344662 -9640.93419522753, 2153586.54595259 5814959.84806413 -9640.93419522753, 2141516.59731841 5823569.50791692 -11919.1126753983, 2132805.8859046 5811357.89431899 -11919.1126753983))",2d_linear_centroids_interior,179.1562461497403,-37.66790299826729
53,3,179.1395277032812,-37.56911000513859,179.04435254271746,-37.68055268918634,11.87077379598931,14.397549804890954,10.402081980189902,"POLYGON Z ((2121558.24734355 5821484.56465355 -14397.549804891, 2133222.97219222 5812398.88376515 -11870.7737959893, 2142440.37059572 5824232.71521025 -11870.7737959893, 2130775.64574706 5833318.39609865 -14397.549804891, 2121558.24734355 5821484.56465355 -14397.549804891))",2d_linear_centroids_interior,179.02295188396076,-37.58750565033914
53,4,179.00779681520265,-37.49453840914795,178.9040166971038,-37.60097198631455,14.361832129499104,17.774721688539582,11.480366184221033,"POLYGON Z ((2110443.84427175 5831703.98314633 -17774.7216885396, 2121389.9204603 5822032.60263824 -14361.8321294991, 2131321.79402212 5833273.50507319 -14361.8321294991, 2120375.71783357 5842944.88558128 -17774.7216885396, 2110443.84427175 5831703.98314633 -17774.7216885396))",2d_linear_centroids_interior,178.89089203573,-37.507511076839975
53,5,178.8770098660792,-37.418224240621306,178.7682646066539,-37.52141855470764,17.638106419574395,22.119429962624555,10.833893359250581,"POLYGON Z ((2099564.89181188 5841486.21676711 -22119.4299626246, 2109935.26380038 5831618.43463926 -17638.1064195744, 2120275.27557078 5842485.08806099 -17638.1064195744, 2109904.90358228 5852352.87018884 -22119.4299626246, 2099564.89181188 5841486.21676711 -22119.4299626246))",2d_linear_centroids_interior,178.76092852679335,-37.42845369982536
53,6,178.74977508392183,-37.34429139650217,178.63531913708138,-37.44342638614834,22.228435477053754,27.97539266840054,10.046039976078523,"POLYGON Z ((2089087.86437286 5850983.25829041 -27975.3926684005, 2098692.70455394 5840997.29173045 -22228.4354770538, 2109503.60518014 5851395.58138071 -22228.4354770538, 2099898.76499905 5861381.54794067 -27975.3926684005, 2089087.86437286 5850983.25829041 -27975.3926684005))",2d_linear_centroids_interior,178.63523167692165,-37.35167735523146
53,7,178.62583322682502,-37.266577341885274,178.51383851093632,-37.367429367546485,27.953024168691744,34.61479937994252,9.088781262928048,"POLYGON Z ((2078917.83045877 5859572.75613641 -34614.7993799425, 2088428.62452964 5850077.2020622 -27953.0241686917, 2099026.71807281 5860692.30513519 -27953.0241686917, 2089515.92400194 5870187.8592094 -34614.7993799425, 2078917.83045877 5859572.75613641 -34614.7993799425))",2d_linear_centroids_interior,178.5133346354345,-37.27692625237613
53,8,178.50605707020767,-37.19105921950872,178.3969013905179,-37.29382726321866,34.68018930914295,42.0220212588581,8.494939071886535,"POLYGON Z ((2069064.48343446 5867880.66704882 -42022.0212588581, 2078530.24463599 5858853.10544572 -34680.189309143, 2088882.61696392 5869707.98394268 -34680.189309143, 2079416.85576239 5878735.54554578 -42022.0212588581, 2069064.48343446 5867880.66704882 -42022.0212588581))",2d_linear_centroids_interior,178.39549702741922,-37.204387355368226
54,0,179.70343492339586,-37.757357252179496,179.58049559338582,-37.85014845618243,5.2593267402549255,6.865893496841085,8.078445357817088,"POLYGON Z ((2169755.86168743 5801859.91408288 -6865.89349684109, 2179239.44620804 5790349.89375722 -5259.32674025493, 2190816.05781654 5799888.3456057 -5259.32674025493, 2181332.47329593 5811398.36593137 -6865.89349684109, 2169755.86168743 5801859.91408288 -6865.89349684109))",2d_linear_centroids_interior,179.58390505822103,-37.75525553338539
54,1,179.5681740082176,-37.66688374056214,179.45845553134308,-37.76952384862834,6.8607334423928545,8.616082703853207,8.236427371800687,"POLYGON Z ((2158451.60963931 5810473.45685885 -8616.08270385321, 2169107.47443726 5800063.30343164 -6860.73344239285, 2179589.64909043 5810792.88937615 -6860.73344239285, 2168933.78429248 5821203.04280336 -8616.08270385321, 2158451.60963931 5810473.45685885 -8616.08270385321))",2d_linear_centroids_interior,179.44922782150473,-37.67491333480509
54,2,179.43158728961356,-37.57505514773857,179.33831943926418,-37.687460975120345,8.572921318415382,10.664362126883873,8.510568013082423,"POLYGON Z ((2147319.32788652 5818916.92913362 -10664.3621268839, 2159130.24402539 5809909.8133186 -8572.92131841538, 2168226.20907939 5821837.23633182 -8572.92131841538, 2156415.29294052 5830844.35214685 -10664.3621268839, 2147319.32788652 5818916.92913362 -10664.3621268839))",2d_linear_centroids_interior,179.3150418619314,-37.59451431693134
54,3,179.29713725395558,-37.49210154407541,179.20793011925667,-37.60655057925873,10.711980804398424,13.19629292536447,10.09081913546318,"POLYGON Z ((2136192.33099958 5828294.00949134 -13196.2929253645, 2148213.87355154 5819673.64360832 -10711.9808043984, 2156954.95810287 5831863.53453754 -10711.9808043984, 2144933.41555092 5840483.90042057 -13196.2929253645, 2136192.33099958 5828294.00949134 -13196.2929253645))",2d_linear_centroids_interior,179.18171711571006,-37.51428483617013
54,4,179.1655983054053,-37.41756393073219,179.0676535884627,-37.527360975443735,13.131690273624702,16.193839946438686,11.44279308748996,"POLYGON Z ((2124995.79049185 5838554.96073753 -16193.8399464387, 2136384.50753342 5829285.63694728 -13131.6902736247, 2145853.23308505 5840919.34815342 -13131.6902736247, 2134464.51604349 5850188.67194366 -16193.8399464387, 2124995.79049185 5838554.96073753 -16193.8399464387))",2d_linear_centroids_interior,179.04926422900698,-37.434237480199855
54,5,179.0350409713705,-37.34395778174439,178.92806411581088,-37.44821995328434,16.201189383073498,20.495076102990026,10.903708021483022,"POLYGON Z ((2114068.25091016 5848660.28135491 -20495.07610299, 2124588.83983915 5838868.46102242 -16201.1893830735, 2134808.32261132 5849848.54170834 -16201.1893830735, 2124287.73368233 5859640.36204083 -20495.07610299, 2114068.25091016 5848660.28135491 -20495.07610299))",2d_linear_centroids_interior,178.91901619787882,-37.35518917105779
54,6,178.90646411257043,-37.267099551149876,178.79721671701853,-37.36980219337847,20.43789375441963,25.79924340830299,10.268947834745822,"POLYGON Z ((2103443.37120779 5858018.44548914 -25799.243408303, 2113536.72716185 5848303.50362245 -20437.8937544196, 2123938.80433034 5859110.7600079 -20437.8937544196, 2113845.44837627 5868825.7018746 -25799.243408303, 2103443.37120779 5858018.44548914 -25799.243408303))",2d_linear_centroids_interior,178.7918602421101,-37.277698005630846
54,7,178.78108837184487,-37.18851227344102,178.67488994018703,-37.293188639847486,25.819597433369395,32.00897770452327,9.562796633633269,"POLYGON Z ((2093133.48651549 5866709.76742416 -32008.9777045233, 2103204.03745194 5857475.28987015 -25819.5974333694, 2113341.77941574 5868530.88518997 -25819.5974333694, 2103271.22847929 5877765.36274397 -32008.9777045233, 2093133.48651549 5866709.76742416 -32008.9777045233))",2d_linear_centroids_interior,178.6684242726106,-37.202171522470486
54,8,178.65939003023428,-37.113124905945504,178.55435950840882,-37.21850872647725,32.06317701738508,39.02362444397302,9.070265729794167,"POLYGON Z ((2083116.77631166 5875293.61504808 -39023.624443973, 2092995.70615702 5866407.7320457 -32063.1770173851, 2103026.96224979 5877560.0367941 -32063.1770173851, 2093148.03240443 5886445.91979649 -39023.624443973, 2083116.77631166 5875293.61504808 -39023.624443973))",2d_linear_centroids_interior,178.54861619853241,-37.12857957722736
54,9,178.54052594134384,-37.038011268249036,178.43890973138403,-37.14547944940435,39.009061122005,46.58268890613027,8.784364268335406,"POLYGON Z ((2073355.69999417 5883518.11590634 -46582.6889061303, 2083206.97192281 5875116.17544146 -39009.061122005, 2092940.75856872 5886529.03649957 -39009.061122005, 2083089.48664008 5894930.97696446 -46582.6889061303, 2073355.69999417 5883518.11590634 -46582.6889061303))",2d_linear_centroids_interior,178.43188070897793,-37.056604317794076
55,0,179.8674330881782,-37.702705145518316,179.72790072139955,-37.77912672808452,5.221693020454499,6.534977441638997,8.768295879865457,"POLYGON Z ((2185234.06181539 5810198.56689557 -6534.977441639, 2192800.03980971 5797313.25506315 -5221.6930204545, 2205735.0229507 5804908.39898162 -5221.6930204545, 2198169.04495638 5817793.71081404 -6534.977441639, 2185234.06181539 5810198.56689557 -6534.977441639))",2d_linear_centroids_interior,179.74980979640824,-37.685730106631866
55,1,179.73387370806387,-37.60116327304869,179.61917035278853,-37.70019091623705,6.248311400118541,7.74283949084723,8.61509208162795,"POLYGON Z ((2173602.44415015 5817641.42400165 -7742.83949084723, 2183832.1316076 5806773.12697273 -6248.31140011854, 2194754.77937428 5817053.97157642 -6248.31140011854, 2184525.09191682 5827922.26860534 -7742.83949084723, 2173602.44415015 5817641.42400165 -7742.83949084723))",2d_linear_centroids_interior,179.61463339841904,-37.605294474537146
55,2,179.59829798088992,-37.51231959135772,179.49526468567262,-37.61910672649153,7.817454902086326,9.545127400868349,8.789333486695842,"POLYGON Z ((2162363.37139259 5826431.38858949 -9545.12740086835, 2173518.15534358 5816552.82883902 -7817.45490208633, 2183462.89885926 5827782.34692339 -7817.45490208633, 2172308.11490828 5837660.90667386 -9545.12740086835, 2162363.37139259 5826431.38858949 -9545.12740086835))",2d_linear_centroids_interior,179.4802226307521,-37.524963849907664
55,3,179.46283047717515,-37.42578772868624,179.36880322259398,-37.53768677400618,9.57432171345568,11.799229747888933,9.825809035587914,"POLYGON Z ((2151222.36734373 5835445.4408525 -11799.2297478889, 2162955.91708494 5826369.4508399 -9574.32171345568, 2172133.42557266 5838234.24489449 -9574.32171345568, 2160399.87583145 5847310.23490709 -11799.2297478889, 2151222.36734373 5835445.4408525 -11799.2297478889))",2d_linear_centroids_interior,179.34645237199913,-37.44466836952837
55,4,179.3294752060784,-37.34579671735693,179.23498619451757,-37.45742097015683,11.74632860467422,14.615030090834555,11.145396945308708,"POLYGON Z ((2140083.92012186 5845120.27677245 -14615.0300908346, 2151708.46263897 5836084.76001627 -11746.3286046742, 2160913.89334376 5847927.90341401 -11746.3286046742, 2149289.35082665 5856963.42017019 -14615.0300908346, 2140083.92012186 5845120.27677245 -14615.0300908346))",2d_linear_centroids_interior,179.21362851020635,-37.36459725578362
55,5,179.19854677046405,-37.27124592659987,179.0962298653202,-37.378352307655064,14.60764946128243,18.380098703312303,11.194909125960596,"POLYGON Z ((2129044.29890653 5855216.36236649 -18380.0987033123, 2139988.40880794 5845677.22796225 -14607.6494612824, 2149844.33049603 5856984.78329831 -14607.6494612824, 2138900.22059463 5866523.91770256 -18380.0987033123, 2129044.29890653 5855216.36236649 -18380.0987033123))",2d_linear_centroids_interior,179.08255350567882,-37.28524413616648
55,6,179.06753932938616,-37.18844966208495,178.97087857900434,-37.298822957924344,18.32699562232199,23.11920801900157,10.752525537608562,"POLYGON Z ((2118334.09530299 5864103.30304761 -23119.2080190016, 2129434.94585278 5855226.03897492 -18326.995622322, 2138803.1730403 5866940.82959887 -18326.995622322, 2127702.32249051 5875818.09367156 -23119.2080190016, 2118334.09530299 5864103.30304761 -23119.2080190016))",2d_linear_centroids_interior,178.9538621048387,-37.207008562680016
55,7,178.93981158579615,-37.10848094196057,178.8472961359531,-37.221075054577035,23.149015817127164,28.87653264837081,10.304752064028758,"POLYGON Z ((2107915.45553682 5872874.54676161 -28876.5326483708, 2119002.27135375 5864551.20212203 -23149.0158171272, 2128007.9712708 5876546.92506832 -23149.0158171272, 2116921.15545386 5884870.26970789 -28876.5326483708, 2107915.45553682 5872874.54676161 -28876.5326483708))",2d_linear_centroids_interior,178.82860092760836,-37.130548146736245
55,8,178.81680684024568,-37.03403299768701,178.72293195335394,-37.145877476273,28.970315462797576,35.55601580600805,9.7357083715039,"POLYGON Z ((2097754.06719244 5881768.08185626 -35556.0158060081, 2108459.78317056 5873581.73979249 -28970.3154627976, 2117571.26655426 5885497.31239931 -28970.3154627976, 2106865.55057614 5893683.65446309 -35556.0158060081, 2097754.06719244 5881768.08185626 -35556.0158060081))",2d_linear_centroids_interior,178.7072112848229,-37.05615857882245
55,9,178.69502808775187,-36.95658971336502,178.60683663758616,-37.07134259602613,35.419492600190075,42.530396641448284,9.418720599049571,"POLYGON Z ((2087814.92048395 5890065.24681359 -42530.3966414483, 2098626.54489943 5882479.48243453 -35419.4926001901, 2107241.91103542 5894758.5486182 -35419.4926001901, 2096430.28661994 5902344.31299726 -42530.3966414483, 2087814.92048395 5890065.24681359 -42530.3966414483))",2d_linear_centroids_interior,178.5879902402934,-36.98281747083395
55,10,178.57814724381205,-36.88293866890084,178.4937268779098,-36.999483817849374,42.80333496103698,50.220606736455544,9.256690727140676,"POLYGON Z ((2078150.44189352 5898248.67526239 -50220.6067364555, 2089021.33312404 5891050.91149413 -42803.334961037, 2097302.37010727 5903557.88660734 -42803.334961037, 2086431.47887675 5910755.65037561 -50220.6067364555, 2078150.44189352 5898248.67526239 -50220.6067364555))",2d_linear_centroids_interior,178.4728907954704,-36.91174778500183
56,0,179.9806267977024,-37.569544107099034,179.88160681400365,-37.67867250399951,5.218279093365769,6.488901686089033,8.63572137633965,"POLYGON Z ((2195744.96639695 5817106.96583102 -6488.90168608903, 2207183.82111911 5807487.29219454 -5218.27909336577, 2216838.1944695 5818967.40871012 -5218.27909336577, 2205399.33974735 5828587.0823466 -6488.90168608903, 2195744.96639695 5817106.96583102 -6488.90168608903))",nearest_neighbor_boundary,179.8628318334835,-37.58485395594579
56,1,179.84611572885976,-37.492626700048056,179.74234355439748,-37.59888829588184,6.421253077086677,7.678775683075527,9.033025107790532,"POLYGON Z ((2184417.61024681 5827258.40094428 -7678.77568307553, 2195521.97886788 5817252.82078006 -6421.25307708668, 2205562.90647724 5828396.41861664 -6421.25307708668, 2194458.53785617 5838401.99878087 -7678.77568307553, 2184417.61024681 5827258.40094428 -7678.77568307553))",2d_linear_centroids_interior,179.7278079745204,-37.504575407597564
56,2,179.71005609904748,-37.40615543092558,179.61514598251875,-37.517515936593185,7.6471853027241234,9.353407705395574,9.193515780861453,"POLYGON Z ((2173211.18290546 5836326.88103637 -9353.40770539557, 2184913.62541057 5827099.65802361 -7647.18530272412, 2194201.1278856 5838878.55006727 -7647.18530272412, 2182498.68538049 5848105.77308003 -9353.40770539557, 2173211.18290546 5836326.88103637 -9353.40770539557))",2d_linear_centroids_interior,179.59327056041536,-37.42423581784136
56,3,179.57574372110915,-37.32503722603139,179.48204596862783,-37.437022198232924,9.35962886026973,11.381745281956874,9.756040371130872,"POLYGON Z ((2161990.98461204 5845958.60300543 -11381.7452819569, 2173750.18401112 5836868.37337854 -9359.62886026973, 2182924.15574876 5848735.9022939 -9359.62886026973, 2171164.95634967 5857826.1319208 -11381.7452819569, 2161990.98461204 5845958.60300543 -11381.7452819569))",2d_linear_centroids_interior,179.45943522338348,-37.34396801698966
56,4,179.4415931626725,-37.242637471432666,179.35109903959915,-37.35626469319465,11.350559790572893,14.144729842382418,10.689749772479164,"POLYGON Z ((2150884.31984905 5855370.97614582 -14144.7298423824, 2162753.70060479 5846635.39292563 -11350.5597905729, 2171644.90591082 5858716.22353474 -11350.5597905729, 2159775.52515508 5867451.80675492 -14144.7298423824, 2150884.31984905 5855370.97614582 -14144.7298423824))",2d_linear_centroids_interior,179.32653728027478,-37.263918952582294
56,5,179.30862158642222,-37.16024160392455,179.2223111384166,-37.27590862366624,14.162854818416028,17.781722834283272,11.165195536150168,"POLYGON Z ((2139941.87816677 5864599.26404131 -17781.7228342833, 2151920.35230146 5856327.62867168 -14162.854818416, 2160443.76022815 5868670.70435463 -14162.854818416, 2148465.28609346 5876942.33972427 -17781.7228342833, 2139941.87816677 5864599.26404131 -17781.7228342833))",2d_linear_centroids_interior,179.19534779192105,-37.18456273909601
56,6,179.1793026668618,-37.08426114959306,179.08841949879886,-37.197644047899125,17.80714722102064,22.408702318409258,10.869050275862918,"POLYGON Z ((2129102.23154544 5874272.10680811 -22408.7023184093, 2140593.35889146 5865799.81768396 -17807.1472210206, 2149494.84597004 5877873.07440242 -17807.1472210206, 2138003.71862402 5886345.36352657 -22408.7023184093, 2129102.23154544 5874272.10680811 -22408.7023184093))",2d_linear_centroids_interior,179.06652304897938,-37.10631140351435
56,7,179.05169608996144,-37.007901278936714,178.95845067062265,-37.120022662316565,22.240708648562087,27.820612001548824,10.501391694968689,"POLYGON Z ((2118511.42281239 5883599.84138822 -27820.6120015488, 2129585.72303913 5875160.37736144 -22240.7086485621, 2138677.66763719 5887090.8653408 -22240.7086485621, 2127603.36741045 5895530.32936758 -27820.6120015488, 2118511.42281239 5883599.84138822 -27820.6120015488))",2d_linear_centroids_interior,178.9402004398999,-37.02926621408533
56,8,178.92750759608174,-36.92998058855854,178.83846929042727,-37.04425512970471,28.0196297488022,34.33271906936098,10.077323414419439,"POLYGON Z ((2108360.7014841 5892155.20479443 -34332.719069361, 2119430.64345046 5884243.10721591 -28019.6297488022, 2128152.8629799 5896446.50373001 -28019.6297488022, 2117082.92101354 5904358.60130852 -34332.719069361, 2108360.7014841 5892155.20479443 -34332.719069361))",2d_linear_centroids_interior,178.81843648329493,-36.9547069478299
56,9,178.8065738176465,-36.85746986304421,178.71426503146893,-36.970038115625286,34.193077798423495,41.142441325798536,9.890612037242407,"POLYGON Z ((2098227.08699149 5901130.24647468 -41142.4413257985, 2108866.98137996 5893161.62087383 -34193.0777984235, 2117858.82214553 5905167.73596767 -34193.0777984235, 2107218.92775706 5913136.36156852 -41142.4413257985, 2098227.08699149 5901130.24647468 -41142.4413257985))",2d_linear_centroids_interior,178.69836014991168,-36.880897630393434
56,10,178.6901844491701,-36.78801029992524,178.59354436456772,-36.89818152099429,41.30307803689615,48.78383696342418,9.741584691261936,"POLYGON Z ((2088412.23642286 5909890.94099353 -48783.8369634242, 2098576.72827578 5901784.07037318 -41303.0780368961, 2107929.75149335 5913511.00333502 -41303.0780368961, 2097765.25964043 5921617.87395537 -48783.8369634242, 2088412.23642286 5909890.94099353 -48783.8369634242))",2d_linear_centroids_interior,178.58251767449593,-36.809423726090074
57,0,-179.92106260942612,-37.45519494194397,179.98881917393945,-37.56900936583891,5.128586040759547,6.461166242040018,9.576747983062834,"POLYGON Z ((2205563.20009945 5827867.74298639 -6461.16624204002, 2217567.46872005 5818972.70139617 -5128.58604075955, 2226497.82067622 5831024.62298316 -5128.58604075955, 2214493.55205562 5839919.66457338 -6461.16624204002, 2205563.20009945 5827867.74298639 -6461.16624204002))",nearest_neighbor_boundary,179.96278672353353,-37.47633074050699
57,1,179.94342841452072,-37.373182376182534,179.85629055899133,-37.48844299264558,6.390048234447313,7.613683174487363,9.485922244779001,"POLYGON Z ((2194295.57343048 5837432.79578219 -7613.68317448736, 2206498.04713423 5828795.53041387 -6390.04823444731, 2215164.19546034 5841038.80910832 -6390.04823444731, 2202961.72175659 5849676.07447664 -7613.68317448736, 2194295.57343048 5837432.79578219 -7613.68317448736))",2d_linear_centroids_interior,179.82789600523802,-37.396163303356495
57,2,179.80739936501615,-37.28909444761525,179.72629558273871,-37.40711051982129,7.5650736837635435,9.16704369831304,9.630909879345634,"POLYGON Z ((2183106.61854922 5846763.53640119 -9167.04369831304, 2195633.31713242 5838669.3709298 -7565.07368376354, 2203774.04153532 5851268.12508234 -7565.07368376354, 2191247.34295212 5859362.29055372 -9167.04369831304, 2183106.61854922 5846763.53640119 -9167.04369831304))",2d_linear_centroids_interior,179.69341643177347,-37.31589090869749
57,3,179.6726315936034,-37.20737391963409,179.59377675487735,-37.32634813747599,9.047155805561726,11.086645667272105,10.035538676390177,"POLYGON Z ((2171903.42028502 5856339.73332018 -11086.6456672721, 2184514.39401518 5848478.19258816 -9047.15580556173, 2192449.62523076 5861207.37581236 -9047.15580556173, 2179838.6515006 5869068.91654438 -11086.6456672721, 2171903.42028502 5856339.73332018 -11086.6456672721))",2d_linear_centroids_interior,179.5595208895838,-37.235620065645676
57,4,179.54116243892497,-37.13215549397945,179.45455541988576,-37.247620091444524,11.214003443096875,13.870658550541995,10.902323604863254,"POLYGON Z ((2160651.71677251 5866531.56860742 -13870.658550542, 2172758.59902588 5858083.75316537 -11214.0034430969, 2181342.11119965 5870385.10751206 -11214.0034430969, 2169235.22894627 5878832.92295412 -13870.658550542, 2160651.71677251 5866531.56860742 -13870.658550542))",2d_linear_centroids_interior,179.42689959189116,-37.15577121763844
57,5,179.40944675966222,-37.053905492179034,179.32055461453263,-37.168233680557385,13.930228894239935,17.60120071645767,11.134578483756322,"POLYGON Z ((2149643.83928672 5876211.24585955 -17601.2007164577, 2161445.5995106 5867711.69166544 -13930.2288942399, 2170211.72364253 5879883.58830087 -13930.2288942399, 2158409.96341865 5888383.14249498 -17601.2007164577, 2149643.83928672 5876211.24585955 -17601.2007164577))",2d_linear_centroids_interior,179.29585660027618,-37.07653789025596
57,6,179.2791917354079,-36.97575455402972,179.18892814651218,-37.089369819560524,17.422488414583317,22.02412078275938,10.863679253961624,"POLYGON Z ((2138802.5030745 5885693.21289714 -22024.1207827594, 2150314.58076917 5877249.45504297 -17422.4884145833, 2159186.10668746 5889344.74453438 -17422.4884145833, 2147674.02899279 5897788.50238856 -22024.1207827594, 2138802.5030745 5885693.21289714 -22024.1207827594))",2d_linear_centroids_interior,179.16668057994644,-36.99810724617004
57,7,179.1530747396632,-36.90162251867846,179.0580003539727,-37.012660816297505,22.149631841839224,27.674921894828117,10.738337707170597,"POLYGON Z ((2128242.77692131 5895145.19713958 -27674.9218948281, 2139205.61963401 5886526.19200634 -22149.6318418392, 2148476.49590617 5898318.17458547 -22149.6318418392, 2137513.65319346 5906937.17971871 -27674.9218948281, 2128242.77692131 5895145.19713958 -27674.9218948281))",2d_linear_centroids_interior,179.04128322432788,-36.92166066725961
57,8,179.02835991553823,-36.82508114695972,178.93406059843502,-36.936517212546164,27.58630803767492,33.93957500300055,10.435642286867342,"POLYGON Z ((2117956.13087361 5904013.14533118 -33939.5750030006, 2128691.97213677 5895683.81695252 -27586.3080376749, 2137886.78835425 5907535.20314683 -27586.3080376749, 2127150.94709109 5915864.53152549 -33939.5750030006, 2117956.13087361 5904013.14533118 -33939.5750030006))",2d_linear_centroids_interior,178.9184404224706,-36.84647470696541
57,9,178.9083186775893,-36.75209264762006,178.81289087238156,-36.86287954027346,34.044443571472485,41.03231762345502,10.37322850595395,"POLYGON Z ((2107959.32083169 5912745.32374018 -41032.317623455, 2118386.0498162 5904532.34992328 -34044.4435714725, 2127667.72130655 5916315.83728251 -34044.4435714725, 2117240.99232204 5924528.81109941 -41032.317623455, 2107959.32083169 5912745.32374018 -41032.317623455))",2d_linear_centroids_interior,178.79970797868086,-36.77352502373328
57,10,178.79089589188317,-36.681174158467726,178.69287069884882,-36.79045468739509,40.995964414462854,48.4647937400173,10.337999755022247,"POLYGON Z ((2098082.8880949 5921459.11994333 -48464.7937400173, 2108153.54990128 5913225.14403328 -40995.9644144629, 2117648.2091596 5924837.69954739 -40995.9644144629, 2107577.54735322 5933071.67545744 -48464.7937400173, 2098082.8880949 5921459.11994333 -48464.7937400173))",2d_linear_centroids_interior,178.6830692421743,-36.70159389167786
58,0,-179.85281379446678,-37.32740805680098,-179.94147892348457,-37.441855337224155,5.351151524991054,6.555754873329834,9.576747983062834,"POLYGON Z ((2212711.983056 5841442.97926 -6555.75487332983, 2224800.21341113 5832643.91012432 -5351.15152499105, 2233627.79399131 5844771.30972606 -5351.15152499105, 2221539.56363618 5853570.37886174 -6555.75487332983, 2212711.983056 5841442.97926 -6555.75487332983))",nearest_neighbor_boundary,-179.96856384210676,-37.34935015184416
58,1,-179.99175289825283,-37.23649141493934,179.93721056997583,-37.35851521523564,6.435120235962245,7.5886554906773664,9.98110947363683,"POLYGON Z ((2201675.4805577 5850001.69672141 -7588.65549067737, 2214733.00128524 5842709.8856387 -6435.12023596224, 2222046.47025995 5855806.18937509 -6435.12023596224, 2208988.94953241 5863098.0004578 -7588.65549067737, 2201675.4805577 5850001.69672141 -7588.65549067737))",2d_linear_centroids_interior,179.89663600530181,-37.26918700686966
58,2,179.87451597023858,-37.15797156028907,179.80063992133165,-37.27891156626616,7.71276719179545,9.343910103381754,10.119183014698724,"POLYGON Z ((2190366.30154804 5859940.44227922 -9343.91010338175, 2203255.53706375 5852443.31078627 -7712.76719179545, 2210797.39242157 5865409.436567 -7712.76719179545, 2197908.15690586 5872906.56805995 -9343.91010338175, 2190366.30154804 5859940.44227922 -9343.91010338175))",2d_linear_centroids_interior,179.76246754600365,-37.189051955823686
58,3,179.74104178521236,-37.079057633923604,179.66492388074437,-37.19909975253726,9.24407121228159,11.435583956348449,10.430992989770331,"POLYGON Z ((2179106.31491872 5869812.15179929 -11435.5839563484, 2191829.41860806 5862175.40482149 -9244.07121228159, 2199548.99898984 5875036.5120339 -9244.07121228159, 2186825.89530051 5882673.2590117 -11435.5839563484, 2179106.31491872 5869812.15179929 -11435.5839563484))",2d_linear_centroids_interior,179.62887056691804,-37.10891315394372
58,4,179.6088837895876,-37.00097847727501,179.52984069951302,-37.11979436715316,11.528456845944406,14.456621832498202,10.928405304479242,"POLYGON Z ((2167958.36459241 5879631.91939431 -14456.6218324982, 2180429.62434251 5871828.48873486 -11528.4568459444, 2188386.12804013 5884544.38622226 -11528.4568459444, 2175914.86829002 5892347.81688171 -14456.6218324982, 2167958.36459241 5879631.91939431 -14456.6218324982))",2d_linear_centroids_interior,179.4967165553759,-37.029300613472806
58,5,179.47771672213702,-36.922694577022,179.39687663630187,-37.04072061731866,14.449590329720078,18.14524129850024,11.057895108964482,"POLYGON Z ((2156953.68361903 5889272.20463362 -18145.2412985002, 2169191.1256934 5881424.4549311 -14449.5903297201, 2177288.48344297 5894051.12501768 -14449.5903297201, 2165051.0413686 5901898.87472021 -18145.2412985002, 2156953.68361903 5889272.20463362 -18145.2412985002))",2d_linear_centroids_interior,179.3660623999416,-36.95025937450456
58,6,179.34961726049465,-36.84929874523575,179.26038733986383,-36.963350015417646,18.046369923730182,23.01511243500906,10.963889801324342,"POLYGON Z ((2146141.29852541 5899140.27124204 -23015.1124350091, 2157600.59418796 5890833.87968042 -18046.3699237302, 2166403.99775339 5902978.84100865 -18046.3699237302, 2154944.70209084 5911285.23257027 -23015.1124350091, 2146141.29852541 5899140.27124204 -23015.1124350091))",2d_linear_centroids_interior,179.23806090825212,-36.87250207895607
58,7,179.22387266616195,-36.77430156351342,179.13176594450894,-36.88684548000399,22.950800306911173,28.731323735281105,10.927336225191684,"POLYGON Z ((2135634.39254376 5908423.15523923 -28731.3237352811, 2146680.92592396 5900082.91248652 -22950.8003069112, 2155719.2638919 5912054.06309025 -22950.8003069112, 2144672.7305117 5920394.30584297 -28731.3237352811, 2135634.39254376 5908423.15523923 -28731.3237352811))",2d_linear_centroids_interior,179.11328427025305,-36.79639772214625
58,8,179.101677332126,-36.702739614563626,179.0037586572681,-36.8120380165141,28.694651946496343,35.25388906660318,10.871283966356287,"POLYGON Z ((2125359.31880411 5917688.7246094 -35253.8890666032, 2135780.78185183 5909123.1238513 -28694.6519464963, 2145305.26773669 5920711.22846893 -28694.6519464963, 2134883.80468897 5929276.82922703 -35253.8890666032, 2125359.31880411 5917688.7246094 -35253.8890666032))",2d_linear_centroids_interior,178.99169912222905,-36.72194886953512
58,9,178.98262437220538,-36.63151249311851,178.88138404077668,-36.738799899486004,35.2771272335018,42.54851134060111,10.834933158475327,"POLYGON Z ((2115417.35936487 5926511.86396852 -42548.5113406011, 2125350.81136216 5917941.36196546 -35277.1272335018, 2135149.61498093 5929298.4499567 -35277.1272335018, 2125216.16298364 5937868.95195976 -42548.5113406011, 2115417.35936487 5926511.86396852 -42548.5113406011))",2d_linear_centroids_interior,178.8738092083558,-36.64948799237974
59,0,-179.80642159723055,-37.180325526779356,-179.88025071147717,-37.301227523819506,5.733129750237374,6.773662638149644,10.55286101112474,"POLYGON Z ((2218501.67611643 5855431.52476455 -6773.66263814964, 2231412.46170328 5847866.54579303 -5733.12975023737, 2238995.70811453 5860808.50754024 -5733.12975023737, 2226084.92252768 5868373.48651176 -6773.66263814964, 2218501.67611643 5855431.52476455 -6773.66263814964))",nearest_neighbor_boundary,-179.91871165523693,-37.211309918673
59,1,-179.94229146543634,-37.09770428708441,179.98811666463504,-37.2202022086201,6.664366615634373,7.8951788135862335,10.492120607983935,"POLYGON Z ((2207279.66099066 5864930.42191303 -7895.17881358623, 2220391.61833069 5857749.77597784 -6664.36661563437, 2227596.56024579 5870906.09810829 -6664.36661563437, 2214484.60290576 5878086.74404348 -7895.17881358623, 2207279.66099066 5864930.42191303 -7895.17881358623))",2d_linear_centroids_interior,179.94669543913352,-37.13117208967441
59,2,179.92294711596904,-37.01632537386215,179.85563351697186,-37.13963779668557,8.020893816006632,9.783533521314107,10.606643327085509,"POLYGON Z ((2196087.49670159 5874514.4589057 -9783.53352131411, 2209265.49129422 5867569.42040432 -8020.89381600663, 2216258.98223603 5880839.35199596 -8020.89381600663, 2203080.98764339 5887784.39049735 -9783.53352131411, 2196087.49670159 5874514.4589057 -9783.53352131411))",2d_linear_centroids_interior,179.81292053925975,-37.051175878214806
59,3,179.78973057988583,-36.93699273263537,179.7212027599208,-37.059875895601536,9.74706364814325,12.108563283860336,10.635998688595615,"POLYGON Z ((2184876.16856374 5884288.63796798 -12108.5632838603, 2197933.75448106 5877294.15660891 -9747.06364814325, 2205016.56112026 5890516.63179746 -9747.06364814325, 2191958.97520294 5897511.11315653 -12108.5632838603, 2184876.16856374 5884288.63796798 -12108.5632838603))",2d_linear_centroids_interior,179.6798684471266,-36.971269777444164
59,4,179.65813446790074,-36.85989179325385,179.58481722835754,-36.98098083087663,11.874395781104289,15.100661192433265,10.860811550219868,"POLYGON Z ((2173698.15344581 5894221.95459991 -15100.6611924333, 2186395.25766401 5886916.15170306 -11874.3957811043, 2193876.14724349 5899917.54743966 -11874.3957811043, 2181179.04302529 5907223.35033651 -15100.6611924333, 2173698.15344581 5894221.95459991 -15100.6611924333))",2d_linear_centroids_interior,179.54788634410008,-36.89166866989611
59,5,179.52880884887344,-36.78556933664416,179.4472477995637,-36.90320091253783,14.911581695005776,19.1092143513507,11.042683657194608,"POLYGON Z ((2162643.74211489 5904252.0847813 -19109.2143513507, 2174716.95368273 5896402.40692035 -14911.5816950058, 2182893.30952088 5908978.06615587 -14911.5816950058, 2170820.09795304 5916827.74401682 -19109.2143513507, 2162643.74211489 5904252.0847813 -19109.2143513507))",2d_linear_centroids_interior,179.417828781276,-36.81289888502482
59,6,179.4012980958893,-36.710212869878006,179.31584965638697,-36.82603344307189,19.123185617684225,24.433117784721535,11.059633863339105,"POLYGON Z ((2151999.59543787 5913712.29369789 -24433.1177847215, 2163559.95509346 5905764.79692123 -19123.1856176842, 2172057.70556768 5918125.55081725 -19123.1856176842, 2160497.34591209 5926073.0475939 -24433.1177847215, 2151999.59543787 5913712.29369789 -24433.1177847215))",2d_linear_centroids_interior,179.29131121223915,-36.73595890174935
59,7,179.27797792177412,-36.638841642610366,179.1852062626544,-36.75093434089655,24.45736316414084,30.782960935528685,11.080721706848546,"POLYGON Z ((2141628.971408 5923139.4470691 -30782.9609355287, 2152431.40324257 5914875.4117779 -24457.3631641408, 2161545.4874587 5926788.99515577 -24457.3631641408, 2150743.05562413 5935053.03044696 -30782.9609355287, 2141628.971408 5923139.4470691 -30782.9609355287))",2d_linear_centroids_interior,179.1685454160223,-36.66100387819464
59,8,179.15851693351195,-36.56935557162682,179.05901203770907,-36.67760874439464,30.791988576711148,37.850450479313345,11.285928286256336,"POLYGON Z ((2131554.37837546 5932287.35942795 -37850.4504793133, 2141665.29004051 5923746.42383102 -30791.9885767111, 2151344.87600194 5935205.29007578 -30791.9885767111, 2141233.96433689 5943746.22567271 -37850.4504793133, 2131554.37837546 5932287.35942795 -37850.4504793133))",2d_linear_centroids_interior,179.04957389666617,-36.58808633521519
59,9,179.0416040638303,-36.49837718920571,178.94056625810828,-36.605670728234315,37.870581445469156,45.33409694956544,11.308702434159153,"POLYGON Z ((2121712.6786956 5940906.50758075 -45334.0969495654, 2131561.78738409 5932404.09648964 -37870.5814454692, 2141363.68341148 5943758.51564116 -37870.5814454692, 2131514.57472298 5952260.92673227 -45334.0969495654, 2121712.6786956 5940906.50758075 -45334.0969495654))",2d_linear_centroids_interior,178.93346760590114,-36.516659657348015
60,0,-179.74833873941074,-37.04475557962233,-179.81584264279957,-37.16794372550784,5.877849038030439,6.865277157398999,10.55286101112474,"POLYGON Z ((2225055.0924855 5869290.84280997 -6865.277157399, 2238262.51382382 5862248.89653772 -5877.84903803044, 2245319.76763821 5875485.02771716 -5877.84903803044, 2232112.34629989 5882526.97398941 -6865.277157399, 2225055.0924855 5869290.84280997 -6865.277157399))",nearest_neighbor_boundary,-179.85877811686794,-37.07934919700792
60,1,-179.88316278263278,-36.96415528528994,-179.94980248418935,-37.08764805754121,6.735861234103915,7.968675581476949,10.99910606650488,"POLYGON Z ((2213772.25382944 5879017.43393013 -7968.67558147695, 2227011.12239535 5872073.90976158 -6735.86123410392, 2233978.21711952 5885357.71912126 -6735.86123410392, 2220739.3485536 5892301.24328982 -7968.67558147695, 2213772.25382944 5879017.43393013 -7968.67558147695))",2d_linear_centroids_interior,-179.99318483859153,-36.99925054624996
60,2,179.9800857502687,-36.87931011658205,179.92170959924394,-37.00547050780042,7.778255119866112,9.53831806337884,11.104685849148945,"POLYGON Z ((2202688.8949063 5888247.14562418 -9538.31806337884, 2216236.85316131 5882054.003808 -7778.25511986611, 2222473.07421578 5895696.20110022 -7778.25511986611, 2208925.11596077 5901889.3429164 -9538.31806337884, 2202688.8949063 5888247.14562418 -9538.31806337884))",2d_linear_centroids_interior,179.8728947466205,-36.91909633250193
60,3,179.84942870678177,-36.80426528141682,179.78244023138066,-36.927641413957296,9.68224628887385,12.222262467161329,11.07106603534266,"POLYGON Z ((2191347.8691518 5898467.99902869 -12222.2624671613, 2204440.37340252 5891602.53107239 -9682.24628887385, 2211406.44076024 5904886.87921476 -9682.24628887385, 2198313.93650952 5911752.34717106 -12222.2624671613, 2191347.8691518 5898467.99902869 -12222.2624671613))",2d_linear_centroids_interior,179.74031558016856,-36.839404780351394
60,4,179.71708433896805,-36.72511107706404,179.64904039404496,-36.848114791533554,11.971692970473972,15.430631812326638,10.863296993551073,"POLYGON Z ((2180268.257808 5908135.64773273 -15430.6318123266, 2193155.49294366 5901283.28225455 -11971.692970474, 2200197.6473122 5914527.4531176 -11971.692970474, 2187310.41217654 5921379.81859577 -15430.6318123266, 2180268.257808 5908135.64773273 -15430.6318123266))",2d_linear_centroids_interior,179.60870733973138,-36.759961656066736
60,5,179.59059756443528,-36.654374018029884,179.50971449494014,-36.772234631873694,15.612060384511606,20.284469489776654,10.96976793960675,"POLYGON Z ((2169313.02167511 5918308.20964241 -20284.4694897767, 2181287.73141567 5910576.78546687 -15612.0603845116, 2189423.94748449 5923178.45155043 -15612.0603845116, 2177449.23774392 5930909.87572597 -20284.4694897767, 2169313.02167511 5918308.20964241 -20284.4694897767))",2d_linear_centroids_interior,179.48065687361407,-36.68234512926598
60,6,179.46486001377997,-36.58189793815813,179.37620297875492,-36.696060182655,20.102474697528027,25.82004618875656,11.05965766758177,"POLYGON Z ((2158681.64005172 5927976.63996133 -25820.0461887566, 2169917.45151968 5919848.54566445 -20102.474697528, 2178709.29125483 5932001.88076521 -20102.474697528, 2167473.47978687 5940129.9750621 -25820.0461887566, 2158681.64005172 5927976.63996133 -25820.0461887566))",2d_linear_centroids_interior,179.3551067681199,-36.60593636027058
60,7,179.34131880646663,-36.5066837995077,179.2527645664748,-36.62087931007316,25.76861371284256,32.50403682273196,11.177365736745639,"POLYGON Z ((2148546.17676416 5936770.88347899 -32504.036822732, 2159418.13027844 5928932.85424238 -25768.6137128426, 2168190.23437138 5941100.44191548 -25768.6137128426, 2157318.2808571 5948938.4711521 -32504.036822732, 2148546.17676416 5936770.88347899 -32504.036822732))",2d_linear_centroids_interior,179.23385359316512,-36.5318529744139
60,8,179.2223972703643,-36.434947478613076,179.13177730301646,-36.54806342228624,32.38063921539738,39.6313914876063,11.338458446725635,"POLYGON Z ((2138555.13403393 5945550.28039178 -39631.3914876063, 2149099.72610987 5937724.79833384 -32380.6392153974, 2158038.95870321 5949770.13438737 -32380.6392153974, 2147494.36662727 5957595.6164453 -39631.3914876063, 2138555.13403393 5945550.28039178 -39631.3914876063))",2d_linear_centroids_interior,179.11582443256236,-36.45946565409433
60,9,179.10809085004024,-36.368575387810544,179.0098533588593,-36.477439626410536,39.707429279851524,47.49306819516049,11.41157384196249,"POLYGON Z ((2128797.80157043 5954454.85376652 -47493.0681951605, 2138661.20228513 5946263.5685791 -39707.4292798515, 2148244.47313206 5957803.10582607 -39707.4292798515, 2138381.07241736 5965994.39101349 -47493.0681951605, 2128797.80157043 5954454.85376652 -47493.0681951605))",2d_linear_centroids_interior,179.00146011360917,-36.38906806007567
61,0,-179.67583011517732,-36.92144551871849,-179.7455226560576,-37.04379308893936,5.859644022651739,6.789298548089046,11.564060460525363,"POLYGON Z ((2232479.81511609 5882821.83616243 -6789.29854808905, 2245578.94119182 5875572.79218993 -5859.64402265174, 2252841.94771444 5888697.1487933 -5859.64402265174, 2239742.82163871 5895946.1927658 -6789.29854808905, 2232479.81511609 5882821.83616243 -6789.29854808905))",nearest_neighbor_boundary,-179.78673250296225,-36.954692073807415
61,1,-179.81222134976346,-36.837441692003374,-179.87502886029327,-36.96217096129789,6.660093945690753,7.798800520506616,11.514844186208213,"POLYGON Z ((2221315.46262354 5892157.86205843 -7798.80052050662, 2234720.41120709 5885523.80592295 -6660.09394569075, 2241373.66606625 5898967.54795331 -6660.09394569075, 2227968.7174827 5905601.60408879 -7798.80052050662, 2221315.46262354 5892157.86205843 -7798.80052050662))",2d_linear_centroids_interior,-179.92100825086274,-36.8746310575679
61,2,-179.94603918143375,-36.75761196644342,179.99077754607688,-36.882224421326136,7.897327403839467,9.67501094205729,11.518057844937509,"POLYGON Z ((2210063.09045713 5901924.6549932 -9675.01094205729, 2223404.03029918 5895302.02973061 -7897.32740383947, 2230073.65915759 5908737.65591219 -7897.32740383947, 2216732.71931554 5915360.28117478 -9675.01094205729, 2210063.09045713 5901924.6549932 -9675.01094205729))",2d_linear_centroids_interior,179.94546266361064,-36.79467196576391
61,3,179.9214040040826,-36.679324772645714,179.85510911291772,-36.80289134644289,9.465255167986328,11.970477800851288,11.422883072638838,"POLYGON Z ((2198805.44100733 5911829.19901047 -11970.4778008513, 2211925.17665875 5905003.04372387 -9465.25516798633, 2218848.57536194 5918309.67930153 -9465.25516798633, 2205728.83971052 5925135.83458813 -11970.4778008513, 2198805.44100733 5911829.19901047 -11970.4778008513))",2d_linear_centroids_interior,179.81261420203023,-36.714780233178196
61,4,179.78984243061416,-36.601013295039756,179.72163062002406,-36.72390365102091,11.927627337216776,15.574576101635442,11.141263674034473,"POLYGON Z ((2187783.72415094 5921495.0136306 -15574.5761016354, 2200613.8636193 5914632.99600223 -11927.6273372168, 2207688.15429864 5927860.0293576 -11927.6273372168, 2194858.01483027 5934722.04698597 -15574.5761016354, 2187783.72415094 5921495.0136306 -15574.5761016354))",2d_linear_centroids_interior,179.68180390700985,-36.635782148425605
61,5,179.65988939347594,-36.523676961924124,179.58923504746457,-36.64566753149681,15.262161395428759,20.0954352846923,11.031060859503487,"POLYGON Z ((2176948.6606727 5931038.02340857 -20095.4352846923, 2189368.66058908 5924154.4875738 -15262.1613954288, 2196640.01093279 5937274.2232487 -15262.1613954288, 2184220.01101641 5944157.75908346 -20095.4352846923, 2176948.6606727 5931038.02340857 -20095.4352846923))",2d_linear_centroids_interior,179.55301090208192,-36.55767996993436
61,6,179.53616475088202,-36.453391784368236,179.45481042119434,-36.570958396416394,20.07287861873281,26.10542878158322,11.126380639171622,"POLYGON Z ((2166380.91256325 5940770.80647327 -26105.4287815832, 2177890.5500427 5933278.37138017 -20072.8786187328, 2186073.95049419 5945849.4475891 -20072.8786187328, 2174564.31301473 5953341.88268219 -26105.4287815832, 2166380.91256325 5940770.80647327 -26105.4287815832))",2d_linear_centroids_interior,179.42886788216666,-36.48209446170024
61,7,179.41492577690545,-36.38083965754057,179.33094356568682,-36.497183321209526,26.112423431416385,33.022278541417485,11.18300525466513,"POLYGON Z ((2156297.93397417 5949671.88829062 -33022.2785414175, 2167329.16920427 5942217.64442173 -26112.4234314164, 2175727.57689698 5954646.10966194 -26112.4234314164, 2164696.34166688 5962100.35353083 -33022.2785414175, 2156297.93397417 5949671.88829062 -33022.2785414175))",2d_linear_centroids_interior,179.3090861161595,-36.40888188646083
61,8,179.29849935039323,-36.31220481993768,179.20908407882206,-36.42585728297231,33.07086269904274,40.74228392968309,11.2314451258003,"POLYGON Z ((2146505.29001414 5958467.67920842 -40742.2839296831, 2156908.88069077 5950857.51512772 -33070.8626990427, 2165764.84844433 5962964.20068356 -33070.8626990427, 2155361.2577677 5970574.36476426 -40742.2839296831, 2146505.29001414 5958467.67920842 -40742.2839296831))",2d_linear_centroids_interior,179.19346429145614,-36.3379484919099
61,9,179.18593402539253,-36.24353858817281,179.09549457590947,-36.35664060472378,40.931433250670494,48.925022574398305,11.281880502884643,"POLYGON Z ((2137001.16431126 5966761.09850861 -48925.0225743983, 2147196.56074392 5959200.91191671 -40931.4332506705, 2156131.10888925 5971249.7230381 -40931.4332506705, 2145935.71245658 5978809.90963 -48925.0225743983, 2137001.16431126 5966761.09850861 -48925.0225743983))",2d_linear_centroids_interior,179.0816514213833,-36.269105442758125
62,0,-179.59241897269752,-36.8055702289449,-179.66614775776418,-36.92632387451417,5.853723070018814,6.69361359469059,11.564060460525363,"POLYGON Z ((2240769.48703531 5895704.85276992 -6693.61359469059, 2253664.35474081 5888087.96556028 -5853.72307001881, 2261293.21026622 5901003.09480363 -5853.72307001881, 2248398.34256072 5908619.98201327 -6693.61359469059, 2240769.48703531 5895704.85276992 -6693.61359469059))",nearest_neighbor_boundary,-179.70425609688417,-36.8363487848268
62,1,-179.72893783794285,-36.7207110123379,-179.7942847877165,-36.844545214038604,6.699061702837185,7.782155306852132,11.408586238266707,"POLYGON Z ((2229628.04463121 5904929.56067039 -7782.15530685213, 2242916.65816522 5898056.4493961 -6699.06170283719, 2249807.75711896 5911379.84067647 -6699.06170283719, 2236519.14358495 5918252.95195076 -7782.15530685213, 2229628.04463121 5904929.56067039 -7782.15530685213))",2d_linear_centroids_interior,-179.83833966284698,-36.756388851209365
62,2,-179.863927949975,-36.63876980251729,-179.92610935901334,-36.76366037991032,7.547330518112986,9.192092997079754,11.364379464891137,"POLYGON Z ((2218418.07589134 5914494.01531385 -9192.09299707976, 2231806.45006613 5907933.05552555 -7547.33051811299, 2238407.21133535 5921402.64908537 -7547.33051811299, 2225018.83716056 5927963.60887367 -9192.09299707976, 2218418.07589134 5914494.01531385 -9192.09299707976))",2d_linear_centroids_interior,-179.97205655763403,-36.67630429980457
62,3,-179.99652462971542,-36.56006767371217,179.93914467450162,-36.68425544875987,9.181048694545067,11.627952416326735,11.324086957745264,"POLYGON Z ((2207191.80767171 5924326.93962754 -11627.9524163267, 2220397.14895895 5917646.24926921 -9181.04869454507, 2227168.54149002 5931030.87639104 -9181.04869454507, 2213963.20020277 5937711.56674936 -11627.9524163267, 2207191.80767171 5924326.93962754 -11627.9524163267))",2d_linear_centroids_interior,179.8953538592083,-36.59655592064047
62,4,179.8719906174099,-36.48198661014838,179.8051752974037,-36.6053219354855,11.547657996504343,15.083265837942495,11.286102684130901,"POLYGON Z ((2196121.04878697 5934058.72278163 -15083.2658379425, 2209028.22256156 5927283.44844446 -11547.6579965043, 2215999.93091439 5940564.83702559 -11547.6579965043, 2203092.7571398 5947340.11136276 -15083.2658379425, 2196121.04878697 5934058.72278163 -15083.2658379425))",2d_linear_centroids_interior,179.76435661678482,-36.517433309428625
62,5,179.7440328292704,-36.40804784221883,179.66962905600118,-36.52851907484156,14.987834725300864,19.997063973316262,11.193403226369933,"POLYGON Z ((2185295.03548961 5943853.42635923 -19997.0639733163, 2197476.24949732 5936675.28957875 -14987.8347253009, 2205091.5722053 5949598.40298278 -14987.8347253009, 2192910.35819759 5956776.53976325 -19997.0639733163, 2185295.03548961 5943853.42635923 -19997.0639733163))",2d_linear_centroids_interior,179.636584401093,-36.43994029445072
62,6,179.61834725310072,-36.33270746574965,179.54239397412255,-36.45254111402571,19.874396439492575,26.07175988346449,11.226682115125543,"POLYGON Z ((2174936.71411517 5952951.02049797 -26071.7598834645, 2186639.65791352 5945905.8950345 -19874.3964394926, 2194375.94686114 5958756.95854375 -19874.3964394926, 2182673.0030628 5965802.08400723 -26071.7598834645, 2174936.71411517 5952951.02049797 -26071.7598834645))",2d_linear_centroids_interior,179.512930611048,-36.36464535303741
62,7,179.49680162233562,-36.259544815580796,179.41912779758542,-36.378648569001626,25.86395015477486,32.8449366339836,11.241985666276205,"POLYGON Z ((2164820.6023339 5961832.72644822 -32844.9366339836, 2176121.41730558 5954864.41182035 -25863.9501547749, 2183994.32116391 5967632.23797978 -25863.9501547749, 2172693.50619223 5974600.55260765 -32844.9366339836, 2164820.6023339 5961832.72644822 -32844.9366339836))",2d_linear_centroids_interior,179.39288019057736,-36.2912621519988
62,8,179.3813077463481,-36.18899271451236,179.3039634296188,-36.30822984467665,33.27052585566627,40.97590592045788,11.256236513717207,"POLYGON Z ((2155309.4527969 5970093.98111409 -40975.9059204579, 2166285.14876787 5963373.7715928 -33270.5258556663, 2174117.79208518 5976166.33578704 -33270.5258556663, 2163142.09611422 5982886.54530833 -40975.9059204579, 2155309.4527969 5970093.98111409 -40975.9059204579))",2d_linear_centroids_interior,179.2795325562358,-36.22172048436205
62,9,179.26637500867287,-36.12077092723574,179.1834299446282,-36.237501018753576,40.45570783972426,48.599092559483545,11.270725285876674,"POLYGON Z ((2145459.92250739 5978911.48364516 -48599.0925594835, 2155948.69176344 5971935.02288061 -40455.7078397243, 2164255.95718557 5984424.59217687 -40455.7078397243, 2153767.18792952 5991401.05294142 -48599.0925594835, 2145459.92250739 5978911.48364516 -48599.0925594835))",2d_linear_centroids_interior,179.16449290526296,-36.15088650456898
63,0,-179.50623345970376,-36.69446047163805,-179.58991147931692,-36.81087658763848,5.860697487766238,6.644967303060703,11.22712504409516,"POLYGON Z ((2249129.47434308 5908884.47940933 -6644.9673030607, 2261471.43387642 5900395.6069439 -5860.69748776624, 2269971.93313729 5912754.47065849 -5860.69748776624, 2257629.97360395 5921243.34312392 -6644.9673030607, 2249129.47434308 5908884.47940933 -6644.9673030607))",nearest_neighbor_boundary,-179.62025059484458,-36.71902528417618
63,1,-179.64361288332748,-36.606336842706405,-179.71384677634038,-36.72837115348311,6.586370677688391,7.564155776491197,11.239989386066151,"POLYGON Z ((2238035.29265791 5917741.44458305 -7564.1557764912, 2251093.37753434 5910425.00038791 -6586.37067768839, 2258425.41585861 5923510.91701654 -6586.37067768839, 2245367.33098219 5930827.36121168 -7564.1557764912, 2238035.29265791 5917741.44458305 -7564.1557764912))",2d_linear_centroids_interior,-179.75426110693397,-36.639099093706605
63,2,-179.77702367140427,-36.527108151921595,-179.84853665179344,-36.64865988095673,7.573793666114441,9.131407700229694,11.237974446404777,"POLYGON Z ((2226742.34068274 5927587.32037106 -9131.40770022969, 2239703.85767539 5920199.97201254 -7573.79366611444, 2247131.35972513 5933231.94090834 -7573.79366611444, 2234169.84273249 5940619.28926686 -9131.40770022969, 2226742.34068274 5927587.32037106 -9131.40770022969))",2d_linear_centroids_interior,-179.88768647396455,-36.5591802960058
63,3,-179.91187011622904,-36.443651192123106,-179.97725957502982,-36.567428611697025,9.006848785495485,11.342724995068025,11.254502114554581,"POLYGON Z ((2215670.56701691 5936883.76037676 -11342.724995068, 2228836.19639709 5930085.97504938 -9006.84878549549, 2235717.93595395 5943414.20301381 -9006.84878549549, 2222552.30657376 5950211.98834118 -11342.724995068, 2215670.56701691 5936883.76037676 -11342.724995068))",2d_linear_centroids_interior,179.97975428724476,-36.47944225958954
63,4,179.95802342833844,-36.36783186559114,179.88669139569907,-36.48945205323313,11.408729981046768,14.87854468110351,11.270812374817142,"POLYGON Z ((2204556.60370577 5946822.61361802 -14878.5446811035, 2217259.95346675 5939640.32353774 -11408.7299810468, 2224642.47611545 5952697.82557073 -11408.7299810468, 2211939.12635446 5959880.11565101 -14878.5446811035, 2204556.60370577 5946822.61361802 -14878.5446811035))",2d_linear_centroids_interior,179.84919717760152,-36.40057875756301
63,5,179.82743390171655,-36.28958420206683,179.75508293856817,-36.41080914446561,14.49754975510496,19.415790293716945,11.28691924838428,"POLYGON Z ((2193766.96073879 5956266.13135981 -19415.7902937169, 2206062.79273508 5949221.74171106 -14497.549755105, 2213519.39497836 5962237.08200571 -14497.549755105, 2201223.56298208 5969281.47165446 -19415.7902937169, 2193766.96073879 5956266.13135981 -19415.7902937169))",2d_linear_centroids_interior,179.72051952830947,-36.322529851314684
63,6,179.70112350794517,-36.212706623129186,179.63015217051444,-36.334462781881925,19.433296045251463,25.54477441212456,11.302406933792408,"POLYGON Z ((2183468.93550814 5965176.43627147 -25544.7744121246, 2195424.08754639 5958488.82295178 -19433.2960452515, 2202747.07555496 5971579.80636122 -19433.2960452515, 2190791.92351672 5978267.41968091 -25544.7744121246, 2183468.93550814 5965176.43627147 -25544.7744121246))",2d_linear_centroids_interior,179.59702373438398,-36.247324182412264
63,7,179.58079587943385,-36.14190581228088,179.50454416587635,-36.26154602052197,25.46968322714594,32.77909382911818,11.317327818275498,"POLYGON Z ((2173471.4647329 5974147.15532236 -32779.0938291182, 2184676.19434112 5967362.86825161 -25469.6832271459, 2192445.31049751 5980194.11270212 -25469.6832271459, 2181240.58088928 5986978.39977287 -32779.0938291182, 2173471.4647329 5974147.15532236 -32779.0938291182))",2d_linear_centroids_interior,179.4782651340259,-36.17472603494478
63,8,179.46531902232402,-36.07285639490598,179.38519217092852,-36.1908130706093,32.60964957826529,40.26982298381057,11.331861249728354,"POLYGON Z ((2163596.39018659 5982899.85791647 -40269.8229838106, 2174454.33974106 5975940.93020671 -32609.6495782653, 2182548.26276421 5988569.80228996 -32609.6495782653, 2171690.31320975 5995528.72999972 -40269.8229838106, 2163596.39018659 5982899.85791647 -40269.8229838106))",2d_linear_centroids_interior,179.36279529588296,-36.103877333981046
63,9,179.35238338652806,-36.00243710798319,179.2754126024154,-36.121761736622,40.59437065949878,48.810035848970344,11.345771696414712,"POLYGON Z ((2154348.08171972 5990794.73874392 -48810.0358489703, 2165063.60340769 5984261.71184598 -40594.3706594988, 2172871.99352631 5997069.09423878 -40594.3706594988, 2162156.47183834 6003602.12113671 -48810.0358489703, 2154348.08171972 5990794.73874392 -48810.0358489703))",2d_linear_centroids_interior,179.2524642166451,-36.03594093161672
64,0,-179.42062753188105,-36.58423075939531,-179.5150069386147,-36.69512513613401,5.930028677497429,6.652591281484979,11.22712504409516,"POLYGON Z ((2257529.74931073 5922162.39393227 -6652.59128148498, 2269180.47449048 5912742.28214582 -5930.02867749743, 2278611.53468869 5924406.54824094 -5930.02867749743, 2266960.80950894 5933826.66002739 -6652.59128148498, 2257529.74931073 5922162.39393227 -6652.59128148498))",nearest_neighbor_boundary,-179.53647553938345,-36.60167429682643
64,1,-179.55690145749028,-36.49654367418726,-179.63929751814072,-36.61346491424575,6.572606595757989,7.464000936351745,11.2967651932387,"POLYGON Z ((2246344.19197068 5931071.35288784 -7464.00093635174, 2258751.2087611 5922688.55201391 -6572.60659575799, 2267148.85081819 5935117.53459017 -6572.60659575799, 2254741.83402778 5943500.3354641 -7464.00093635174, 2246344.19197068 5931071.35288784 -7464.00093635174))",2d_linear_centroids_interior,-179.67037576474988,-36.52180342024592
64,2,-179.69194820789116,-36.41281128671157,-179.76823380225983,-36.53239622570924,7.501731528480361,8.927620018937517,11.3133785642963,"POLYGON Z ((2235156.92816013 5940407.52002295 -8927.62001893752, 2247875.68032659 5932584.46529089 -7501.73152848036, 2255734.32198997 5945361.07482576 -7501.73152848036, 2243015.56982351 5953184.12955783 -8927.62001893752, 2235156.92816013 5940407.52002295 -8927.62001893752))",2d_linear_centroids_interior,-179.80373562729918,-36.4419141251509
64,3,-179.82577814042597,-36.33124353421174,-179.89936199558088,-36.451925640091396,8.853306740531904,11.05586322237244,11.329931125148022,"POLYGON Z ((2223987.81529852 5949939.7424202 -11055.8632223724, 2236773.36669623 5942411.23523745 -8853.3067405319, 2244384.37194048 5955336.89186185 -8853.3067405319, 2231598.82054277 5962865.39904461 -11055.8632223724, 2223987.81529852 5949939.7424202 -11055.8632223724))",2d_linear_centroids_interior,-179.9363438344079,-36.36213744208471
64,4,-179.95756674260608,-36.25252640140856,179.9675182352513,-36.37266914982856,11.053304766687496,14.47455651207896,11.346302337891398,"POLYGON Z ((2212930.63625881 5959607.06892633 -14474.556512079, 2225457.12675952 5952098.26927323 -11053.3047666875, 2233169.20454379 5964963.87676955 -11053.3047666875, 2220642.71404308 5972472.67642265 -14474.556512079, 2212930.63625881 5959607.06892633 -14474.556512079))",2d_linear_centroids_interior,179.93275902312615,-36.283059444164444
64,5,179.9113373177669,-36.17131788018117,179.84154253072518,-36.29346344077722,14.54745409503326,19.302444223671802,11.362313235504864,"POLYGON Z ((2202305.88180149 5968595.13907127 -19302.4442236718, 2214758.387687 5961715.8101761 -14547.4540950333, 2222011.8061457 5974845.46823193 -14547.4540950333, 2209559.30026019 5981724.7971271 -19302.4442236718, 2202305.88180149 5968595.13907127 -19302.4442236718))",2d_linear_centroids_interior,179.80499070405375,-36.20555435914035
64,6,179.784326476999,-36.09563475739447,179.71205599822017,-36.21683044606963,18.78846710608537,24.947136338391076,11.377992952450974,"POLYGON Z ((2191831.29452397 5977850.59644567 -24947.1363383911, 2203699.90819818 5971053.037859 -18788.4671060854, 2211154.79793775 5984069.35911237 -18788.4671060854, 2199286.18426353 5990866.91769904 -24947.1363383911, 2191831.29452397 5977850.59644567 -24947.1363383911))",2d_linear_centroids_interior,179.68010235767505,-36.12949296381303
64,7,179.66282789733305,-36.020592613394804,179.59425162390727,-36.14319196975757,25.130850324423758,32.27784676688553,11.392824137319115,"POLYGON Z ((2182040.80721043 5986227.97523176 -32277.8467668855, 2193648.56281769 5979968.54621517 -25130.8503244238, 2200768.08197238 5993171.29013475 -25130.8503244238, 2189160.32636512 5999430.71915134 -32277.8467668855, 2182040.80721043 5986227.97523176 -32277.8467668855))",2d_linear_centroids_interior,179.56218806256217,-36.05740345834628
64,8,179.547944472102,-35.95313726539758,179.47267701376836,-36.07311892687298,32.22705911660908,40.18985443494293,11.407239604295206,"POLYGON Z ((2172296.25313674 5995014.01235978 -40189.8544349429, 2183210.15990757 5988496.30342826 -32227.0591166091, 2190900.99947603 6001374.61802032 -32227.0591166091, 2179987.09270521 6007892.32695184 -40189.8544349429, 2172296.25313674 5995014.01235978 -40189.8544349429))",2d_linear_centroids_interior,179.44777932858432,-35.98720103518785
64,9,179.43627267001793,-35.885274814669096,179.35894964025925,-36.004384421875365,40.141514754381454,48.20347205302457,11.42136101506346,"POLYGON Z ((2162676.35290702 6003440.91689387 -48203.4720530246, 2173450.72787414 5996813.87467409 -40141.5147543815, 2181309.31423977 6009590.51822136 -40141.5147543815, 2170534.93927264 6016217.56044114 -48203.4720530246, 2162676.35290702 6003440.91689387 -48203.4720530246))",2d_linear_centroids_interior,179.33589559701727,-35.91830374528534
65,0,-179.3358469593865,-36.474794288746004,-179.44132342500922,-36.57886957449027,6.046706136141415,6.735591964003753,11.377806954619302,"POLYGON Z ((2265992.84949969 5935526.39366694 -6735.59196400375, 2276802.59116601 5925149.74095888 -6046.70613614142, 2287190.20428747 5935970.90049189 -6046.70613614142, 2276380.46262115 5946347.55319995 -6735.59196400375, 2265992.84949969 5935526.39366694 -6735.59196400375))",nearest_neighbor_boundary,-179.45292469275344,-36.48429914408687
65,1,-179.47132274866397,-36.38632347268107,-179.5644100052263,-36.49780726429371,6.657430945739904,7.467516527965364,11.3721543366634,"POLYGON Z ((2254736.34083508 5944346.56501804 -7467.51652796536, 2266463.82529843 5935029.3836035 -6657.4309457399, 2275794.62382838 5946774.00785435 -6657.4309457399, 2264067.13936504 5956091.18926888 -7467.51652796536, 2254736.34083508 5944346.56501804 -7467.51652796536))",2d_linear_centroids_interior,-179.58669268371048,-36.40449603795564
65,2,-179.60669909910806,-36.30001604250698,-179.69000194346805,-36.416431028602176,7.482642024328299,8.837000744588591,11.388775571062304,"POLYGON Z ((2243557.6875676 5953392.83735205 -8837.00074458859, 2255878.58487884 5944945.28137989 -7482.6420243283, 2264360.78671194 5957316.71024088 -7482.6420243283, 2252039.8894007 5965764.26621304 -8837.00074458859, 2243557.6875676 5953392.83735205 -8837.00074458859))",2d_linear_centroids_interior,-179.71996276354648,-36.324650204043635
65,3,-179.74143308563103,-36.21537541075394,-179.81702609459586,-36.33517873097131,8.819108552473498,10.925961548867848,11.40532843181666,"POLYGON Z ((2232455.9654774 5962567.26635267 -10925.9615488678, 2245139.02989765 5954840.62106747 -8819.1085524735, 2252943.03788612 5967650.67412419 -8819.1085524735, 2240259.97346587 5975377.31940939 -10925.9615488678, 2232455.9654774 5962567.26635267 -10925.9615488678))",2d_linear_centroids_interior,-179.85242290647867,-36.24495309961383
65,4,-179.87345913712952,-36.13589302946172,-179.94911655016244,-36.25566636905702,10.91755729577094,14.096553556754756,11.421733419833858,"POLYGON Z ((2221380.51467017 5972177.72756785 -14096.5535567548, 2233904.55942728 5964559.17877595 -10917.5572957709, 2241700.19241736 5977374.33021025 -10917.5572957709, 2229176.14766025 5984992.87900215 -14096.5535567548, 2221380.51467017 5972177.72756785 -14096.5535567548))",2d_linear_centroids_interior,-179.9834425470696,-36.165792198137744
65,5,179.9956335834354,-36.05606864189964,179.9219598435268,-36.17664923854173,14.010152195755875,18.664566855460087,11.437835354026058,"POLYGON Z ((2210638.32842751 5981418.27132439 -18664.5668554601, 2222926.76027123 5974184.26365244 -14010.1521957559, 2230536.37436783 5987110.73932452 -14010.1521957559, 2218247.94252412 5994344.74699647 -18664.5668554601, 2210638.32842751 5981418.27132439 -18664.5668554601))",2d_linear_centroids_interior,179.88820667305927,-36.08792465319539
65,6,179.86762215437426,-35.97599537213278,179.8007746167146,-36.099168278050016,18.76484872793235,24.685948006339093,11.45337493122572,"POLYGON Z ((2200422.14765217 5990004.54683782 -24685.9480063391, 2212611.02930737 5983572.45951481 -18764.8487279323, 2219611.61388908 5996838.65020824 -18764.8487279323, 2207422.73223388 6003270.73753124 -24685.9480063391, 2200422.14765217 5990004.54683782 -24685.9480063391))",2d_linear_centroids_interior,179.76457150351996,-36.012618913723855
65,7,179.7467779218309,-35.90504622225064,179.67428144733253,-36.02609220118725,24.422103581535936,31.675004948124762,11.46837991858408,"POLYGON Z ((2190379.46282898 5999036.78202844 -31675.0049481248, 2201760.18647503 5992488.91588299 -24422.1035815359, 2209240.64445479 6005490.55994877 -24422.1035815359, 2197859.92080873 6012038.42609422 -31675.0049481248, 2190379.46282898 5999036.78202844 -31675.0049481248))",2d_linear_centroids_interior,179.64540636386386,-35.93975778503464
65,8,179.62905340261514,-35.83074281360825,179.563560603777,-35.95440042513656,31.713230350584045,39.47958336492419,11.482768133655803,"POLYGON Z ((2180888.11066355 6007003.45974321 -39479.5833649242, 2192302.66329079 6001139.0118428 -31713.230350584, 2199157.43511998 6014481.12948468 -31713.230350584, 2187742.88249274 6020345.57738509 -39479.5833649242, 2180888.11066355 6007003.45974321 -39479.5833649242))",2d_linear_centroids_interior,179.53133908167064,-35.869757661506
65,9,179.5144296972509,-35.76222190342212,179.44428205294568,-35.884177298498535,38.924318369505706,47.26557723169029,11.497194117783685,"POLYGON Z ((2171127.7954341 6015690.28375775 -47265.5772316903, 2182041.73355462 6009664.55929545 -38924.3183695057, 2189291.80563668 6022796.06548495 -38924.3183695057, 2178377.86751616 6028821.78994725 -47265.5772316903, 2171127.7954341 6015690.28375775 -47265.5772316903))",2d_linear_centroids_interior,179.41716822617587,-35.79944297950325
66,0,-179.2521556449369,-36.365001531957084,-179.3674570717329,-36.461897995873585,6.196614798151313,6.851249723175979,11.377806954619302,"POLYGON Z ((2274529.04105612 5948849.74224531 -6851.24972317598, 2284465.28202835 5937631.78483513 -6196.61479815131, 2295693.93788069 5947577.50189071 -6196.61479815131, 2285757.69690846 5958795.45930089 -6851.24972317598, 2274529.04105612 5948849.74224531 -6851.24972317598))",nearest_neighbor_boundary,-179.36961821184835,-36.36688743773342
66,1,-179.38653597633405,-36.27708186501962,-179.4909799979409,-36.381672256557,6.794229263508723,7.555424228692713,11.44754265420317,"POLYGON Z ((2263189.37469456 5957729.39472957 -7555.42422869271, 2274067.59207325 5947429.63896126 -6794.22926350872, 2284380.63542522 5958321.89018955 -6794.22926350872, 2273502.41804653 5968621.64595787 -7555.42422869271, 2263189.37469456 5957729.39472957 -7555.42422869271))",2d_linear_centroids_interior,-179.50323633711122,-36.28716193164924
66,2,-179.52142130816708,-36.18939295279925,-179.6147169073978,-36.30064522934637,7.520158286637838,8.808278277868489,11.464172722179493,"POLYGON Z ((2251953.94184096 5966625.40176146 -8808.27827786849, 2263633.74746584 5957302.15729115 -7520.15828663784, 2272991.56018432 5969025.26870092 -7520.15828663784, 2261311.75455944 5978348.51317123 -8808.27827786849, 2251953.94184096 5966625.40176146 -8808.27827786849))",2d_linear_centroids_interior,-179.63642418918656,-36.2073543446359
66,3,-179.65718595336924,-36.1003269346867,-179.73634509129118,-36.21854088820836,8.685802030049691,10.632597678127734,11.48075682036991,"POLYGON Z ((2240876.94401692 5975327.05282261 -10632.5976781277, 2253374.95941134 5967264.19985946 -8685.80203004969, 2261506.58987429 5979868.82543954 -8685.80203004969, 2249008.57447987 5987931.67840269 -10632.5976781277, 2240876.94401692 5975327.05282261 -10632.5976781277))",2d_linear_centroids_interior,-179.7689832204199,-36.127587214408166
66,4,-179.7894638705487,-36.01983178224806,-179.86694251417177,-36.138770712798674,10.764999050982356,13.80922400683871,11.497165721362116,"POLYGON Z ((2229822.941399 5984817.81297848 -13809.2240068387, 2242264.28278394 5977011.03906337 -10764.9990509824, 2250236.97277828 5989716.79422606 -10764.9990509824, 2237795.63139334 5997523.56814117 -13809.2240068387, 2229822.941399 5984817.81297848 -13809.2240068387))",2d_linear_centroids_interior,-179.8998861806265,-36.048486893543355
66,5,-179.9202672587072,-35.93908512674621,-179.99376329225018,-36.05967585842847,13.99456249378288,18.39102809984767,11.513244502214308,"POLYGON Z ((2219107.73449072 5993919.34584955 -18391.0280998477, 2231464.5160781 5986640.5383252 -13994.5624937829, 2239077.67453974 5999564.92683058 -13994.5624937829, 2226720.89295236 6006843.73435493 -18391.0280998477, 2219107.73449072 5993919.34584955 -18391.0280998477))",2d_linear_centroids_interior,179.97209065054372,-35.970809396847685
66,6,179.952087255658,-35.86099855489574,179.88093225050818,-35.98251240653738,18.230200364276193,24.096959131548758,11.528882565666743,"POLYGON Z ((2208752.23135114 6002835.26328027 -24096.9591315488, 2220762.90341972 5996029.02364096 -18230.2003642762, 2228158.25002021 6009079.26688232 -18230.2003642762, 2216147.57795163 6015885.50652163 -24096.9591315488, 2208752.23135114 6002835.26328027 -24096.9591315488))",2d_linear_centroids_interior,179.8478099387154,-35.895102058526895
66,7,179.82703251353175,-35.78368626436348,179.7599725331334,-35.90673318355823,23.675934232719833,30.671895788458322,11.544149331139318,"POLYGON Z ((2198696.52270165 6011432.859091 -30671.8957884583, 2210420.82001432 6005220.18056764 -23675.9342327198, 2217444.16629706 6018474.33489723 -23675.9342327198, 2205719.86898439 6024687.01342059 -30671.8957884583, 2198696.52270165 6011432.859091 -30671.8957884583))",2d_linear_centroids_interior,179.7267016119593,-35.82104201831552
66,8,179.7079800603679,-35.70902720465788,179.64732667604596,-35.83426380007815,30.623346336223783,38.2461985448544,11.558695350072497,"POLYGON Z ((2189119.99533695 6019529.35473467 -38246.1985448544, 2200784.66784653 6013977.09938667 -30623.3463362238, 2207231.44664455 6027521.06642478 -30623.3463362238, 2195566.77413496 6033073.32177279 -38246.1985448544, 2189119.99533695 6019529.35473467 -38246.1985448544))",2d_linear_centroids_interior,179.61151408874647,-35.750341154462475
66,9,179.59705286620428,-35.643181654332466,179.53082630087218,-35.76653184560949,38.45554512677581,46.84518958232197,11.572637309602475,"POLYGON Z ((2179714.72992074 6027957.72558483 -46845.189582322, 2190745.01824381 6022217.81222143 -38455.5451267758, 2197669.26245752 6035524.00784861 -38455.5451267758, 2186638.97413444 6041263.92121202 -46845.189582322, 2179714.72992074 6027957.72558483 -46845.189582322))",2d_linear_centroids_interior,179.50129583186228,-35.682451422728185
67,0,-179.16926290724322,-36.24961785879316,-179.2869522933981,-36.34445264527087,6.356119509473018,7.013951370428775,11.528488865143435,"POLYGON Z ((2283064.83222831 5961552.35343071 -7013.95137042878, 2292747.37781591 5950114.89006741 -6356.11950947302, 2304195.85591342 5959806.7603333 -6356.11950947302, 2294513.31032582 5971244.22369659 -7013.95137042878, 2283064.83222831 5961552.35343071 -7013.95137042878))",nearest_neighbor_boundary,-179.28655630920895,-36.24943866190288
67,1,-179.30300748661412,-36.16490410245797,-179.4142050492993,-36.26469060526347,6.941822635516343,7.660312170360147,11.522933988033703,"POLYGON Z ((2271706.0000024 5970785.41769079 -7660.31217036015, 2281997.66449413 5959896.64297653 -6941.82263551634, 2292898.95203697 5970200.13412799 -6941.82263551634, 2282607.28754524 5981088.90884226 -7660.31217036015, 2271706.0000024 5970785.41769079 -7660.31217036015))",2d_linear_centroids_interior,-179.42003558099125,-36.169783460433955
67,2,-179.43794830151924,-36.07338939530393,-179.5329759747985,-36.18357504710278,7.657504715891261,8.852048104010663,11.539567048812314,"POLYGON Z ((2260450.13994739 5979248.83851805 -8852.04810401066, 2272000.05257563 5969752.91389883 -7657.50471589126, 2281526.23241583 5981339.62601454 -7657.50471589126, 2269976.31978758 5990835.55063375 -8852.04810401066, 2260450.13994739 5979248.83851805 -8852.04810401066))",2d_linear_centroids_interior,-179.55309424680937,-36.090041569398586
67,3,-179.57273790785416,-35.98629306166681,-179.65679424279628,-36.102184928557456,8.805521806572997,10.657451253746105,11.556152630748036,"POLYGON Z ((2249312.30867218 5988167.77326906 -10657.4512537461, 2261526.2494092 5979659.54143188 -8805.521806573, 2270100.07698388 5991967.647733 -8805.521806573, 2257886.13624686 6000475.87957018 -10657.4512537461, 2249312.30867218 5988167.77326906 -10657.4512537461))",2d_linear_centroids_interior,-179.68551424198523,-36.01034724083106
67,4,-179.7082397971699,-35.89783639148731,-179.77776475686122,-36.019913381100245,10.676420765183531,13.60129835247092,11.572601934067077,"POLYGON Z ((2238440.75211692 5996788.92852826 -13601.2983524709, 2251293.02759206 5989629.03284392 -10676.4207651835, 2258593.0481587 6002732.83762447 -10676.4207651835, 2245740.77268356 6009892.7333088 -13601.2983524709, 2238440.75211692 5996788.92852826 -13601.2983524709))",2d_linear_centroids_interior,-179.81659135677802,-35.93113134237687
67,5,-179.83857657048574,-35.819966347638406,-179.9100366404771,-35.94130336250684,13.330009848310516,17.498372222235666,11.588856859574513,"POLYGON Z ((2227480.6879295 6006411.55608761 -17498.3722222357, 2239984.63779119 5999250.83035791 -13330.0098483105, 2247438.96980369 6012267.47102466 -13330.0098483105, 2234935.019942 6019428.19675436 -17498.3722222357, 2227480.6879295 6006411.55608761 -17498.3722222357))",2d_linear_centroids_interior,-179.94587074502468,-35.852680119334494
67,6,-179.9668369307109,-35.74133661762912,179.9645178621725,-35.863746986686536,17.511398944410022,23.167861263508538,11.60458196618545,"POLYGON Z ((2217070.81261663 6015356.38197757 -23167.8612635085, 2229261.28818318 6008693.29414278 -17511.39894441, 2236455.49890097 6021855.48743069 -17511.39894441, 2224265.02333442 6028518.57526547 -23167.8612635085, 2217070.81261663 6015356.38197757 -23167.8612635085))",2d_linear_centroids_interior,179.92929857146174,-35.77662490101611
67,7,179.90537871217222,-35.660591991473346,179.84599528739847,-35.78618206504009,22.557644919688695,29.241769666574726,11.620043538860472,"POLYGON Z ((2206983.19197554 6023775.52514438 -29241.7696665747, 2219142.28009152 6018076.48552739 -22557.6449196887, 2225508.30016321 6031658.59833972 -22557.6449196887, 2213349.21204723 6037357.6379567 -29241.7696665747, 2206983.19197554 6023775.52514438 -29241.7696665747))",2d_linear_centroids_interior,179.80678472865483,-35.70169085621767
67,8,179.79063273488364,-35.593236193623994,179.724273611107,-35.71648608026422,29.525725163320132,37.16588115614237,11.634490095227456,"POLYGON Z ((2197219.63702762 6032585.51032674 -37165.8811561424, 2208651.49515907 6026590.45936219 -29525.7251633201, 2215617.92273227 6039874.61860797 -29525.7251633201, 2204186.06460081 6045869.66957253 -37165.8811561424, 2197219.63702762 6032585.51032674 -37165.8811561424))",2d_linear_centroids_interior,179.69251471503193,-35.63153945852474
67,9,179.6750651574085,-35.52179528510889,179.6114783390557,-35.646018538926576,36.9560674946389,45.31158674314876,11.648718154688947,"POLYGON Z ((2187814.95484203 6040692.32169111 -45311.5867431488, 2198956.72093863 6035120.39685885 -36956.0674946389, 2205665.92838991 6048536.30291754 -36956.0674946389, 2194524.1622933 6054108.2277498 -45311.5867431488, 2187814.95484203 6040692.32169111 -45311.5867431488))",2d_linear_centroids_interior,179.5801625005664,-35.5623208784727
67,10,179.56405665283665,-35.454309830542236,179.4982237532387,-35.57775235177255,44.77062479803074,53.54964339229198,11.662696451000365,"POLYGON Z ((2178383.88076712 6048985.76271532 -53549.643392292, 2189185.57364958 6043395.39033108 -44770.6247980307, 2196080.11819859 6056716.99892245 -44770.6247980307, 2185278.42531612 6062307.37130669 -53549.643392292, 2178383.88076712 6048985.76271532 -53549.643392292))",2d_linear_centroids_interior,179.46996537217566,-35.49419424365717
68,0,-179.09165869898516,-36.121423294676234,-179.1989301845,-36.22389522345123,6.503668539257001,7.199002841772793,11.528488865143435,"POLYGON Z ((2291155.57263508 5973476.04695664 -7199.00284177279, 2301754.72963611 5962884.80618536 -6503.668539257, 2312357.36823935 5973495.36953746 -6503.668539257, 2301758.21123832 5984086.61030874 -7199.00284177279, 2291155.57263508 5973476.04695664 -7199.00284177279))",nearest_neighbor_boundary,-179.20835054209388,-36.12920561424618
68,1,-179.22464228456013,-36.04924037196137,-179.3413315927789,-36.1446566359518,7.1893635118729975,7.910810560126477,11.598896464009155,"POLYGON Z ((2279861.04059301 5984094.30687974 -7910.81056012648, 2289621.36241906 5972727.00148186 -7189.363511873, 2301001.83849749 5982498.63206372 -7189.363511873, 2291241.51667144 5993865.93746159 -7910.81056012648, 2279861.04059301 5984094.30687974 -7910.81056012648))",2d_linear_centroids_interior,-179.3416322476214,-36.049643442297445
68,2,-179.35991400430186,-35.95197247158673,-179.45284193952833,-36.063232245344196,7.820397838875489,8.954351777893006,11.615536817192918,"POLYGON Z ((2268587.55195621 5991914.55814472 -8954.35177789301, 2280269.68946338 5982574.22561703 -7820.39783887549, 2289636.82644761 5994289.88798493 -7820.39783887549, 2277954.68894044 6003630.22051262 -8954.35177789301, 2268587.55195621 5991914.55814472 -8954.35177789301))",2d_linear_centroids_interior,-179.47458705529996,-35.96993979706069
68,3,-179.4938971513784,-35.867252432769995,-179.5793017681932,-35.98241069922326,8.984249658772335,10.713777294667603,11.632124136260682,"POLYGON Z ((2257408.77040549 6001096.07821658 -10713.7772946676, 2269539.89151141 5992444.79883891 -8984.24965877233, 2278249.25799608 6004657.37168151 -8984.24965877233, 2266118.13689016 6013308.65105917 -10713.7772946676, 2257408.77040549 6001096.07821658 -10713.7772946676))",2d_linear_centroids_interior,-179.60686103530787,-35.89031022258484
68,4,-179.62806099553532,-35.78142745849554,-179.70346507248627,-35.901111813735675,10.721743445722261,13.539574561920906,11.648588266507772,"POLYGON Z ((2246431.3957149 6010026.99676074 -13539.5745619209, 2258997.68373737 6002336.20791064 -10721.7434457223, 2266827.87589418 6015130.27258093 -10721.7434457223, 2254261.58787171 6022821.06143103 -13539.5745619209, 2246431.3957149 6010026.99676074 -13539.5745619209))",2d_linear_centroids_interior,-179.7378993067806,-35.811095560890394
68,5,-179.7609624954604,-35.697755561782884,-179.82851523490348,-35.82051171693583,13.326701605603457,17.356728011649267,11.664868839454218,"POLYGON Z ((2235634.0457807 6019008.19780809 -17356.7280116493, 2248345.60840232 6012139.78730178 -13326.7016056035, 2255476.19102379 6025336.55931156 -13326.7016056035, 2242764.62840218 6032204.96981788 -17356.7280116493, 2235634.0457807 6019008.19780809 -17356.7280116493))",2d_linear_centroids_interior,-179.8672289128444,-35.732592335875815
68,6,-179.890142878352,-35.61801968142658,-179.95346302383578,-35.7422713564245,17.27323024943,22.598057940044704,11.680724634806875,"POLYGON Z ((2225134.53953101 6027969.23796139 -22598.0579400447, 2237660.1822212 6021664.12216047 -17273.23024943, 2244404.55452098 6035062.38481956 -17273.23024943, 2231878.9118308 6041367.50062048 -22598.0579400447, 2225134.53953101 6027969.23796139 -22598.0579400447))",2d_linear_centroids_interior,-179.99294783815802,-35.65597430435421
68,7,179.98643926824468,-35.54374462763058,179.9219040976898,-35.66758454169881,22.46069996461963,29.04525713744218,11.69600876180393,"POLYGON Z ((2214956.33727791 6036918.15998646 -29045.2571374422, 2226952.52159835 6030775.26420451 -22460.6999646196, 2233789.34477752 6044126.58806459 -22460.6999646196, 2221793.16045708 6050269.48384654 -29045.2571374422, 2214956.33727791 6036918.15998646 -29045.2571374422))",2d_linear_centroids_interior,179.88608626476358,-35.581967384497105
68,8,179.8662734298453,-35.47038925103682,179.8028018941228,-35.594600133201276,28.722232582043887,36.32243700285803,11.71081960631367,"POLYGON Z ((2205154.62817409 6045447.86000892 -36322.437002858, 2216712.28519616 6039646.35529704 -28722.2325820439, 2223441.5228046 6053052.22569807 -28722.2325820439, 2211883.86578252 6058853.73040994 -36322.437002858, 2205154.62817409 6045447.86000892 -36322.437002858))",2d_linear_centroids_interior,179.76907210984203,-35.51011135141883
68,9,179.7565363073008,-35.403796988522764,179.69207764051532,-35.52767158421455,36.880754386001904,45.255712267489976,11.724453602231844,"POLYGON Z ((2196076.74287216 6053422.28926641 -45255.71226749, 2207167.31310953 6047777.88209708 -36880.7543860019, 2213970.93004558 6061146.15784931 -36880.7543860019, 2202880.35980821 6066790.56501864 -45255.71226749, 2196076.74287216 6053422.28926641 -45255.71226749))",2d_linear_centroids_interior,179.66153460696668,-35.44384315311395
68,10,179.6407547042659,-35.33282928863571,179.57582569656026,-35.456542624753936,43.980362243142615,52.81204111131508,11.738964859568862,"POLYGON Z ((2186339.98024389 6061919.54735381 -52812.0411113151, 2197133.80231323 6056397.33280664 -43980.3622431426, 2203965.73734628 6069751.15861441 -43980.3622431426, 2193171.91527694 6075273.37316158 -52812.0411113151, 2186339.98024389 6061919.54735381 -52812.0411113151))",2d_linear_centroids_interior,179.54726578532626,-35.373183576715384
69,0,-179.0324673274512,-35.99829539688841,-179.15035293136603,-36.092616893607136,6.800900740445422,7.536026578863054,11.679170775667592,"POLYGON Z ((2297710.41110403 5988625.40762721 -7536.02657886305, 2307320.63265832 5977131.79062998 -6800.90074044542, 2318828.07738167 5986753.5740374 -6800.90074044542, 2309217.85582737 5998247.19103463 -7536.02657886305, 2297710.41110403 5988625.40762721 -7536.02657886305))",nearest_neighbor_boundary,-179.1493408067631,-35.997637194339525
69,1,-179.1656434452861,-35.91843373572508,-179.28300968018905,-36.01312349568199,7.497688060373093,8.183690683926448,11.677236392027599,"POLYGON Z ((2286378.89926473 5998383.22794437 -8183.69068392645, 2296050.04183176 5986937.77461789 -7497.68806037309, 2307507.48335755 5996619.04693525 -7497.68806037309, 2297836.34079053 6008064.50026173 -8183.69068392645, 2286378.89926473 5998383.22794437 -8183.69068392645))",2d_linear_centroids_interior,-179.2824337558481,-35.91811426252158
69,2,-179.300026141287,-35.823624655158795,-179.39730715048694,-35.932290683788594,8.149719793305106,9.290444152958075,11.693874234756908,"POLYGON Z ((2275067.11028695 6006473.57360718 -9290.44415295808, 2286426.86286396 5996744.50534119 -8149.71979330511, 2296184.18701634 6008137.2497597 -8149.71979330511, 2284824.43443933 6017866.31802569 -9290.44415295808, 2275067.11028695 6006473.57360718 -9290.44415295808))",2d_linear_centroids_interior,-179.4151698151888,-35.838469389963954
69,3,-179.43574672330817,-35.73208689563572,-179.5151380532379,-35.84998333515132,9.294182477735564,11.089200957192759,11.71045810286213,"POLYGON Z ((2264008.65220806 6014873.77249314 -11089.2009571928, 2276474.32847362 6006726.08423813 -9294.18247773557, 2284680.98998239 6019281.98750633 -9294.18247773557, 2272215.31371683 6027429.67576134 -11089.2009571928, 2264008.65220806 6014873.77249314 -11089.2009571928))",2d_linear_centroids_interior,-179.54722019557303,-35.75890336137641
69,4,-179.5693639484175,-35.64822488816271,-179.64183875556006,-35.76904167630344,10.871723939580576,13.62535938936108,11.726959331521611,"POLYGON Z ((2252965.91614358 6024063.99782949 -13625.3593893611, 2265683.42581696 6016601.931124 -10871.7239395806, 2273274.49842452 6029539.30398972 -10871.7239395806, 2260556.98875114 6037001.37069522 -13625.3593893611, 2252965.91614358 6024063.99782949 -13625.3593893611))",2d_linear_centroids_interior,-179.67836026770414,-35.67955711430773
69,5,-179.70257572813955,-35.56428504707961,-179.76677197242068,-35.688182687374216,13.309881234502306,17.337927968847204,11.743267702069673,"POLYGON Z ((2242174.26925055 6033039.57726981 -17337.9279688472, 2255028.09032287 6026440.02248583 -13309.8812345023, 2261879.29304502 6039783.97322241 -13309.8812345023, 2249025.4719727 6046383.52800638 -17337.9279688472, 2242174.26925055 6033039.57726981 -17337.9279688472))",2d_linear_centroids_interior,-179.80772084739667,-35.60096620402835
69,6,-179.82982439514353,-35.48752532488632,-179.89459774614255,-35.61122823680158,17.341547196602924,22.694603166833414,11.759074582935519,"POLYGON Z ((2231606.91326316 6042280.47381527 -22694.6031668334, 2244054.93364311 6035846.84494815 -17341.5471966029, 2250942.05238208 6049172.29411414 -17341.5471966029, 2238494.03200213 6055605.92298126 -22694.6031668334, 2231606.91326316 6042280.47381527 -22694.6031668334))",2d_linear_centroids_interior,-179.93286983372417,-35.52462988134136
69,7,-179.95381258246852,-35.412576748255645,179.9809170049046,-35.53610984427254,22.489294670366093,29.123556075280206,11.774417939200323,"POLYGON Z ((2221410.41665734 6051214.40248361 -29123.5560752802, 2233347.99189382 6045011.10714286 -22489.2946703661, 2240264.55806348 6058321.29543683 -22489.2946703661, 2228326.982827 6064524.59077757 -29123.5560752802, 2221410.41665734 6051214.40248361 -29123.5560752802))",2d_linear_centroids_interior,179.94587069142668,-35.45038042466897
69,8,179.92795765864665,-35.33947892685995,179.8663565572798,-35.46427230905127,29.31752768895867,36.95299456467693,11.78890253098773,"POLYGON Z ((2211893.56539581 6059394.66916349 -36952.9945646769, 2223496.59619967 6053731.69099343 -29317.5276889587, 2230075.73135626 6067211.8608956 -29317.5276889587, 2218472.7005524 6072874.83906566 -36952.9945646769, 2211893.56539581 6059394.66916349 -36952.9945646769))",2d_linear_centroids_interior,179.83159624015914,-35.380150487279096
69,9,179.8148134083302,-35.271872425930184,179.74877148430576,-35.39513770995061,36.746766523469496,45.1961677403899,11.80311113988056,"POLYGON Z ((2202350.57900481 6067906.48531745 -45196.1677403899, 2213330.24509561 6062157.17652333 -36746.7665234695, 2220288.50289997 6075445.61692573 -36746.7665234695, 2209308.83680917 6081194.92571984 -45196.1677403899, 2202350.57900481 6067906.48531745 -45196.1677403899))",2d_linear_centroids_interior,179.71968577057342,-35.311130939011385
69,10,179.70221771534904,-35.2028004138582,179.6357413010945,-35.32591124821311,44.477018650628274,53.390826577164916,11.817231494641902,"POLYGON Z ((2192884.10377421 6076167.90180585 -53390.8265771649, 2203560.83227653 6070550.82990524 -44477.0186506283, 2210544.82931759 6083825.76061431 -44477.0186506283, 2199868.10081527 6089442.83251491 -53390.8265771649, 2192884.10377421 6076167.90180585 -53390.8265771649))",2d_linear_centroids_interior,179.60865321931036,-35.242415509149176
70,0,-178.9752227816074,-35.85872273341561,-179.08357441216603,-35.96015547278594,7.096415490426125,7.802302833627931,11.679170775667592,"POLYGON Z ((2304087.55162471 6002096.14652159 -7802.30283362793, 2314554.7685489 5991375.18141015 -7096.41549042612, 2325287.62454651 6001854.00778215 -7096.41549042612, 2314820.40762233 6012574.97289359 -7802.30283362793, 2304087.55162471 6002096.14652159 -7802.30283362793))",nearest_neighbor_boundary,-179.09160256853272,-35.865401803256105
70,1,-179.1079188137567,-35.78508910412452,-179.22366042115,-35.88091789075686,7.762155238696849,8.50221223761056,11.755712947750721,"POLYGON Z ((2292788.91887456 6012543.23795352 -8502.21223761056, 2302592.20040484 6001214.16090036 -7762.15523869685, 2313935.09103324 6011029.39559914 -7762.15523869685, 2304131.80950296 6022358.4726523 -8502.21223761056, 2292788.91887456 6012543.23795352 -8502.21223761056))",2d_linear_centroids_interior,-179.22448773370414,-35.78592653760616
70,2,-179.24247029519668,-35.68953367598452,-179.3367623340585,-35.799825905233924,8.476666711638053,9.594464415850029,11.77234920653417,"POLYGON Z ((2281505.71790359 6020540.94999469 -9594.46441585003, 2293064.89692727 6011046.95670466 -8476.66671163805, 2302585.36157697 6022638.36528403 -8476.66671163805, 2291026.18255329 6032132.35857405 -9594.46441585003, 2281505.71790359 6020540.94999469 -9594.46441585003))",2d_linear_centroids_interior,-179.35701099943137,-35.706333958763445
70,3,-179.37756557184332,-35.600185541032886,-179.45717143046153,-35.7179129448873,9.558209052690557,11.356884185916565,11.788940355372826,"POLYGON Z ((2270417.63539385 6029191.17874702 -11356.8841859166, 2282860.04800154 6021008.81134723 -9558.20905269056, 2291101.88384223 6033541.65388095 -9558.20905269056, 2278659.47123454 6041724.02128075 -11356.8841859166, 2270417.63539385 6029191.17874702 -11356.8841859166))",2d_linear_centroids_interior,-179.48892160626335,-35.62677791879141
70,4,-179.51093853706595,-35.515810869513395,-179.5823638814323,-35.63698317436779,11.45615034291986,14.191420927307401,11.805397894410113,"POLYGON Z ((2259425.32577239 6038268.13676413 -14191.4209273074, 2272189.34000182 6030879.07487637 -11456.1503429199, 2279704.40373495 6043860.74722962 -11456.1503429199, 2266940.38950551 6051249.80911737 -14191.4209273074, 2259425.32577239 6038268.13676413 -14191.4209273074))",2d_linear_centroids_interior,-179.61952046536055,-35.547686856003
70,5,-179.6415630636392,-35.43582856677435,-179.71078981071938,-35.55785236768841,14.180300862614207,18.16935278290413,11.8216254457878,"POLYGON Z ((2248558.57010605 6047599.73970461 -18169.3527829041, 2261186.18576671 6040554.82753313 -14180.3008626142, 2268494.25821114 6053654.14343691 -14180.3008626142, 2255866.64255048 6060699.05560839 -18169.3527829041, 2248558.57010605 6047599.73970461 -18169.3527829041))",2d_linear_centroids_interior,-179.74805144349452,-35.46953087359174
70,6,-179.7701783494514,-35.35578102686056,-179.83384559711882,-35.47981866946721,18.346467479260564,23.754162003411132,11.837384342893715,"POLYGON Z ((2238170.04176736 6056402.86823418 -23754.1620034111, 2250638.90907425 6050055.88564269 -18346.4674792606, 2257443.46978689 6063423.68102967 -18346.4674792606, 2244974.60248 6069770.66362115 -23754.1620034111, 2238170.04176736 6056402.86823418 -23754.1620034111))",2d_linear_centroids_interior,-179.87264009943738,-35.39347138026312
70,7,-179.8944946179576,-35.28090443198571,-179.9595949407137,-35.404447984353844,23.34399879018898,30.008542518472535,11.85283166933726,"POLYGON Z ((2227878.62494602 6065459.06913088 -30008.5425184725, 2239802.93671327 6059262.72780947 -23343.998790189, 2246719.44862817 6072572.94429648 -23343.998790189, 2234795.13686093 6078769.28561788 -30008.5425184725, 2227878.62494602 6065459.06913088 -30008.5425184725))",2d_linear_centroids_interior,-179.99454564738153,-35.31876301821351
70,8,179.98751786881138,-35.208932611014205,179.9230127102927,-35.33269036762844,30.020755633248672,37.73217179721124,11.867412775327871,"POLYGON Z ((2218232.38423876 6073874.0425385 -37732.1717972112, 2229678.28075695 6067998.20101229 -30020.7556332487, 2236528.7078522 6081342.54995154 -30020.7556332487, 2225082.81133401 6087218.39147776 -37732.1717972112, 2218232.38423876 6073874.0425385 -37732.1717972112))",2d_linear_centroids_interior,179.89058407581808,-35.24810621139749
70,9,179.87240395526032,-35.13890681318586,179.80698951298592,-35.26234712359523,37.26157717133063,45.780936077717165,11.881747327914633,"POLYGON Z ((2208693.64206104 6082247.30853211 -45780.9360777172, 2219648.23005922 6076553.66948363 -37261.5771713306, 2226565.89408366 6089863.28722588 -37261.5771713306, 2215611.30608549 6095556.92627436 -45780.9360777172, 2208693.64206104 6082247.30853211 -45780.9360777172))",2d_linear_centroids_interior,179.777844504562,-35.17851452873566
71,0,-178.92881495825753,-35.71511397140488,-179.02995371774296,-35.82123362238585,7.439532039561114,8.129296415096562,11.829852686191716,"POLYGON Z ((2309633.62881412 6016564.65791198 -8129.29641509656, 2320672.89304332 6006432.5865352 -7439.53203956111, 2330815.6938506 6017483.54087335 -7439.53203956111, 2319776.4296214 6027615.61225013 -8129.29641509656, 2309633.62881412 6016564.65791198 -8129.29641509656))",nearest_neighbor_boundary,-179.04435522039407,-35.72698827656047
71,1,-179.06265373849186,-35.630091897843506,-179.15581324526306,-35.74093678990187,8.090864240242864,8.802427615427627,11.8354869370506,"POLYGON Z ((2298355.17187225 6025733.0592065 -8802.42761542763, 2309989.37276295 6016291.71146383 -8090.86424024286, 2319441.36150424 6027939.02483793 -8090.86424024286, 2307807.16061354 6037380.3725806 -8802.42761542763, 2298355.17187225 6025733.0592065 -8802.42761542763))",2d_linear_centroids_interior,-179.1770285437176,-35.64753700081015
71,2,-179.196467108872,-35.54550962656633,-179.28216011552857,-35.66028194182955,8.802530133069087,9.990800225937617,11.852119390228555,"POLYGON Z ((2287130.07615957 6034947.66634149 -9990.80022593762, 2299240.94954588 6026177.56029839 -8802.53013306909, 2308038.7041559 6038326.61432831 -8802.53013306909, 2295927.83076959 6047096.72037141 -9990.80022593762, 2287130.07615957 6034947.66634149 -9990.80022593762))",2d_linear_centroids_interior,-179.30930234282937,-35.56799275601516
71,3,-179.33056060593023,-35.45992187100913,-179.4068623798452,-35.579029234010314,9.947479079527467,11.839566712110045,11.868701283242817,"POLYGON Z ((2276017.00603255 6044007.58805985 -11839.56671211, 2288623.18342286 6036101.62221155 -9947.47907952747, 2296592.80619827 6048809.30149684 -9947.47907952747, 2283986.62880795 6056715.26734514 -11839.56671211, 2276017.00603255 6044007.58805985 -11839.56671211))",2d_linear_centroids_interior,-179.44092290574918,-35.48851165780578
71,4,-179.4647884717017,-35.37355659341018,-179.5291327138212,-35.497298209219274,11.860516273310367,14.703401485679356,11.885138352757728,"POLYGON Z ((2265133.36877836 6052828.20508943 -14703.4014856794, 2278206.88013279 6046045.7789354 -11860.5162733104, 2285114.50164803 6059360.61145415 -11860.5162733104, 2272040.9902936 6066143.03760817 -14703.4014856794, 2265133.36877836 6052828.20508943 -14703.4014856794))",2d_linear_centroids_interior,-179.57114688719122,-35.40954985819188
71,5,-179.5934876580731,-35.29651203031075,-179.65993338685405,-35.419513344940285,14.829252652209961,19.00352664446172,11.90127803194872,"POLYGON Z ((2254255.02519888 6062391.53736949 -19003.5266444617, 2266957.85091132 6055593.47473688 -14829.25265221, 2274035.49045188 6068818.71645618 -14829.25265221, 2261332.66473943 6075616.77908879 -19003.5266444617, 2254255.02519888 6062391.53736949 -19003.5266444617))",2d_linear_centroids_interior,-179.69877590450903,-35.331848404247566
71,6,-179.72220924202435,-35.217820929555266,-179.78685966179057,-35.341468631627826,18.539895381860898,24.12336140275085,11.91720241598993,"POLYGON Z ((2243680.97733523 6071535.02604149 -24123.3614027508, 2256040.44147125 6065126.55091365 -18539.8953818609, 2262945.08353676 6078442.92872247 -18539.8953818609, 2250585.61940074 6084851.40385031 -24123.3614027508, 2243680.97733523 6071535.02604149 -24123.3614027508))",2d_linear_centroids_interior,-179.82447087920477,-35.25502110408497
71,7,-179.84532862453128,-35.14267468828216,-179.90883590945805,-35.26672629302666,23.970629174877562,30.7922298080493,11.932416863353424,"POLYGON Z ((2233612.86410388 6080290.0712852 -30792.2298080493, 2245525.18325311 6074243.38481337 -23970.6291748776, 2252314.58098259 6087618.8877374 -23970.6291748776, 2240402.26183337 6093665.57420923 -30792.2298080493, 2233612.86410388 6080290.0712852 -30792.2298080493))",2d_linear_centroids_interior,-179.94434772232017,-35.18146924470982
71,8,-179.96353539217415,-35.071826089885654,179.96983232923685,-35.194772781544856,30.347033078799893,38.284465246398675,11.94715965034446,"POLYGON Z ((2223792.46491409 6089014.54561281 -38284.4652463987, 2235025.91778208 6083030.67502201 -30347.0330787999, 2242078.03848767 6096269.54179956 -30347.0330787999, 2230844.58561968 6102253.41239036 -38284.4652463987, 2223792.46491409 6089014.54561281 -38284.4652463987))",2d_linear_centroids_interior,179.9396912479493,-35.11005892567276
71,9,179.9275453426703,-35.004454777080404,179.8630819985965,-35.1281834709858,38.80502230067038,47.43415486802642,11.960643696506486,"POLYGON Z ((2214880.97726338 6096715.65894075 -47434.1548680264, 2225797.19940243 6091114.39432052 -38805.0223006704, 2232645.04841442 6104460.06642458 -38805.0223006704, 2221728.82627537 6110061.33104481 -47434.1548680264, 2214880.97726338 6096715.65894075 -47434.1548680264))",2d_linear_centroids_interior,179.83380263589694,-35.04462688056464
72,0,-178.88918571238403,-35.57067575272698,-178.98754836607944,-35.67839505311268,7.729099682169748,8.412164433790505,11.829852686191716,"POLYGON Z ((2314586.07518405 6031922.13521328 -8412.16443379051, 2325822.10759778 6022008.25614691 -7729.09968216975, 2335746.28177284 6033255.95666494 -7729.09968216975, 2324510.2493591 6043169.83573131 -8412.16443379051, 2314586.07518405 6031922.13521328 -8412.16443379051))",nearest_neighbor_boundary,-179.00420141508584,-35.584405275702274
72,1,-179.02291889451422,-35.4857062883159,-179.11322905555565,-35.59801163865664,8.382379252316381,9.159876727698919,11.916133295776042,"POLYGON Z ((2303322.76111602 6041090.9963169 -9159.87672769892, 2315135.80450214 6031879.72584897 -8382.37925231638, 2324359.47381368 6043708.6701988 -8382.37925231638, 2312546.43042756 6052919.94066674 -9159.87672769892, 2303322.76111602 6041090.9963169 -9159.87672769892))",2d_linear_centroids_interior,-179.13662553092578,-35.504983058332705
72,2,-179.1571721257077,-35.39958304973095,-179.2374860680917,-35.51684457809249,9.0866123928573,10.381264537350187,11.932765802492536,"POLYGON Z ((2292145.47041923 6050127.18248915 -10381.2645373502, 2304562.15702649 6041811.54844706 -9086.6123928573, 2312908.93861252 6054274.74374984 -9086.6123928573, 2300492.25200526 6062590.37779192 -10381.2645373502, 2292145.47041923 6050127.18248915 -10381.2645373502))",2d_linear_centroids_interior,-179.2686683711901,-35.425458775110314
72,3,-179.29195832833375,-35.312319307376335,-179.35957360814405,-35.434828981068875,10.427235614531265,12.267880122175445,11.94933303462967,"POLYGON Z ((2281122.64847317 6058974.66945279 -12267.8801221754, 2294169.68219211 6051806.20107152 -10427.2356145313, 2301392.73798068 6064952.58707966 -10427.2356145313, 2288345.70426174 6072121.05546093 -12267.8801221754, 2281122.64847317 6058974.66945279 -12267.8801221754))",2d_linear_centroids_interior,-179.39994413471854,-35.34606868155972
72,4,-179.42313490286463,-35.23259426026593,-179.48981040487706,-35.35545486625785,12.407338332821304,15.531542129743249,11.96574104903992,"POLYGON Z ((2270078.72526355 6068517.2979903 -15531.5421297432, 2282988.78688728 6061548.10438509 -12407.3383328213, 2290114.24763384 6074747.64260236 -12407.3383328213, 2277204.18601011 6081716.83620757 -15531.5421297432, 2270078.72526355 6068517.2979903 -15531.5421297432))",2d_linear_centroids_interior,-179.5297139215198,-35.26726772319886
72,5,-179.55392112688838,-35.152251630079995,-179.61778830532015,-35.276118112973336,15.138369615479752,19.6126698626094,11.981972075520348,"POLYGON Z ((2259258.8743782 6077803.21214212 -19612.6698626094, 2271989.67041822 6071252.83280302 -15138.3696154798, 2278852.46959793 6084590.82318459 -15138.3696154798, 2266121.67355791 6091141.20252369 -19612.6698626094, 2259258.8743782 6077803.21214212 -19612.6698626094))",2d_linear_centroids_interior,-179.6578451045237,-35.18914769234971
72,6,-179.67976653122932,-35.076329633880476,-179.7447771691669,-35.19980117328701,19.483221543080674,25.25394400504313,11.997677624400584,"POLYGON Z ((2248762.66345207 6087012.50616148 -25253.9440050431, 2261032.7377999 6080598.14432528 -19483.2215430807, 2267981.94177859 6093891.32167543 -19483.2215430807, 2255711.86743076 6100305.68351164 -25253.9440050431, 2248762.66345207 6087012.50616148 -25253.9440050431))",2d_linear_centroids_interior,-179.7816023619293,-35.11339776475757
72,7,-179.80079279628794,-35.002667369541136,-179.86539155282023,-35.126290469762274,25.41175870960671,32.464231975621395,12.012653684977831,"POLYGON Z ((2238858.02535684 6095661.64555767 -32464.2319756214, 2250613.42063284 6089572.86056088 -25411.7587096067, 2257512.27928549 6102892.2355196 -25411.7587096067, 2245756.88400949 6108981.02051638 -32464.2319756214, 2238858.02535684 6095661.64555767 -32464.2319756214))",2d_linear_centroids_interior,-179.89940499236673,-35.041021513333554
72,8,-179.91956801528258,-34.930297906580726,-179.98421956184046,-35.05390768076785,31.895134522274763,39.98791518454615,12.027385752238827,"POLYGON Z ((2229109.78539498 6104196.75119574 -39987.9151845461, 2240328.24362454 6098395.62233112 -31895.1345222748, 2247218.1613045 6111719.62452128 -31895.1345222748, 2235999.70307494 6117520.75338591 -39987.9151845461, 2229109.78539498 6104196.75119574 -39987.9151845461))",2d_linear_centroids_interior,179.98490785852593,-34.96968742924326
72,9,179.9734944971089,-34.8651458164055,179.90781487515008,-34.98839200863948,40.26329293771081,49.07460987828518,12.040748895654986,"POLYGON Z ((2220214.73155776 6112011.24892259 -49074.6098782852, 2230964.29403489 6106371.4262017 -40263.2929377108, 2237933.22051889 6119654.27467861 -40263.2929377108, 2227183.65804176 6125294.0973995 -49074.6098782852, 2220214.73155776 6112011.24892259 -49074.6098782852))",2d_linear_centroids_interior,179.88013854325058,-34.90486498269031
73,0,-178.84717261297703,-35.42201685739572,-178.93278145370036,-35.53667646256055,7.987314321503872,8.661096610558946,11.980534596715865,"POLYGON Z ((2319993.77085262 6046204.27877145 -8661.09661055895, 2332094.97306175 6037366.46668244 -7987.31432150387, 2340941.71469405 6049479.89569702 -7987.31432150387, 2328840.51248492 6058317.70778603 -8661.09661055895, 2319993.77085262 6046204.27877145 -8661.09661055895))",nearest_neighbor_boundary,-178.95993823887852,-35.4443486162671
73,1,-178.98017243195275,-35.34048022858193,-179.06248646310485,-35.45673670848872,8.56069804078888,9.412500161034346,11.996254252475312,"POLYGON Z ((2308714.16546551 6055758.71257047 -9412.50016103435, 2321019.82513643 6047223.7741869 -8560.69804078888, 2329568.5583779 6059549.32326052 -8560.69804078888, 2317262.89870697 6068084.26164409 -9412.50016103435, 2308714.16546551 6055758.71257047 -9412.50016103435))",2d_linear_centroids_interior,-179.0921532347766,-35.36494215524737
73,2,-179.11617258642414,-35.2510152402164,-179.18234230954533,-35.373994180250286,9.354558678007278,10.696138657284173,12.012881311115127,"POLYGON Z ((2297695.37851727 6064399.71232449 -10696.1386572842, 2310842.65311181 6057303.98587156 -9354.55867800728, 2317966.93130739 6070504.1623928 -9354.55867800728, 2304819.65671284 6077599.88884574 -10696.1386572842, 2297695.37851727 6064399.71232449 -10696.1386572842))",2d_linear_centroids_interior,-179.2239305451134,-35.28546939982269
73,3,-179.24622427964914,-35.17456257783848,-179.31735430422623,-35.295671301282084,10.763877660216203,12.82950757520461,12.02943056366071,"POLYGON Z ((2286380.94098206 6074458.57271342 -12829.5075752046, 2299221.61002363 6066985.26075558 -10763.8776602162, 2306766.80674287 6079949.44242925 -10763.8776602162, 2293926.1377013 6087422.75438709 -12829.5075752046, 2286380.94098206 6074458.57271342 -12829.5075752046))",2d_linear_centroids_interior,-179.35484468560358,-35.206191424196
73,4,-179.37906016162202,-35.09064261819584,-179.44186667470174,-35.214818554244744,12.831622110560065,16.09492352850057,12.045814544916164,"POLYGON Z ((2275504.80567163 6083490.04046062 -16094.9235285006, 2288556.12606653 6076855.7432254 -12831.6221105601, 2295353.22459323 6090227.3344403 -12831.6221105601, 2282301.90419833 6096861.63167552 -16094.9235285006, 2275504.80567163 6083490.04046062 -16094.9235285006))",2d_linear_centroids_interior,-179.4842096079188,-35.127532269448054
73,5,-179.50733529120427,-35.01270981867234,-179.569642726489,-35.13706384651572,16.04565925469797,20.67444935461875,12.061824791439605,"POLYGON Z ((2264795.72050218 6092796.83219548 -20674.4493546188, 2277543.24763884 6086387.86549943 -16045.659254698, 2284281.04268787 6099789.43696987 -16045.659254698, 2271533.51555121 6106198.40366592 -20674.4493546188, 2264795.72050218 6092796.83219548 -20674.4493546188))",2d_linear_centroids_interior,-179.61039157394475,-35.050502317539745
73,6,-179.63232430654517,-34.93739209792961,-179.6959701509015,-35.06129469317374,20.62669609138067,26.67283682334244,12.077410749980707,"POLYGON Z ((2254407.32697278 6101933.75395945 -26672.8368233424, 2266623.75079843 6095672.51038 -20626.6960913807, 2273465.39509873 6109021.36438581 -20626.6960913807, 2261248.97127307 6115282.60796525 -26672.8368233424, 2254407.32697278 6101933.75395945 -26672.8368233424))",2d_linear_centroids_interior,-179.73300969090786,-34.97535800623015
73,7,-179.75405475858454,-34.86339368568642,-179.81780254539427,-34.987267463808244,26.31452493277657,33.56140345375819,12.092528147064936,"POLYGON Z ((2244389.84588615 6110703.02315588 -33561.4034537582, 2256079.73154322 6104717.26296801 -26314.5249327766, 2262916.29322327 6118068.72073092 -26314.5249327766, 2251226.4075662 6124054.48091879 -33561.4034537582, 2244389.84588615 6110703.02315588 -33561.4034537582))",2d_linear_centroids_interior,-179.8517346514557,-34.90232691868932
73,8,-179.86796579310874,-34.79341327702252,-179.93026986515574,-34.9177908217652,33.70645750641386,41.88557637530872,12.106632939430066,"POLYGON Z ((2235085.07078873 6118792.14980444 -41885.5763753087, 2246336.93858745 6113179.88773211 -33706.4575064139, 2253032.09149327 6126602.81317956 -33706.4575064139, 2241780.22369454 6132215.07525189 -41885.5763753087, 2235085.07078873 6118792.14980444 -41885.5763753087))",2d_linear_centroids_interior,-179.96232370252076,-34.83405894273826
73,9,-179.9803687680361,-34.72556668141448,179.95402047825044,-34.84878824322702,41.22595020783104,50.1565996155377,12.12078929972025,"POLYGON Z ((2225606.44780087 6127202.39809016 -50156.5996155377, 2236275.48451775 6121597.47554916 -41225.950207831, 2243251.58166039 6134876.55942782 -41225.950207831, 2232582.54494351 6140481.48196882 -50156.5996155377, 2225606.44780087 6127202.39809016 -50156.5996155377))",2d_linear_centroids_interior,179.92686061866644,-34.76541719258394
74,0,-178.78172602540522,-35.286027534621226,-178.84891036850794,-35.40856673519871,8.046770116475107,8.712065646511252,11.980534596715865,"POLYGON Z ((2327794.53866777 6058242.47408859 -8712.06564651125, 2340907.66688118 6050989.66426642 -8046.77011647511, 2348167.62107965 6064115.7095595 -8046.77011647511, 2335054.49286624 6071368.51938167 -8712.06564651125, 2327794.53866777 6058242.47408859 -8712.06564651125))",nearest_neighbor_boundary,-178.8899819153485,-35.31977608161067
74,1,-178.91354173327704,-35.20740646373608,-178.98193019324023,-35.32950475445103,8.632455282734883,9.41645082098418,12.073122595851125,"POLYGON Z ((2316450.05915294 6068123.88510783 -9416.45082098418, 2329507.80074701 6060783.53528928 -8632.45528273488, 2336858.19724019 6073859.14890368 -8632.45528273488, 2323800.45564613 6081199.49872223 -9416.45082098418, 2316450.05915294 6068123.88510783 -9416.45082098418))",2d_linear_centroids_interior,-179.02202842881107,-35.24042540375976
74,2,-179.04612243512685,-35.1264950854404,-179.11212544037446,-35.24948083784895,9.295481574953302,10.623262775252421,12.089757161695134,"POLYGON Z ((2305202.21588218 6077742.85774939 -10623.2627752524, 2318349.92427561 6070645.33979693 -9295.4815749533, 2325475.41325661 6083844.86277247 -9295.4815749533, 2312327.70486318 6090942.38072492 -10623.2627752524, 2305202.21588218 6077742.85774939 -10623.2627752524))",2d_linear_centroids_interior,-179.15369203779858,-35.16097669415256
74,3,-179.17872251981555,-35.044667310010645,-179.24066726223228,-35.169077279161606,10.492876773640146,12.541412407813333,12.106332595303337,"POLYGON Z ((2294053.29244056 6087208.43015423 -12541.4124078133, 2307322.27246426 6080519.80765881 -10492.8767736401, 2314074.15636387 6093914.28651415 -10492.8767736401, 2300805.17634018 6100602.90900957 -12541.4124078133, 2294053.29244056 6087208.43015423 -12541.4124078133))",2d_linear_centroids_interior,-179.28464226272163,-35.08163307938355
74,4,-179.30843634570365,-34.967151696238105,-179.37313842229386,-35.0906187097177,12.500767974688516,15.588521528092553,12.122760922859193,"POLYGON Z ((2282902.28724011 6097019.1277411 -15588.5215280926, 2295894.82392864 6090188.33215123 -12500.7679746885, 2302875.11282757 6103465.21306835 -12500.7679746885, 2289882.57613904 6110296.00865822 -15588.5215280926, 2282902.28724011 6097019.1277411 -15588.5215280926))",2d_linear_centroids_interior,-179.41418908941404,-35.00282013434939
74,5,-179.43847289295172,-34.88673277419352,-179.4991417510711,-35.01158711425499,15.5915422460906,20.10528350594192,12.138881330586958,"POLYGON Z ((2272198.2328459 6106159.2321665 -20105.2835059419, 2285040.22491131 6099857.69428825 -15591.5422460906, 2291648.03046137 6113323.83352014 -15591.5422460906, 2278806.03839596 6119625.37139839 -20105.2835059419, 2272198.2328459 6106159.2321665 -20105.2835059419))",2d_linear_centroids_interior,-179.5410747813225,-34.92531760935814
74,6,-179.562498040815,-34.81250325695916,-179.62597133807586,-34.93641693004247,20.260261559063117,26.211036039443314,12.154425460262432,"POLYGON Z ((2261801.93679207 6115367.20631107 -26211.0360394433, 2274055.24868466 6109086.7102521 -20260.2615590631, 2280897.19180922 6122435.41109826 -20260.2615590631, 2268643.87991663 6128715.90715723 -26211.0360394433, 2261801.93679207 6115367.20631107 -26211.0360394433))",2d_linear_centroids_interior,-179.66320634202705,-34.850430236056006
74,7,-179.6851059160845,-34.73755645979125,-179.747562308585,-34.8618282611516,25.634851800115207,32.824158980291884,12.16962320988002,"POLYGON Z ((2251761.84203469 6124112.61934885 -32824.1589802919, 2263524.03646424 6118199.52840835 -25634.8518001152, 2270261.38736216 6131601.32317168 -25634.8518001152, 2258499.19293261 6137514.41411218 -32824.1589802919, 2251761.84203469 6124112.61934885 -32824.1589802919))",2d_linear_centroids_interior,-179.78240964174077,-34.77706502735673
74,8,-179.80039768546646,-34.667137319024725,-179.86268863932537,-34.791472686146044,32.55909519358716,40.71905251192333,12.18396251201256,"POLYGON Z ((2242274.45225153 6132413.60795529 -40719.0525119233, 2253531.57501291 6126784.01794375 -32559.0951935872, 2260240.75964179 6140199.93541576 -32559.0951935872, 2248983.6368804 6145829.52542729 -40719.0525119233, 2242274.45225153 6132413.60795529 -40719.0525119233))",2d_linear_centroids_interior,-179.8946926533822,-34.7077117897388
74,9,-179.9085787514867,-34.59968558336148,-179.96767396220835,-34.7250872326066,40.92243923802712,49.60153656639857,12.197430360108733,"POLYGON Z ((2233360.50953954 6140077.37764718 -49601.5365663986, 2244420.68071329 6134848.04851507 -40922.4392380271, 2250832.26141718 6148408.71342788 -40922.4392380271, 2239772.09024343 6153638.04255999 -49601.5365663986, 2233360.50953954 6140077.37764718 -49601.5365663986))",2d_linear_centroids_interior,-179.99998667314694,-34.642457323133954
75,0,-178.72463972435054,-35.15251843345984,-178.7882963239545,-35.27626450827615,8.063374891826175,8.73430570048763,12.13121650724,"POLYGON Z ((2334386.65183401 6072209.37032546 -8734.30570048763, 2347658.68378107 6065252.14244029 -8063.37489182618, 2354622.88164475 6078537.47074318 -8063.37489182618, 2341350.84969769 6085494.69862835 -8734.30570048763, 2334386.65183401 6072209.37032546 -8734.30570048763))",nearest_neighbor_boundary,-178.8317443149228,-35.188270808489385
75,1,-178.8575322047266,-35.07138133935287,-178.91801808883713,-35.196205907383806,8.619506588049553,9.40741269426515,12.151446365059806,"POLYGON Z ((2323133.79556111 6081798.23803758 -9407.41269426515, 2336551.41933145 6075138.9155251 -8619.50658804955, 2343219.94774493 6088575.08792645 -8619.50658804955, 2329802.32397458 6095234.41043893 -9407.41269426515, 2323133.79556111 6081798.23803758 -9407.41269426515))",2d_linear_centroids_interior,-178.9636054595115,-35.10895698201531
75,2,-178.9887813956208,-34.99269803174986,-179.05048043645172,-35.117132628113154,9.46778805236486,10.780339928287528,12.168066885464425,"POLYGON Z ((2311821.6427828 6091652.44663433 -10780.3399282875, 2325160.74900447 6084918.54339922 -9467.78805236486, 2331920.58149851 6098309.01257146 -9467.78805236486, 2318581.47527683 6105042.91580657 -10780.3399282875, 2311821.6427828 6091652.44663433 -10780.3399282875))",2d_linear_centroids_interior,-179.0949638612122,-35.02961915225073
75,3,-179.12138881134607,-34.91050358332044,-179.17795833604856,-35.03658878736572,10.792646431701327,12.875143007981787,12.184612288099471,"POLYGON Z ((2300728.9086211 6101035.62530828 -12875.1430079818, 2314214.964188 6094807.50253682 -10792.6464317013, 2320503.99120185 6108425.43700644 -10792.6464317013, 2307017.93563496 6114653.5597779 -12875.1430079818, 2300728.9086211 6101035.62530828 -12875.1430079818))",2d_linear_centroids_interior,-179.2254858306965,-34.95046346940844
75,4,-179.24971890397262,-34.83471748183463,-179.31157781969713,-34.959119163317176,12.851991369150145,16.088992631700076,12.200974674143685,"POLYGON Z ((2289573.21911324 6110964.89657586 -16088.9926317001, 2302656.5744509 6104381.00441888 -12851.9913691501, 2309399.34262634 6117780.07443632 -12851.9913691501, 2296315.98728868 6124363.96659331 -16088.9926317001, 2289573.21911324 6110964.89657586 -16088.9926317001))",2d_linear_centroids_interior,-179.35432626967028,-34.87201139520994
75,5,-179.379717085081,-34.75378340885666,-179.4361929222068,-34.8799231608514,15.985966047779185,20.41272936866685,12.217089912396528,"POLYGON Z ((2278885.34352584 6120035.67894415 -20412.7293686668, 2291914.51930319 6114065.39041981 -15985.9660477792, 2298163.11430654 6127701.92445467 -15985.9660477792, 2285133.9385292 6133672.21297902 -20412.7293686668, 2278885.34352584 6120035.67894415 -20412.7293686668))",2d_linear_centroids_interior,-179.4809899294907,-34.79457825518845
75,6,-179.5042611587801,-34.680811339701975,-179.567779063944,-34.80466119091545,20.064230100749683,26.158288976463187,12.232835990476918,"POLYGON Z ((2268288.80617987 6129612.07353076 -26158.2889764632, 2280477.72464829 6123343.68354693 -20064.2301007497, 2287337.77463471 6136683.08811324 -20064.2301007497, 2275148.85616629 6142951.47809708 -26158.2889764632, 2268288.80617987 6129612.07353076 -26158.2889764632))",2d_linear_centroids_interior,-179.60453131207043,-34.71876078372525
75,7,-179.6235330235856,-34.60720885597681,-179.6843009537309,-34.73200380413355,26.39990986223276,33.61771119905138,12.247589595321204,"POLYGON Z ((2258573.04938001 6138000.34233443 -33617.7111990514, 2270380.45861369 6132213.42337434 -26399.9098622328, 2276981.87251545 6145682.69709261 -26399.9098622328, 2265174.46328177 6151469.6160527 -33617.7111990514, 2258573.04938001 6138000.34233443 -33617.7111990514))",2d_linear_centroids_interior,-179.72008827704974,-34.64758114494221
75,8,-179.73933190667654,-34.53621801607174,-179.79948422063208,-34.661224890531045,33.36445251608089,41.44503326265899,12.26203634044413,"POLYGON Z ((2248995.99758556 6146355.21701909 -41445.033262659, 2260371.93040427 6140851.36679381 -33364.4525160809, 2266904.7351365 6154354.05031712 -33364.4525160809, 2255528.80231779 6159857.90054239 -41445.033262659, 2248995.99758556 6146355.21701909 -41445.033262659))",2d_linear_centroids_interior,-179.83305683654555,-34.577750660851116
76,0,-178.68684382855193,-35.00545879119757,-178.7413680888829,-35.13206888656075,8.144304947633499,8.811772375874549,12.281898417764152,"POLYGON Z ((2339624.41159142 6087103.08831984 -8811.77237587455, 2353284.03116388 6080941.16651184 -8144.3049476335, 2359452.06252374 6094614.32961128 -8144.3049476335, 2345792.44295128 6100776.25141927 -8811.77237587455, 2339624.41159142 6087103.08831984 -8811.77237587455))",nearest_neighbor_boundary,-178.79099444060014,-35.04634479423846
76,1,-178.81742484187941,-34.928209899335904,-178.87556860342033,-35.05374121444685,8.708005859393444,9.554749168908861,12.23195697742107,"POLYGON Z ((2328220.75769389 6097135.69008738 -9554.74916890886, 2341730.88434454 6090673.53072296 -8708.00585939344, 2348203.36438494 6104205.23431588 -8708.00585939344, 2334693.23773429 6110667.39368031 -9554.74916890886, 2328220.75769389 6097135.69008738 -9554.74916890886))",2d_linear_centroids_interior,-178.92260776800362,-34.967062314371326
76,2,-178.94969515785908,-34.847272902204104,-179.00501664240446,-34.97367988818682,9.58194468327119,10.991047282001913,12.248573287108306,"POLYGON Z ((2317008.54663862 6106722.88345807 -10991.0472820019, 2330604.41426294 6100544.95391751 -9581.94468327119, 2336809.78491938 6114201.21164121 -9581.94468327119, 2323213.91729506 6120379.14118177 -10991.0472820019, 2317008.54663862 6106722.88345807 -10991.0472820019))",2d_linear_centroids_interior,-179.0537074972058,-34.88776440015372
76,3,-179.07825658028764,-34.772282339387004,-179.1410989214027,-34.89629241555726,10.990641325254446,13.273518504723544,12.265112993983012,"POLYGON Z ((2305637.03441569 6116926.75671371 -13273.5185047235, 2318822.46994594 6110149.38541939 -10990.6413252544, 2325679.72152638 6123490.22874965 -10990.6413252544, 2312494.28599613 6130267.60004397 -13273.5185047235, 2305637.03441569 6116926.75671371 -13273.5185047235))",2d_linear_centroids_interior,-179.18396212770938,-34.808656243607835
76,4,-179.20914644366175,-34.69210038843384,-179.27006286252072,-34.81677282803294,12.972046347328446,16.481031181217283,12.281528193993122,"POLYGON Z ((2294625.76295935 6126406.87023228 -16481.0311812173, 2307688.04282795 6119921.20372299 -12972.0463473284, 2314358.80371985 6133356.26788819 -12972.0463473284, 2301296.52385124 6139841.93439749 -16481.0311812173, 2294625.76295935 6126406.87023228 -16481.0311812173))",2d_linear_centroids_interior,-179.31299920501613,-34.729971311157264
76,5,-179.33567908068235,-34.615758597945245,-179.39797735687458,-34.73997474025171,16.609634375137126,21.471471404679814,12.29744751662636,"POLYGON Z ((2283944.90548421 6135778.24726854 -21471.4714046798, 2296603.5329927 6129365.62765565 -16609.6343751371, 2303382.09224892 6142746.62666208 -16609.6343751371, 2290723.46474043 6149159.24627497 -21471.4714046798, 2283944.90548421 6135778.24726854 -21471.4714046798))",2d_linear_centroids_interior,-179.4379131421705,-34.65350047109076
76,6,-179.45922295708274,-34.5408595591114,-179.52209222020508,-34.664887880485296,21.485036565074633,27.75254297227788,12.31287535182295,"POLYGON Z ((2273691.51269503 6144768.14325928 -27752.5429722779, 2285831.69901663 6138576.67820548 -21485.0365650746, 2292646.56407982 6151939.22340355 -21485.0365650746, 2280506.37775822 6158130.68845735 -27752.5429722779, 2273691.51269503 6144768.14325928 -27752.5429722779))",2d_linear_centroids_interior,-179.55875939229168,-34.57923854468527
76,7,-179.5797799868534,-34.46689951664846,-179.64151903804446,-34.59132387110967,27.30549897095324,34.633699066160084,12.327894443185379,"POLYGON Z ((2263747.649143 6153416.86059032 -34633.6990661601, 2275457.51914745 6147570.79970768 -27305.4989709532, 2282157.58546997 6160991.27329373 -27305.4989709532, 2270447.71546553 6166837.33417637 -34633.6990661601, 2263747.649143 6153416.86059032 -34633.6990661601))",2d_linear_centroids_interior,-179.67620466445973,-34.50680127316507
76,8,-179.69416335341018,-34.397247947757194,-179.75721768450492,-34.52122699943584,34.456814187321044,42.5976478961769,12.342280321173375,"POLYGON Z ((2254150.88947843 6161854.72397122 -42597.6478961769, 2265378.85999898 6156139.87449688 -34456.814187321, 2272182.96313844 6169507.90279082 -34456.814187321, 2260954.99261788 6175222.75226516 -42597.6478961769, 2254150.88947843 6161854.72397122 -42597.6478961769))",2d_linear_centroids_interior,-179.7885143477933,-34.43728667838077
76,9,-179.80461410316778,-34.327545453116386,-179.86226438131985,-34.453325002723666,42.71319073950025,51.34593807421968,12.355999123159934,"POLYGON Z ((2245116.33760021 6169540.0867114 -51345.9380742197, 2256245.83913477 6164381.61125374 -42713.1907395002, 2262553.66186619 6177990.84974783 -42713.1907395002, 2251424.16033164 6183149.32520548 -51345.9380742197, 2245116.33760021 6169540.0867114 -51345.9380742197))",2d_linear_centroids_interior,-179.89544876006212,-34.37087650733187
77,0,-178.6320516016481,-34.874493916381745,-178.69263829459882,-34.999181865229026,8.211876268097146,8.880203621867981,12.281898417764152,"POLYGON Z ((2345581.69350935 6102068.5614171 -8880.20362186798, 2358979.9561708 6095357.38445602 -8211.87626809715, 2365697.80445303 6108768.96581158 -8211.87626809715, 2352299.54179158 6115480.14277266 -8880.20362186798, 2345581.69350935 6102068.5614171 -8880.20362186798))",nearest_neighbor_boundary,-178.73793793059735,-34.91188969521715
77,1,-178.76305728988035,-34.79627231039631,-178.8254196922588,-34.920377170777186,8.765922320277957,9.628394624339988,12.310900859068987,"POLYGON Z ((2334224.51168829 6111984.99379427 -9628.39462433999, 2347542.30904308 6105137.19012145 -8765.92232027796, 2354401.46040904 6118477.05678266 -8765.92232027796, 2341083.66305425 6125324.86045548 -9628.39462433999, 2334224.51168829 6111984.99379427 -9628.39462433999))",2d_linear_centroids_interior,-178.8693541743481,-34.83263887344667
77,2,-178.89446669594273,-34.716399981208035,-178.9557724131211,-34.840873832347924,9.755170486882395,11.231231262594477,12.327503511262773,"POLYGON Z ((2322979.24170816 6121675.26419095 -11231.2312625945, 2336309.79227448 6114958.29566451 -9755.1704868824, 2343059.52031382 6128353.86102753 -9755.1704868824, 2329728.9697475 6135070.82955397 -11231.2312625945, 2322979.24170816 6121675.26419095 -11231.2312625945))",2d_linear_centroids_interior,-179.0001447741113,-34.753442262898176
77,3,-179.02515269092723,-34.63752503844068,-179.08737687194608,-34.76169931900705,10.902648849840661,13.274365981954444,12.34407571095386,"POLYGON Z ((2311741.64412425 6131464.01486346 -13274.3659819544, 2324935.72052218 6124734.13330054 -10902.6488498407, 2331751.3371716 6138096.29516485 -10902.6488498407, 2318557.26077367 6144826.17672777 -13274.3659819544, 2311741.64412425 6131464.01486346 -13274.3659819544))",2d_linear_centroids_interior,-179.13045597854986,-34.67421504538865
77,4,-179.15457357419407,-34.55883199742819,-179.21655218186692,-34.68310055887875,13.31078200753769,16.946005226386113,12.360382246506372,"POLYGON Z ((2300774.01364887 6140986.84911918 -16946.0052263861, 2313756.17762828 6134410.48457934 -13310.7820075377, 2320534.6118087 6147791.54694605 -13310.7820075377, 2307552.44782929 6154367.91148589 -16946.0052263861, 2300774.01364887 6140986.84911918 -16946.0052263861))",2d_linear_centroids_interior,-179.25844506162412,-34.596087523513816
77,5,-179.28445925973767,-34.477820678563454,-179.34082853556313,-34.60391410132756,16.551255385812194,21.520054145271914,12.376471137784918,"POLYGON Z ((2290148.58824784 6150009.46139403 -21520.0541452719, 2303009.15722819 6144100.41710669 -16551.2553858122, 2309271.77725303 6157730.51580129 -16551.2553858122, 2296411.20827269 6163639.56008863 -21520.0541452719, 2290148.58824784 6150009.46139403 -21520.0541452719))",2d_linear_centroids_interior,-179.38449962835003,-34.51883823493262
77,6,-179.40470321422677,-34.4074157874996,-179.46891903416588,-34.530922561107715,21.654593004108847,27.887110210523247,12.391826208475987,"POLYGON Z ((2279745.16122945 6159431.60508643 -27887.1102105232, 2291836.9594837 6153111.46709346 -21654.5930041088, 2298785.27636276 6166405.10815031 -21654.5930041088, 2286693.4781085 6172725.24614327 -27887.1102105232, 2279745.16122945 6159431.60508643 -27887.1102105232))",2d_linear_centroids_interior,-179.50459559446375,-34.444960877117516
77,7,-179.52549009314467,-34.33390136977497,-179.5903344626936,-34.45718985095129,27.36233555661359,34.7920419519774,12.406923675228107,"POLYGON Z ((2269735.66473398 6168215.53560269 -34792.0419519774, 2281264.81681737 6162142.80021269 -27362.3355566136, 2288255.30427481 6175414.31425998 -27362.3355566136, 2276726.15219142 6181487.04964998 -34792.0419519774, 2269735.66473398 6168215.53560269 -34792.0419519774))",2d_linear_centroids_interior,-179.62247792026741,-34.37217962892895
77,8,-179.63749585469662,-34.26428262770492,-179.6999653232237,-34.38841798001894,35.129429660747405,43.2183944705728,12.420934535947744,"POLYGON Z ((2260445.01387654 6176226.18914516 -43218.3944705728, 2271719.16132482 6170528.62408455 -35129.4296607474, 2278484.76835816 6183916.17656701 -35129.4296607474, 2267210.62090988 6189613.74162761 -43218.3944705728, 2260445.01387654 6176226.18914516 -43218.3944705728))",2d_linear_centroids_interior,-179.73169984137996,-34.30451031011688
77,9,-179.75004530961027,-34.19450177365998,-179.81136256411276,-34.31903957808083,42.74425936020953,51.36989319822937,12.435109052101348,"POLYGON Z ((2250998.15914537 6184421.09951125 -51369.8931982294, 2261998.34543985 6178981.0312783 -42744.2593602095, 2268647.78997996 6192426.65834839 -42744.2593602095, 2257647.60368548 6197866.72658134 -51369.8931982294, 2250998.15914537 6184421.09951125 -51369.8931982294))",2d_linear_centroids_interior,-179.84202533718903,-34.23592754913507
78,0,-178.56387656268194,-34.75141879870132,-178.62944005414673,-34.87433462965988,8.196345388832775,8.844763776018427,12.432580328288292,"POLYGON Z ((2352777.26815814 6115932.59722433 -8844.76377601843, 2365938.84914149 6108766.54254872 -8196.34538883277, 2373111.6086418 6121940.437992 -8196.34538883277, 2359950.02765845 6129106.49266762 -8844.76377601843, 2352777.26815814 6115932.59722433 -8844.76377601843))",nearest_neighbor_boundary,-178.67106400697557,-34.78583963643986
78,1,-178.69679017275374,-34.66903967314948,-178.75686383325365,-34.79386203053967,8.837303348218848,9.70285476716719,12.388069805835098,"POLYGON Z ((2341579.55722603 6125357.94277203 -9702.85476716719, 2354992.2425608 6118698.31118675 -8837.30334821885, 2361662.98915058 6132133.38245321 -8837.30334821885, 2348250.30381581 6138793.0140385 -9702.85476716719, 2341579.55722603 6125357.94277203 -9702.85476716719))",2d_linear_centroids_interior,-178.80226098801478,-34.706668265823055
78,2,-178.82585840604423,-34.59391903920909,-178.89310788376716,-34.716231233903265,9.543754804992346,11.047949652609688,12.404697835877158,"POLYGON Z ((2330143.42272589 6135617.24267532 -11047.9496526097, 2343185.90186865 6128362.510725 -9543.75480499235, 2350477.38808008 6141471.06628343 -9543.75480499235, 2337434.90893732 6148725.79823376 -11047.9496526097, 2330143.42272589 6135617.24267532 -11047.9496526097))",2d_linear_centroids_interior,-178.93307581908147,-34.627404984019904
78,3,-178.95949837469053,-34.50854711011693,-179.01612815979627,-34.63449111545758,10.937034397959035,13.196555435248161,12.421247722176531,"POLYGON Z ((2319165.30500567 6144627.37550944 -13196.5554352482, 2332608.2105017 6138367.75439417 -10937.034397959, 2338940.08150518 6151965.82078595 -10937.034397959, 2325497.17600915 6158225.44190122 -13196.5554352482, 2319165.30500567 6144627.37550944 -13196.5554352482))",2d_linear_centroids_interior,-179.0630384504671,-34.54833881830263
78,4,-179.08700476407572,-34.433668504499,-179.1503601425806,-34.55741215894066,13.17138721986554,16.748233367235468,12.437600058265978,"POLYGON Z ((2308008.1597405 6154635.46201641 -16748.2333672355, 2320934.79576331 6147919.1942454 -13171.3872198655, 2327850.56122775 6161229.79859084 -13171.3872198655, 2314923.92520494 6167946.06636185 -16748.2333672355, 2308008.1597405 6154635.46201641 -16748.2333672355))",2d_linear_centroids_interior,-179.19121752665976,-34.47004572080548
78,5,-179.2140296185812,-34.35582037924716,-179.27591742166442,-34.480082245401015,16.878110694745484,21.856207169722197,12.453503884724324,"POLYGON Z ((2297412.7384017 6163804.92498651 -21856.2071697222, 2310039.39589791 6157418.52725702 -16878.1106947455, 2316809.49551473 6170803.80839633 -16878.1106947455, 2304182.83801852 6177190.20612582 -21856.2071697222, 2297412.7384017 6163804.92498651 -21856.2071697222))",2d_linear_centroids_interior,-179.3156598877653,-34.3937383252006
78,6,-179.3376527286663,-34.28174604999332,-179.40300994912977,-34.40479012641925,21.423413206265813,27.67199115401073,12.469130648940936,"POLYGON Z ((2286934.19569007 6173108.30049552 -27671.9911540107, 2298963.40384803 6166685.41759735 -21423.4132062658, 2306028.48270242 6179917.37364252 -21423.4132062658, 2293999.27454446 6186340.25654069 -27671.9911540107, 2286934.19569007 6173108.30049552 -27671.9911540107))",2d_linear_centroids_interior,-179.4377224031512,-34.318605971838714
78,7,-179.45723715300645,-34.207975795412416,-179.52089524742988,-34.33163896731159,27.51565456437292,34.80262540764015,12.484058527448202,"POLYGON Z ((2277056.24264811 6181665.4700225 -34802.6254076402, 2288697.90680344 6175634.57360291 -27515.6545643729, 2295597.68483594 6188953.47232248 -27515.6545643729, 2283956.02068061 6194984.36874207 -34802.6254076402, 2277056.24264811 6181665.4700225 -34802.6254076402))",2d_linear_centroids_interior,-179.55413000672576,-34.24669185774199
78,8,-179.57297097091666,-34.135887714437615,-179.63356087625004,-34.260617368991085,34.613744431571476,42.67069040331631,12.498497480988373,"POLYGON Z ((2267520.75927397 6189874.41878575 -42670.6904033163, 2278877.79596425 6184297.38200767 -34613.7444315715, 2285489.57915736 6197761.56868965 -34613.7444315715, 2274132.54246708 6203338.60546773 -42670.6904033163, 2267520.75927397 6189874.41878575 -42670.6904033163))",2d_linear_centroids_interior,-179.66654323465733,-34.17700195285319
78,9,-179.67908062567474,-34.07174507619953,-179.74359030115934,-34.195116717706505,43.00897813811357,51.69931728466692,12.512033533576338,"POLYGON Z ((2258405.07667243 6197980.8847842 -51699.3172846669, 2269239.40047356 6192315.60162356 -43008.9781381136, 2276190.03147963 6205608.03287663 -43008.9781381136, 2265355.7076785 6211273.31603727 -51699.3172846669, 2258405.07667243 6197980.8847842 -51699.3172846669))",2d_linear_centroids_interior,-179.7717649790643,-34.11155347998886
79,0,-178.4934105566626,-34.63062818811208,-178.56537066412537,-34.75102382410756,8.216708974803653,8.848746920598934,12.432580328288292,"POLYGON Z ((2360148.17780611 6129741.63676199 -8848.74692059893, 2372978.05563911 6121996.00813513 -8216.70897480365, 2380730.56934974 6134837.2904374 -8216.70897480365, 2367900.69151673 6142582.91906426 -8848.74692059893, 2360148.17780611 6129741.63676199 -8848.74692059893))",nearest_neighbor_boundary,-178.60216042773513,-34.66110929133677
79,1,-178.6262709470483,-34.54763523741779,-178.69183219770852,-34.670508047504974,8.828533602049559,9.674446716337629,12.464966110905003,"POLYGON Z ((2348952.24239877 6139093.13301803 -9674.44671633763, 2362105.33501196 6131932.08660624 -8828.53360204956, 2369277.79581871 6145106.14467411 -8828.53360204956, 2356124.70320552 6152267.1910859 -9674.44671633763, 2348952.24239877 6139093.13301803 -9674.44671633763))",2d_linear_centroids_interior,-178.73319796562242,-34.581986283297354
79,2,-178.75736566799088,-34.46805121095841,-178.8224126401887,-34.591120868571814,9.524587405087676,10.956182733382988,12.48159677388046,"POLYGON Z ((2337673.19692818 6148835.74970301 -10956.182733383, 2350819.91779967 6141756.60673629 -9524.58740508768, 2357931.52372348 6154963.61476932 -9524.58740508768, 2344784.80285199 6162042.75773603 -10956.182733383, 2337673.19692818 6148835.74970301 -10956.182733383))",2d_linear_centroids_interior,-178.86386220347666,-34.5027672991255
79,3,-178.8874928710448,-34.389316656095,-178.9532352551638,-34.51214237225046,10.917657483810741,13.181997873597036,12.49814060527358,"POLYGON Z ((2326454.27084074 6158595.7984984 -13181.997873597, 2339484.98268798 6151519.54868983 -10917.6574838107, 2346643.26296113 6164701.3172939 -10917.6574838107, 2333612.55111388 6171777.56710247 -13181.997873597, 2326454.27084074 6158595.7984984 -13181.997873597))",2d_linear_centroids_interior,-178.99360864651723,-34.423786875949695
79,4,-179.01725902689532,-34.310242075012596,-179.08268741686516,-34.433191798895805,12.9316454308131,16.475420659186174,12.514537806539384,"POLYGON Z ((2315421.62641443 6168165.56804382 -16475.4206591862, 2328252.7597215 6161251.54785388 -12931.6454308131, 2335368.20465924 6174456.48796499 -12931.6454308131, 2322537.07135217 6181370.50815493 -16475.4206591862, 2315421.62641443 6168165.56804382 -16475.4206591862))",2d_linear_centroids_interior,-179.1219736953973,-34.3453353177678
79,5,-179.14335316663067,-34.23441632310087,-179.2112942271721,-34.35643268042801,16.514908207031738,21.369717149318646,12.530515757438184,"POLYGON Z ((2304671.16947495 6177646.65725129 -21369.7171493186, 2317056.6313915 6170716.20537225 -16514.9082070317, 2324381.33136302 6183806.23097678 -16514.9082070317, 2311995.86944648 6190736.68285581 -21369.7171493186, 2304671.16947495 6177646.65725129 -21369.7171493186))",2d_linear_centroids_interior,-179.24683540424007,-34.26872680452617
79,6,-179.26837622354444,-34.15521101515295,-179.32850202276512,-34.280030433295636,21.617761707131862,27.852104566637255,12.545885212534031,"POLYGON Z ((2294642.24473441 6186058.72760933 -27852.1045666373, 2306887.97386501 6180044.15470927 -21617.7617071319, 2313500.75881712 6193507.84941679 -21617.7617071319, 2301255.02968652 6199522.42231684 -27852.1045666373, 2294642.24473441 6186058.72760933 -27852.1045666373))",2d_linear_centroids_interior,-179.36673624208825,-34.194885119697126
79,7,-179.38548498349076,-34.085707427311284,-179.45188477596048,-34.20832037582561,27.70209924765873,34.84654221552407,12.560875331024873,"POLYGON Z ((2284499.87637859 6195174.18002223 -34846.5422155241, 2296089.47888349 6188878.30451065 -27702.0992476587, 2303249.70138439 6202059.0182143 -27702.0992476587, 2291660.09887949 6208354.89372588 -34846.5422155241, 2284499.87637859 6195174.18002223 -34846.5422155241))",2d_linear_centroids_interior,-179.4834838177897,-34.122724489345075
79,8,-179.50276647486143,-34.01265203597193,-179.5662465459593,-34.136336775084416,34.40865840244388,42.44566665633105,12.575502715675578,"POLYGON Z ((2274855.99963929 6203480.07684869 -42445.6666563311, 2286107.85308977 6197666.10297052 -34408.6584024439, 2292993.63646965 6210992.24221808 -34408.6584024439, 2281741.78301918 6216806.21609625 -42445.6666563311, 2274855.99963929 6203480.07684869 -42445.6666563311))",2d_linear_centroids_interior,-179.5972219855113,-34.052176189703076
79,9,-179.61227413475706,-33.94508734778403,-179.67594170588217,-34.068712291759425,42.40030442964756,50.992014050368866,12.589374233381823,"POLYGON Z ((2265583.10228407 6211572.28018178 -50992.0140503689, 2276504.83129066 6205924.41675392 -42400.3044296476, 2283394.91736037 6219248.33186742 -42400.3044296476, 2272473.18835378 6224896.19529529 -50992.0140503689, 2265583.10228407 6211572.28018178 -50992.0140503689))",2d_linear_centroids_interior,-179.70491484292634,-33.98515206709022
80,0,-178.42544059657928,-34.504537250904086,-178.4950856826373,-34.625797942286475,8.244063343300454,8.850074543577493,12.583262238812427,"POLYGON Z ((2367679.53655565 6142946.02784132 -8850.07454357749, 2380622.1237489 6135388.10569498 -8244.06334330045, 2388186.2215534 6148341.26841317 -8244.06334330045, 2375243.63436014 6155899.19055951 -8850.07454357749, 2367679.53655565 6142946.02784132 -8850.07454357749))",nearest_neighbor_boundary,-178.53345128376682,-34.53635962796411
80,1,-178.556006713671,-34.42647887324996,-178.62730606878844,-34.54708680261895,8.81982100629488,9.640505610376337,12.54186463078835,"POLYGON Z ((2356331.36709344 6152859.21683323 -9640.50561037634, 2369187.55574603 6145175.14954373 -8819.82100629488, 2376883.14980435 6158050.62359673 -8819.82100629488, 2364026.96115176 6165734.69088623 -9640.50561037634, 2356331.36709344 6152859.21683323 -9640.50561037634))",2d_linear_centroids_interior,-178.66433050268932,-34.45728385941548
80,2,-178.6872587346504,-34.34605350726867,-178.7565528382234,-34.467467363139924,9.560858465356551,10.973676081869163,12.55848981210688,"POLYGON Z ((2345081.23939516 6162492.73396307 -10973.6760818692, 2358011.77889637 6155022.45320595 -9560.85846535655, 2365515.41750053 6168010.73283407 -9560.85846535655, 2352584.87799932 6175481.01359118 -10973.6760818692, 2345081.23939516 6162492.73396307 -10973.6760818692))",2d_linear_centroids_interior,-178.7947807395552,-34.37814726233838
80,3,-178.81873471189505,-34.26419712566921,-178.88350225006664,-34.38732527295875,10.8539803854241,13.119710890885246,12.575043097190665,"POLYGON Z ((2333960.59657652 6171898.70142765 -13119.7108908852, 2347029.2842389 6164893.28437655 -10853.9803854241, 2354116.01212081 6178113.65834734 -10853.9803854241, 2341047.32445844 6185119.07539844 -13119.7108908852, 2333960.59657652 6171898.70142765 -13119.7108908852))",2d_linear_centroids_interior,-178.92443284012072,-34.29917796520789
80,4,-178.94851922456942,-34.18380941125331,-179.00985447494995,-34.30815286880143,13.319450124001902,16.79390719511672,12.591356784034499,"POLYGON Z ((2323046.76979013 6181216.34095182 -16793.9071951167, 2336070.31487358 6174634.89570625 -13319.4501240019, 2342835.75403785 6188022.53302262 -13319.4501240019, 2329812.2089544 6194603.97826818 -16793.9071951167, 2323046.76979013 6181216.34095182 -16793.9071951167))",2d_linear_centroids_interior,-179.0519802609206,-34.221182038826626
80,5,-179.07579202617242,-34.10615970059419,-179.13687511479537,-34.23060028881627,16.70924669542804,21.519196483747837,12.607400973721152,"POLYGON Z ((2312314.32806454 6190556.83834857 -21519.1964837478, 2325012.97118245 6184184.33130677 -16709.246695428, 2331740.75044257 6197590.93364394 -16709.246695428, 2319042.10732466 6203963.44068574 -21519.1964837478, 2312314.32806454 6190556.83834857 -21519.1964837478))",2d_linear_centroids_interior,-179.17720021884463,-34.144311380039966
80,6,-179.1991918268967,-34.031289397791994,-179.2612363532412,-34.15541143227544,21.469671408373824,27.701255244956762,12.622909726118825,"POLYGON Z ((2301997.35918502 6199619.96123167 -27701.2552449568, 2314159.4294115 6193435.18874647 -21469.6714083738, 2320958.71391475 6206805.66855252 -21469.6714083738, 2308796.64368826 6212990.44103772 -27701.2552449568, 2301997.35918502 6199619.96123167 -27701.2552449568))",2d_linear_centroids_interior,-179.29803385671343,-34.06985325632852
80,7,-179.31913934948355,-33.95881396196866,-179.38388465878828,-34.081986042925216,26.969678833918117,34.25760854151616,12.638091348740158,"POLYGON Z ((2291846.04275621 6208603.94535494 -34257.6085415162, 2303428.84898601 6202461.90331502 -26969.6788339181, 2310456.07123929 6215714.00305064 -26969.6788339181, 2298873.26500949 6221856.04509056 -34257.6085415162, 2291846.04275621 6208603.94535494 -34257.6085415162))",2d_linear_centroids_interior,-179.41612159512397,-33.996821083806054
80,8,-179.43113163145622,-33.88965634412343,-179.49578193941912,-34.01287013256097,34.522416658397475,42.26852150416719,12.652333907587414,"POLYGON Z ((2282280.87167857 6216919.8752136 -42268.5215041672, 2293638.83378322 6210920.32885179 -34522.4166583975, 2300644.83998442 6224183.65713352 -34522.4166583975, 2289286.87787976 6230183.20349533 -42268.5215041672, 2282280.87167857 6216919.8752136 -42268.5215041672))",2d_linear_centroids_interior,-179.5267279809085,-33.9281770617939
80,9,-179.5458998571732,-33.81778428666061,-179.60708400353312,-33.942229706582076,41.73771592492277,50.27437642115502,12.666658976471446,"POLYGON Z ((2272856.3714417 6225025.36865869 -50274.376421155, 2283899.05834499 6219531.32701996 -41737.7159249228, 2290580.68645376 6232960.98992772 -41737.7159249228, 2279537.99955047 6238455.03156645 -50274.376421155, 2272856.3714417 6225025.36865869 -50274.376421155))",2d_linear_centroids_interior,-179.6378025812372,-33.8590098848821
81,0,-178.35814001082755,-34.38048736129522,-178.43057804718313,-34.50055987117483,8.228382714656421,8.882911800289788,12.583262238812427,"POLYGON Z ((2374966.13594814 6156643.14910855 -8882.91180028979, 2387750.5204212 6148824.51077947 -8228.38271465642, 2395576.612885 6161621.08363113 -8228.38271465642, 2382792.22841194 6169439.72196022 -8882.91180028979, 2374966.13594814 6156643.14910855 -8882.91180028979))",nearest_neighbor_boundary,-178.46670880266356,-34.41052087241468
81,1,-178.48858183970782,-34.30235741154754,-178.56241644048563,-34.421849924107086,8.879986371479529,9.705632883736092,12.618986302215742,"POLYGON Z ((2363625.16291194 6166538.63258757 -9705.63288373609, 2376335.10658039 6158615.5246253 -8879.98637147953, 2384270.24437527 6171344.76608645 -8879.98637147953, 2371560.30070682 6179267.87404871 -9705.63288373609, 2363625.16291194 6166538.63258757 -9705.63288373609))",2d_linear_centroids_interior,-178.59738967086392,-34.33151180953144
81,2,-178.62110337054978,-34.21843945104248,-178.68705565073373,-34.34107048692581,9.76519992873313,11.129444876615583,12.635602764013797,"POLYGON Z ((2352487.45020436 6175755.97852617 -11129.4448766156, 2365579.89096041 6168563.84179419 -9765.19992873313, 2372801.95962164 6181710.77011424 -9765.19992873313, 2359709.51886559 6188902.90684622 -11129.4448766156, 2352487.45020436 6175755.97852617 -11129.4448766156))",2d_linear_centroids_interior,-178.72759782354706,-34.252470043359644
81,3,-178.7501433536588,-34.141592719982214,-178.81980699002938,-34.26280939567406,10.99420391714605,13.204426279438673,12.652156393451888,"POLYGON Z ((2341202.19504169 6185731.12637677 -13204.4262794387, 2354029.42889887 6178276.12881256 -10994.2039171461, 2361566.6981064 6191244.92108066 -10994.2039171461, 2348739.46424922 6198699.91864488 -13204.4262794387, 2341202.19504169 6185731.12637677 -13204.4262794387))",2d_linear_centroids_interior,-178.85708140258942,-34.173552533976626
81,4,-178.8801139486649,-34.06055435477947,-178.94554962939085,-34.18339573122142,13.31946327761827,16.71807524335795,12.668503696570669,"POLYGON Z ((2330268.74829255 6195007.16011867 -16718.075243358, 2343114.05635593 6188046.73646323 -13319.4632776183, 2350260.32645787 6201235.0200373 -13319.4632776183, 2337415.0183945 6208195.44369274 -16718.075243358, 2330268.74829255 6195007.16011867 -16718.075243358))",2d_linear_centroids_interior,-178.98472401979538,-34.09544872996719
81,5,-179.01002184172302,-33.97873103782666,-179.0688927048606,-34.10386112333366,16.278471175397357,20.971393835489422,12.684679560603456,"POLYGON Z ((2319579.49882485 6204011.9929112 -20971.3938354894, 2332399.34102372 6197796.84022583 -16278.4711753974, 2338942.99319443 6211294.27021338 -16278.4711753974, 2326123.15099556 6217509.42289875 -20971.3938354894, 2319579.49882485 6204011.9929112 -20971.3938354894))",2d_linear_centroids_interior,-179.11080629746542,-34.017998889945126
81,6,-179.13208303575902,-33.90651477467091,-179.1968696823707,-34.029612455273316,20.92988261382783,27.156141761973526,12.700209447131677,"POLYGON Z ((2309147.17792275 6213398.29821506 -27156.1417619735, 2321188.13471506 6206975.75537395 -20929.8826138278, 2328247.55659338 6220210.7303548 -20929.8826138278, 2316206.59980108 6226633.27319591 -27156.1417619735, 2309147.17792275 6213398.29821506 -27156.1417619735))",2d_linear_centroids_interior,-179.2316463777479,-33.943488421027276
81,7,-179.25243876147357,-33.831589285929574,-179.31403542062657,-33.95582831718292,26.880679138855637,34.101975973214955,12.715251018812559,"POLYGON Z ((2299217.51958376 6221935.15421529 -34101.975973215, 2310954.27456843 6216010.50617007 -26880.6791388556, 2317713.78924267 6229401.13578068 -26880.6791388556, 2305977.034258 6235325.78382591 -34101.975973215, 2299217.51958376 6221935.15421529 -34101.975973215))",2d_linear_centroids_interior,-179.3484936979852,-33.871178316765025
81,8,-179.36461907186305,-33.762948731507954,-179.42746863490828,-33.88675933531404,34.25443184960154,42.18486493974318,12.729494913641137,"POLYGON Z ((2289685.4808398 6230302.78558262 -42184.8649397432, 2301008.55758776 6224480.74436303 -34254.4318496015, 2307867.6081077 6237820.66287721 -34254.4318496015, 2296544.53135974 6243642.7040968 -42184.8649397432, 2289685.4808398 6230302.78558262 -42184.8649397432))",2d_linear_centroids_interior,-179.45896954433113,-33.80257443391905
81,9,-179.47488540267616,-33.69463348143226,-179.5371680386133,-33.81865174994958,42.06451751309166,50.59562997076851,12.74345203961572,"POLYGON Z ((2280385.27286818 6238394.74646816 -50595.6299707685, 2291384.34694342 6232805.42721428 -42064.5175130917, 2298179.73316606 6246177.88869619 -42064.5175130917, 2287180.65909082 6251767.20795007 -50595.6299707685, 2280385.27286818 6238394.74646816 -50595.6299707685))",2d_linear_centroids_interior,-179.5670564614025,-33.735231208764944
82,0,-178.28968711049976,-34.2564263521808,-178.3631402987266,-34.37600945900644,8.20634347079006,8.915297471075188,12.73394414933658,"POLYGON Z ((2382440.46970789 6170081.84395784 -8915.29747107519, 2395157.78672929 6162159.26659926 -8206.34347079006, 2403089.22785722 6174890.81173856 -8206.34347079006, 2390371.91083583 6182813.38909715 -8915.29747107519, 2382440.46970789 6170081.84395784 -8915.29747107519))",nearest_neighbor_boundary,-178.3983482160975,-34.28575476080322
82,1,-178.4199025004354,-34.17847169743386,-178.4949137371911,-34.297391874274744,8.909629667897121,9.73686557622782,12.695881689074517,"POLYGON Z ((2371097.34004403 6179989.6201662 -9736.86557622782, 2383731.83051473 6171946.90101795 -8909.62966789712, 2391786.80827168 6184600.64881594 -8909.62966789712, 2379152.31780098 6192643.36796419 -9736.86557622782, 2371097.34004403 6179989.6201662 -9736.86557622782))",2d_linear_centroids_interior,-178.5288464730818,-34.20680689897721
82,2,-178.55168405044435,-34.09576140713308,-178.62078533020377,-34.2171337204221,9.75719503302186,11.140377647453498,12.712497607684744,"POLYGON Z ((2359918.27953342 6189338.85774911 -11140.3776474535, 2372843.41024983 6181853.68561891 -9757.19503302186, 2380360.61030528 6194834.1210248 -9757.19503302186, 2367435.47958886 6202319.293155 -11140.3776474535, 2359918.27953342 6189338.85774911 -11140.3776474535))",2d_linear_centroids_interior,-178.65888015230834,-34.127822830886196
82,3,-178.68411082872257,-34.01141822773636,-178.74432062054083,-34.13603343031955,10.952404693762535,13.100534550258704,12.729062455819019,"POLYGON Z ((2348878.21218302 6198459.61187539 -13100.5345502587, 2362155.97423083 6191819.83980691 -10952.4046937625, 2368864.89841339 6205235.88752271 -10952.4046937625, 2355587.13636558 6211875.65959119 -13100.5345502587, 2348878.21218302 6198459.61187539 -13100.5345502587))",2d_linear_centroids_interior,-178.7882834333711,-34.04890697438819
82,4,-178.81076539257248,-33.93798695277619,-178.88005264463422,-34.05930128545223,12.904355825701106,16.262047866358767,12.745484792210235,"POLYGON Z ((2337619.16390198 6208688.48494635 -16262.0478663588, 2350277.14953638 6201374.02639909 -12904.3558257011, 2357782.04868518 6214361.57769894 -12904.3558257011, 2345124.06305079 6221676.0362462 -16262.0478663588, 2337619.16390198 6208688.48494635 -16262.0478663588))",2d_linear_centroids_interior,-178.91634640734216,-33.97049913497515
82,5,-178.94054948567333,-33.85575942916279,-179.00253645757314,-33.97979415119652,15.914901901794794,20.70877902809161,12.761625681538714,"POLYGON Z ((2326976.9314258 6217600.51304625 -20708.7790280916, 2339627.66512711 6211121.49468567 -15914.9019017948, 2346465.28004455 6224472.41309007 -15914.9019017948, 2333814.54634324 6230951.43145064 -20708.7790280916, 2326976.9314258 6217600.51304625 -20708.7790280916))",2d_linear_centroids_interior,-179.0419947555087,-33.89327030611651
82,6,-179.06218437693497,-33.78071502135213,-179.12220093225085,-33.90543313127912,21.289348119318813,27.350936432178766,12.77687698632764,"POLYGON Z ((2316873.41596602 6226339.844387 -27350.9364321788, 2329173.70127998 6220260.36017199 -21289.3481193188, 2335820.03674159 6233707.52436864 -21289.3481193188, 2323519.75142763 6239787.00858365 -27350.9364321788, 2316873.41596602 6226339.844387 -27350.9364321788))",2d_linear_centroids_interior,-179.1605182169744,-33.82014873328878
82,7,-179.1840873540987,-33.706169190936095,-179.244594324659,-33.830733652997154,26.493320737189332,33.602324071852806,12.792273841751506,"POLYGON Z ((2306621.28904871 6235319.76028944 -33602.3240718528, 2318449.3826326 6229441.13172843 -26493.3207371893, 2325125.38937855 6242873.589952 -26493.3207371893, 2313297.29579466 6248752.21851302 -33602.3240718528, 2306621.28904871 6235319.76028944 -33602.3240718528))",2d_linear_centroids_interior,-179.27997608358845,-33.74618328141575
82,8,-179.29589780055832,-33.63811088695135,-179.3584544755901,-33.76197644715331,33.824986980766816,41.80025066571264,12.806464299010845,"POLYGON Z ((2297145.27059598 6243685.49461584 -41800.2506657126, 2308448.4825334 6237886.13525006 -33824.9869807668, 2315295.88751795 6251232.03518141 -33824.9869807668, 2303992.67558053 6257031.39454719 -41800.2506657126, 2297145.27059598 6243685.49461584 -41800.2506657126))",2d_linear_centroids_interior,-179.38989926564167,-33.677884129671504
82,9,-179.40572030727725,-33.56926741014666,-179.4658715074389,-33.69397192546678,41.82500499968493,50.18769018875527,12.820394678204094,"POLYGON Z ((2287848.25161363 6251684.0032843 -50187.6901887553, 2299023.29584944 6246190.0172308 -41825.0049996849, 2305641.21145817 6259651.19076789 -41825.0049996849, 2294466.16722236 6265145.17682139 -50187.6901887553, 2287848.25161363 6251684.0032843 -50187.6901887553))",2d_linear_centroids_interior,-179.49764504959973,-33.61071695118482
83,0,-178.23188052330013,-34.12504039877651,-178.30425623960903,-34.24501112388415,8.30456648784906,9.03299009352874,12.73394414933658,"POLYGON Z ((2389085.23807669 6184119.48786447 -9032.99009352874, 2401851.60904382 6176277.98473177 -8304.56648784906, 2409702.3745819 6189059.4353719 -8304.56648784906, 2396936.00361477 6196900.93850461 -9032.99009352874, 2389085.23807669 6184119.48786447 -9032.99009352874))",nearest_neighbor_boundary,-178.34011921275334,-34.15496357322723
83,1,-178.36336360063254,-34.0435814094218,-178.4315877005373,-34.165229711703596,8.985311911888898,9.817922977670863,12.77405095688031,"POLYGON Z ((2377841.54271039 6193623.06805544 -9817.92297767086, 2390830.29766436 6186166.5941194 -8985.3119118889, 2398298.28517918 6199175.405075 -8985.3119118889, 2385309.53022522 6206631.87901104 -9817.92297767086, 2377841.54271039 6193623.06805544 -9817.92297767086))",2d_linear_centroids_interior,-178.47044067869555,-34.07604873946704
83,2,-178.49224975162778,-33.96755231441271,-178.56530813912389,-34.08724922528299,9.843877208336574,11.227196780085018,12.790669646943805,"POLYGON Z ((2366470.30752722 6203736.07144929 -11227.196780085, 2379177.56459918 6195886.73742217 -9843.87720833657, 2387060.49143973 6208648.37777232 -9843.87720833657, 2374353.23436776 6216497.71179944 -11227.196780085, 2366470.30752722 6203736.07144929 -11227.196780085))",2d_linear_centroids_interior,-178.6003084188138,-33.9970925680356
83,3,-178.62252332303262,-33.88697403052425,-178.69297859753937,-34.00775470319149,11.228419878549705,13.405341549791704,12.807218733888408,"POLYGON Z ((2355302.81560467 6213267.49255191 -13405.3415497917, 2368076.16620211 6205710.8711804 -11228.4198785497, 2375713.64655572 6218620.90192584 -11228.4198785497, 2362940.29595829 6226177.52329735 -13405.3415497917, 2355302.81560467 6213267.49255191 -13405.3415497917))",2d_linear_centroids_interior,-178.729403556621,-33.91829310114091
83,4,-178.755566957974,-33.80009685298171,-178.81224609924257,-33.92582624756016,13.11563514357814,16.439932038668175,12.823650256492233,"POLYGON Z ((2344519.59247923 6221956.34843157 -16439.9320386682, 2357753.40142673 6215726.15173368 -13115.6351435781, 2364142.47421598 6229297.4357147 -13115.6351435781, 2350908.66526849 6235527.63241259 -16439.9320386682, 2344519.59247923 6221956.34843157 -16439.9320386682))",2d_linear_centroids_interior,-178.8573562137718,-33.83988277225669
83,5,-178.8790524925942,-33.72770500405323,-178.94344754341245,-33.850833456418286,16.73946125539673,21.535892727478263,12.839565523315395,"POLYGON Z ((2333703.29518441 6231738.10936452 -21535.8927274783, 2346239.42238233 6225041.85966703 -16739.4612553967, 2353306.7203238 6238272.63061231 -16739.4612553967, 2340770.59312587 6244968.8803098 -21535.8927274783, 2333703.29518441 6231738.10936452 -21535.8927274783))",2d_linear_centroids_interior,-178.98107502962355,-33.76377492361077
83,6,-179.00450469891652,-33.64969827780119,-179.06561173283123,-33.77400092940066,20.8277340910595,26.912427196557758,12.855276475222318,"POLYGON Z ((2323319.04804869 6240655.85527015 -26912.4271965578, 2335559.45013529 6234479.36220609 -20827.7340910595, 2342316.87812346 6247871.04496013 -20827.7340910595, 2330076.47603686 6254047.53802419 -26912.4271965578, 2323319.04804869 6240655.85527015 -26912.4271965578))",2d_linear_centroids_interior,-179.10299964041732,-33.68848966279807
83,7,-179.12063334511052,-33.579278128714726,-179.18388080760047,-33.70284072240588,27.304662329930398,34.51237075553423,12.869990376206937,"POLYGON Z ((2313509.02399919 6249325.66154562 -34512.3707555342, 2325172.81030156 6243242.48570202 -27304.6623299304, 2332109.25868514 6256542.3234387 -27304.6623299304, 2320445.47238277 6262625.4992823 -34512.3707555342, 2313509.02399919 6249325.66154562 -34512.3707555342))",2d_linear_centroids_interior,-179.21700142005974,-33.617843869286745
83,8,-179.2384634546837,-33.50569974478466,-179.29887530477453,-33.630261542093145,33.74314393732583,41.713340784417525,12.884813029138332,"POLYGON Z ((2303701.17731957 6257774.34595656 -41713.3407844175, 2315084.20906898 6252126.11168287 -33743.1439373258, 2321751.50942698 6265562.89351247 -33743.1439373258, 2310368.47767757 6271211.12778616 -41713.3407844175, 2303701.17731957 6257774.34595656 -41713.3407844175))",2d_linear_centroids_interior,-179.33166495166014,-33.54654149819007
83,9,-179.34668951360746,-33.43852981635824,-179.40614881210564,-33.563422486404036,41.96636707492518,50.58411692940871,12.898502012490258,"POLYGON Z ((2294611.5973526 6265680.70255421 -50584.1169294087, 2305649.23929539 6260304.37966693 -41966.3670749252, 2312217.80324189 6273789.7038262 -41966.3670749252, 2301180.1612991 6279166.02671348 -50584.1169294087, 2294611.5973526 6265680.70255421 -50584.1169294087))",2d_linear_centroids_interior,-179.4373978054424,-33.480573355891735
84,0,-178.1909428810652,-33.98230481936186,-178.25954191784263,-34.1037406585974,8.523291960941783,9.231532581066807,12.884626059860713,"POLYGON Z ((2394385.55896844 6199172.47466343 -9231.53258106681, 2407345.15182541 6191652.67757801 -8523.29196094178, 2414873.34509895 6204626.7403972 -8523.29196094178, 2401913.75224199 6212146.53748261 -9231.53258106681, 2394385.55896844 6199172.47466343 -9231.53258106681))",nearest_neighbor_boundary,-178.29805771351784,-34.01447714060366
84,1,-178.32008805179285,-33.90601357643689,-178.39289383312493,-34.02574782477184,9.15041157614482,10.102297692645164,12.854265635921696,"POLYGON Z ((2382996.13665284 6209264.91683863 -10102.2976926452, 2395729.33155507 6201393.47094839 -9150.41157614482, 2403616.67484556 6214152.38218007 -9150.41157614482, 2390883.47994333 6222023.82807031 -10102.2976926452, 2382996.13665284 6209264.91683863 -10102.2976926452))",2d_linear_centroids_interior,-178.4281521130122,-33.93558674058828
84,2,-178.4510647278428,-33.82426024650665,-178.51927950131895,-33.94586573822938,10.172882689983755,11.700199231204108,12.870865193799295,"POLYGON Z ((2371811.04213314 6218697.87397796 -11700.1992312041, 2384754.18700383 6211272.087485 -10172.8826899838, 2392218.76897694 6224282.85287243 -10172.8826899838, 2379275.62410624 6231708.63936539 -11700.1992312041, 2371811.04213314 6218697.87397796 -11700.1992312041))",2d_linear_centroids_interior,-178.55765554467885,-33.8567405426728
84,3,-178.58074547100682,-33.74463493936741,-178.64775298461404,-33.86671624160975,11.581724186313084,13.925686540872958,12.887400486950899,"POLYGON Z ((2360636.26027207 6228320.08014019 -13925.686540873, 2373555.80608633 6221068.1027248 -11581.7241863131, 2380897.97990672 6234148.33527591 -11581.7241863131, 2367978.43409245 6241400.31269131 -13925.686540873, 2360636.26027207 6228320.08014019 -13925.686540873))",2d_linear_centroids_interior,-178.68643110656996,-33.7780264033745
84,4,-178.70902696944447,-33.66626322674453,-178.77611617344525,-33.78832277806676,13.888179983800175,17.38078215460763,12.903753396392553,"POLYGON Z ((2349613.58250927 6237895.13697992 -17380.7821546076, 2362338.22672537 6230761.75351553 -13888.1799838002, 2369673.21210537 6243846.01847292 -13888.1799838002, 2356948.56788926 6250979.40193731 -17380.7821546076, 2349613.58250927 6237895.13697992 -17380.7821546076))",2d_linear_centroids_interior,-178.8135643224205,-33.70001157677414
84,5,-178.8360070685126,-33.58701592365014,-178.89925403817838,-33.71051019600463,17.29608558325097,22.193906209350434,12.919706656217052,"POLYGON Z ((2339027.89528454 6246928.64293349 -22193.9062093504, 2351579.23599665 6240335.07034779 -17296.085583251, 2358555.16026258 6253614.24504488 -17296.085583251, 2346003.81955047 6260207.81763059 -22193.9062093504, 2339027.89528454 6246928.64293349 -22193.9062093504))",2d_linear_centroids_interior,-178.93737818874678,-33.623742546220306
84,6,-178.96047531089798,-33.509935822105035,-179.02131716128807,-33.634284377824926,21.862104363985043,28.134381941342863,12.93531753942856,"POLYGON Z ((2328714.87301357 6255835.04678076 -28134.3819413429, 2340885.28612236 6249708.09168429 -21862.104363985, 2347630.23244916 6263106.06537618 -21862.104363985, 2335459.81934038 6269233.02047264 -28134.3819413429, 2328714.87301357 6255835.04678076 -28134.3819413429))",2d_linear_centroids_interior,-179.05833220124782,-33.54895757639672
84,7,-179.0784207439409,-33.437757082570556,-179.13999223865673,-33.561864804812686,27.896839154977197,35.19799701887706,12.950254294871318,"POLYGON Z ((2318773.3019659 6264555.27640003 -35197.9970188771, 2330454.07127212 6258617.87610517 -27896.8391549772, 2337250.97589097 6271989.56588627 -27896.8391549772, 2325570.20658476 6277926.96618114 -35197.9970188771, 2318773.3019659 6264555.27640003 -35197.9970188771))",2d_linear_centroids_interior,-179.17387569285242,-33.47726147850896
84,8,-179.19609274105596,-33.363310963460194,-179.2519092673747,-33.489327267133135,34.488273629185656,42.50499608462919,12.964963942487898,"POLYGON Z ((2309114.81459614 6272771.98976273 -42504.9960846292, 2320634.99417799 6267478.82214075 -34488.2736291857, 2326897.60630126 6281108.92446588 -34488.2736291857, 2315377.42671941 6286402.09208785 -42504.9960846292, 2309114.81459614 6272771.98976273 -42504.9960846292))",2d_linear_centroids_interior,-179.28748364131425,-33.40652195226893
84,9,-179.29814630320539,-33.30142250662342,-179.357828144989,-33.426197522867,43.38003214203555,52.071206699156164,12.980829514304405,"POLYGON Z ((2300301.95717476 6280618.26066757 -52071.2066991562, 2311280.25819172 6275238.63320847 -43380.0321420356, 2317880.74410941 6288708.36170055 -43380.0321420356, 2306902.44309246 6294087.98915965 -52071.2066991562, 2300301.95717476 6280618.26066757 -52071.2066991562))",2d_linear_centroids_interior,-179.38855434877587,-33.34338503691387
85,0,-178.1491395711282,-33.84420177790045,-178.22266720112208,-33.96355867827775,8.641394019266151,9.41711134494257,12.884626059860713,"POLYGON Z ((2399424.82558788 6214936.25071251 -9417.11134494257, 2412110.24886682 6206968.92375396 -8641.39401926615, 2420088.25110557 6219671.34400675 -8641.39401926615, 2407402.82782663 6227638.6709653 -9417.11134494257, 2399424.82558788 6214936.25071251 -9417.11134494257))",nearest_neighbor_boundary,-178.2573342882383,-33.873242917364195
85,1,-178.28039656676694,-33.76221254265272,-178.34888669527817,-33.88364444671193,9.34498277234749,10.362904605429847,12.93463711466535,"POLYGON Z ((2388202.70703606 6224368.96368781 -10362.9046054298, 2401154.10955792 6216870.63001569 -9344.98277234749, 2408669.76867053 6229851.95768674 -9344.98277234749, 2395718.36614866 6237350.29135885 -10362.9046054298, 2388202.70703606 6224368.96368781 -10362.9046054298))",2d_linear_centroids_interior,-178.38717870446817,-33.79438808857714
85,2,-178.41121737486154,-33.680704048229025,-178.4754562049728,-33.8037556370784,10.304133240863425,11.918465916234283,12.951243240543757,"POLYGON Z ((2377017.18020802 6233834.74829682 -11918.4659162343, 2390142.54764177 6226755.29494628 -10304.1332408634, 2397263.35962138 6239957.34163424 -10304.1332408634, 2384137.99218763 6247036.79498478 -11918.4659162343, 2377017.18020802 6233834.74829682 -11918.4659162343))",2d_linear_centroids_interior,-178.51651716889776,-33.71552757757237
85,3,-178.54063908405783,-33.60087772055802,-178.60289710990355,-33.724650879657915,12.064921786533343,14.627436811736867,12.967723642572128,"POLYGON Z ((2365911.48836211 6243368.5078011 -14627.4368117369, 2379020.14907136 6236542.34261444 -12064.9217865333, 2385948.15760068 6249846.5786999 -12064.9217865333, 2372839.49689143 6256672.74388656 -14627.4368117369, 2365911.48836211 6243368.5078011 -14627.4368117369))",2d_linear_centroids_interior,-178.6446527500008,-33.63709222923492
85,4,-178.66873733250506,-33.523170773524086,-178.73257942427915,-33.64639062078412,14.157206690511781,17.872800267030026,12.984123119257028,"POLYGON Z ((2354834.44942109 6253070.49491434 -17872.80026703, 2367659.07739352 6246235.05186046 -14157.2066905118, 2374714.39820151 6259472.21350094 -14157.2066905118, 2361889.77022908 6266307.65655483 -17872.80026703, 2354834.44942109 6253070.49491434 -17872.80026703))",2d_linear_centroids_interior,-178.7719383281761,-33.558873161100585
85,5,-178.79485964242636,-33.44463561352371,-178.85531265274116,-33.56905988318387,18.03393777059094,23.100800862119865,12.999998966435186,"POLYGON Z ((2344299.99012879 6262095.06026924 -23100.8008621199, 2356914.90451049 6255755.43618306 -18033.9377705909, 2363650.43507602 6269158.14590911 -18033.9377705909, 2351035.52069432 6275497.7699953 -23100.8008621199, 2344299.99012879 6262095.06026924 -23100.8008621199))",2d_linear_centroids_interior,-178.89495025603048,-33.48299216271746
85,6,-178.91803933091174,-33.36899470937371,-178.97796602046188,-33.49361047637478,22.6901533261022,29.099487475552053,13.015538484646429,"POLYGON Z ((2333995.24315953 6271083.5688461 -29099.4874755521, 2346140.88803529 6265050.01712985 -22690.1533261022, 2352814.32104242 6278483.75420854 -22690.1533261022, 2340668.67616667 6284517.30592479 -29099.4874755521, 2333995.24315953 6271083.5688461 -29099.4874755521))",2d_linear_centroids_interior,-179.01515695810707,-33.408567762825676
85,7,-179.03588917287985,-33.29562297610014,-179.09321222946147,-33.421109933442445,28.921829446022116,36.24960191879008,13.03037737381328,"POLYGON Z ((2324185.33613578 6279553.02357511 -36249.6019187901, 2336012.66575632 6273947.84519842 -28921.8294460221, 2342436.54341287 6287502.68919802 -28921.8294460221, 2330609.21379234 6293107.86757472 -36249.6019187901, 2324185.33613578 6279553.02357511 -36249.6019187901))",2d_linear_centroids_interior,-179.12976025765514,-33.33736041848721
85,8,-179.14977785018593,-33.22587439067935,-179.20848097093,-33.35092345902487,35.877574042696914,44.08396005212327,13.04485714465642,"POLYGON Z ((2314542.88074236 6288044.93962469 -44083.9600521233, 2325844.59923762 6282574.4380281 -35877.5740426969, 2332379.87952948 6296075.92355774 -35877.5740426969, 2321078.16103422 6301546.42515432 -44083.9600521233, 2314542.88074236 6288044.93962469 -44083.9600521233))",2d_linear_centroids_interior,-179.24141735657187,-33.267746717220945
85,9,-179.2551468236284,-33.16044995335272,-179.31385221354347,-33.28550900524472,44.430429577660675,53.08717962990518,13.084810094050415,"POLYGON Z ((2305513.51326206 6295914.90540861 -53087.1796299052, 2316544.49763136 6290587.79902924 -44430.4295776607, 2323067.52462323 6304095.20880548 -44430.4295776607, 2312036.54025393 6309422.31518486 -53087.1796299052, 2305513.51326206 6295914.90540861 -53087.1796299052))",2d_linear_centroids_interior,-179.34522747668706,-33.202815381618564
86,0,-178.0981987478907,-33.707156928229935,-178.16693746294925,-33.828422887200055,8.696348990585443,9.500862372396801,13.035307970384864,"POLYGON Z ((2405652.64766322 6229126.76128483 -9500.8623723968, 2418586.28738042 6221572.04607615 -8696.34899058544, 2426151.8921494 6234524.32867342 -8696.34899058544, 2413218.2524322 6242079.0438821 -9500.8623723968, 2405652.64766322 6229126.76128483 -9500.8623723968))",nearest_neighbor_boundary,-178.20502178986987,-33.73910241704139
86,1,-178.22687031567474,-33.63093281748329,-178.29974598627533,-33.750510259196574,9.507233335908893,10.548531643454172,13.013508221851282,"POLYGON Z ((2394272.74392642 6239209.06275058 -10548.5316434542, 2406980.82386919 6231308.4044234 -9507.23333590889, 2414900.58839365 6244047.2163726 -9507.23333590889, 2402192.50845088 6251947.87469978 -10548.5316434542, 2394272.74392642 6239209.06275058 -10548.5316434542))",2d_linear_centroids_interior,-178.33461537181475,-33.66031216798811
86,2,-178.35734509035564,-33.549329812310724,-178.4257501739771,-33.67074788699468,10.607500561492138,12.285298516342662,13.030094859291403,"POLYGON Z ((2383098.10748783 6248638.74042127 -12285.2985163427, 2396003.15415427 6241179.19857477 -10607.5005614921, 2403509.80215574 6254165.73913729 -10607.5005614921, 2390604.7554893 6261625.2809838 -12285.2985163427, 2383098.10748783 6248638.74042127 -12285.2985163427))",2d_linear_centroids_interior,-178.46360756441206,-33.58157650192431
86,3,-178.48715837340058,-33.46864288291865,-178.55247346013113,-33.59125758988566,12.124062508687347,14.783911147966757,13.046609860029978,"POLYGON Z ((2371991.24316682 6258109.14534467 -14783.9111479668, 2384933.58140423 6251008.36467178 -12124.0625086873, 2392148.70251997 6264159.10713314 -12124.0625086873, 2379206.36428256 6271259.88780603 -14783.9111479668, 2371991.24316682 6258109.14534467 -14783.9111479668))",2d_linear_centroids_interior,-178.59182011237405,-33.503008946116466
86,4,-178.61528443082278,-33.389883174922275,-178.6798714508676,-33.51277968847579,14.519386280048941,18.360053153823497,13.062942751924645,"POLYGON Z ((2361015.08982605 6267610.09200371 -18360.0531538235, 2373769.63497269 6260712.92910388 -14519.3862800489, 2380904.64332741 6273907.30880806 -14519.3862800489, 2368150.09818076 6280804.47170789 -18360.0531538235, 2361015.08982605 6267610.09200371 -18360.0531538235))",2d_linear_centroids_interior,-178.71840085169896,-33.42514009312531
86,5,-178.74372005982823,-33.307632752419956,-178.79889503926972,-33.433725928777804,18.19033886853463,23.352498410487804,13.078895672554953,"POLYGON Z ((2350576.01950953 6276289.60803197 -23352.4984104878, 2363370.30810934 6270402.4790128 -18190.3388685346, 2369640.43603583 6284029.12554764 -18190.3388685346, 2356846.14743603 6289916.25456681 -23352.4984104878, 2350576.01950953 6276289.60803197 -23352.4984104878))",2d_linear_centroids_interior,-178.84182784238374,-33.348922881106084
86,6,-178.86427081873126,-33.23516806328708,-178.92376746577784,-33.35988410781784,23.139844717433842,29.447868319726346,13.094370435626363,"POLYGON Z ((2340158.40790593 6285570.02824976 -29447.8683197263, 2352358.50228224 6279539.56098411 -23139.8447174338, 2359005.28328103 6292986.50496236 -23139.8447174338, 2346805.18890472 6299016.97222801 -29447.8683197263, 2340158.40790593 6285570.02824976 -29447.8683197263))",2d_linear_centroids_interior,-178.96135838461072,-33.27484009011673
86,7,-178.98008948619017,-33.1637128829202,-179.03879759844162,-33.28870486991482,29.762993043772795,37.17118835309908,13.108985565987393,"POLYGON Z ((2330494.98508239 6293999.01071645 -37171.1883530991, 2342223.82555979 6288293.49204462 -29762.9930437728, 2348785.43589627 6301782.20101887 -29762.9930437728, 2337056.59541887 6307487.7196907 -37171.1883530991, 2330494.98508239 6293999.01071645 -37171.1883530991))",2d_linear_centroids_interior,-179.07407112277852,-33.204737804471606
86,8,-179.09510123527514,-33.09246348933914,-179.15319922626028,-33.21766926671027,36.5817906935201,44.75788787708632,13.123588668734174,"POLYGON Z ((2320792.08946856 6302456.48098953 -44757.8878770863, 2332128.83409299 6297013.16801255 -36581.7906935201, 2338621.42436516 6310535.23411052 -36581.7906935201, 2327284.67974073 6315978.5470875 -44757.8878770863, 2320792.08946856 6302456.48098953 -44757.8878770863))",2d_linear_centroids_interior,-179.18651887322747,-33.13456316934194
86,9,-179.2039224108927,-33.024604720972484,-179.26130029393372,-33.150057100545844,44.607346404347844,53.23720215246841,13.180422987999883,"POLYGON Z ((2311486.98171478 6310540.81436244 -53237.2021524684, 2322577.57671492 6305294.45445203 -44607.3464043478, 2328991.80143242 6318853.86894062 -44607.3464043478, 2317901.20643229 6324100.22885103 -53237.2021524684, 2311486.98171478 6310540.81436244 -53237.2021524684))",2d_linear_centroids_interior,-179.29353048354034,-33.06756092638052
87,0,-178.0174152803548,-33.5914900928583,-178.0882210522007,-33.71186082689702,8.700327021990843,9.518071858178688,13.035307970384864,"POLYGON Z ((2414221.201081 6241674.18441863 -9518.07185817869, 2427035.15444555 6233919.5798153 -8700.32702199084, 2434801.30825517 6246752.61745279 -8700.32702199084, 2421987.35489062 6254507.22205613 -9518.07185817869, 2414221.201081 6241674.18441863 -9518.07185817869))",nearest_neighbor_boundary,-178.1246339823689,-33.62208756339847
87,1,-178.1481407989203,-33.51018891705003,-178.21483582806496,-33.632202077045925,9.373822785831038,10.40984005992546,13.088774432767856,"POLYGON Z ((2402984.42454308 6251176.68302053 -10409.8400599255, 2416009.70077746 6243809.94376724 -9373.82278583104, 2423394.07415889 6256866.39924963 -9373.82278583104, 2410368.79792451 6264233.13850292 -10409.8400599255, 2402984.42454308 6251176.68302053 -10409.8400599255))",2d_linear_centroids_interior,-178.25415323582612,-33.54332228020026
87,2,-178.2766960999669,-33.433087466633076,-178.34623051931084,-33.55399507870749,10.351435247580604,11.92780771649795,13.105383659282985,"POLYGON Z ((2391655.95867715 6261140.7761656 -11927.8077164979, 2404502.47367888 6253559.0809627 -10351.4352475806, 2412126.38586174 6266477.12892003 -10351.4352475806, 2399279.87086002 6274058.82412293 -11927.8077164979, 2391655.95867715 6261140.7761656 -11927.8077164979))",2d_linear_centroids_interior,-178.38317519153895,-33.464548752725314
87,3,-178.40785597193246,-33.348762673972566,-178.4677741809212,-33.47324556526991,12.050776255458644,14.457218516950608,13.121871592826286,"POLYGON Z ((2380690.88702483 6270154.76698688 -14457.2185169506, 2393915.27128116 6263497.08745997 -12050.7762554586, 2400660.31733814 6276895.01094419 -12050.7762554586, 2387435.93308181 6283552.69047111 -14457.2185169506, 2380690.88702483 6270154.76698688 -14457.2185169506))",2d_linear_centroids_interior,-178.51103440537244,-33.38617898595427
87,4,-178.53491347498291,-33.272245266315494,-178.59806015119776,-33.39561417233286,14.219607354006515,17.793545865914624,13.138249025096052,"POLYGON Z ((2369587.85403807 6279957.46734353 -17793.5458659146, 2382461.46785361 6273138.59420779 -14219.6073540065, 2389482.54248442 6286393.95203127 -14219.6073540065, 2376608.92866888 6293212.82516701 -17793.5458659146, 2369587.85403807 6279957.46734353 -17793.5458659146))",2d_linear_centroids_interior,-178.63781956276682,-33.308166382735635
87,5,-178.66045683693494,-33.194610107829654,-178.72197261542846,-33.31857134506365,17.904301671272183,22.807566753939962,13.15417465286432,"POLYGON Z ((2358969.00512802 6289131.60842225 -22807.56675394, 2371575.98496621 6282649.1666841 -17904.3016712722, 2378435.24457736 6295988.97768677 -17904.3016712722, 2365828.26473917 6302471.41942492 -22807.56675394, 2358969.00512802 6289131.60842225 -22807.56675394))",2d_linear_centroids_interior,-178.76089989901476,-33.23214631105582
87,6,-178.7844630236171,-33.11708908129725,-178.84236267921787,-33.24228800661716,22.535941882297404,28.598387854496256,13.169801607648523,"POLYGON Z ((2348634.78891185 6297994.40495993 -28598.3878544963, 2360992.38668709 6292033.15290522 -22535.9418822974, 2367509.64601038 6305543.34649795 -22535.9418822974, 2355152.04823515 6311504.59855266 -28598.3878544963, 2348634.78891185 6297994.40495993 -28598.3878544963))",2d_linear_centroids_interior,-178.88147370609954,-33.15739993598364
87,7,-178.90286023232147,-33.04447620336155,-178.9612467623835,-33.16952885952429,28.451829079265746,35.68390884880458,13.184812781077598,"POLYGON Z ((2338675.80989958 6306734.74970889 -35683.9088488046, 2350499.31585189 6300998.74681464 -28451.8290792657, 2357046.55487611 6314494.43728085 -28451.8290792657, 2345223.0489238 6320230.44017509 -35683.9088488046, 2338675.80989958 6306734.74970889 -35683.9088488046))",2d_linear_centroids_interior,-178.99711168306035,-33.0854580459864
87,8,-179.01570282400274,-32.97351893280667,-179.07003455793838,-33.09987329758817,35.759562409549424,43.77639956717781,13.19900010749149,"POLYGON Z ((2329349.23730985 6314742.85490346 -43776.3995671778, 2340906.92258681 6309532.26635447 -35759.5624095494, 2347071.86653609 6323206.8217806 -35759.5624095494, 2335514.18125913 6328417.41032958 -43776.3995671778, 2329349.23730985 6314742.85490346 -43776.3995671778))",2d_linear_centroids_interior,-179.10623718093424,-33.01733833959943
87,9,-179.12755591460322,-32.90492811260145,-179.1845123413461,-33.03047305085724,42.618218146456556,51.27337599743474,13.25117266681868,"POLYGON Z ((2319678.85399777 6323284.17924635 -51273.3759974347, 2330762.50102628 6318064.88704126 -42618.2181464566, 2337152.92297218 6331635.53578601 -42618.2181464566, 2326069.27594367 6336854.82799111 -51273.3759974347, 2319678.85399777 6323284.17924635 -51273.3759974347))",2d_linear_centroids_interior,-179.2168266628962,-32.948077353556464
88,0,-177.93703403717163,-33.47233103184305,-178.00256186848563,-33.59471646355161,8.571640150501766,9.377353921757736,13.185989880908991,"POLYGON Z ((2423075.74917721 6253572.25424742 -9377.35392175774, 2436154.61522834 6246271.97424352 -8571.64015050177, 2443465.44953624 6259369.74892942 -8571.64015050177, 2430386.5834851 6266670.02893332 -9377.35392175774, 2423075.74917721 6253572.25424742 -9377.35392175774))",nearest_neighbor_boundary,-178.0427226222852,-33.506099518593864
88,1,-178.06552913057385,-33.39581981527818,-178.1345791425848,-33.51685108453113,9.360482561231803,10.36518822945201,13.163803635973993,"POLYGON Z ((2411699.16035373 6263609.69424485 -10365.188229452, 2424595.57783317 6256015.42122393 -9360.4825612318, 2432206.94375266 6268940.86546541 -9360.4825612318, 2419310.52627322 6276535.13848633 -10365.188229452, 2411699.16035373 6263609.69424485 -10365.188229452))",2d_linear_centroids_interior,-178.17204634168212,-33.42743658062735
88,2,-178.19634264155476,-33.31320260579813,-178.2589501009056,-33.43668491523479,10.459478054277744,11.896923171628602,13.180404263110079,"POLYGON Z ((2400553.76900931 6272922.20254443 -11896.9231716286, 2413749.59020527 6265936.21267192 -10459.4780542777, 2420767.88002756 6279193.04517333 -10459.4780542777, 2407572.0588316 6286179.03504583 -11896.9231716286, 2400553.76900931 6272922.20254443 -11896.9231716286))",2d_linear_centroids_interior,-178.30085900838338,-33.3487752170747
88,3,-178.32696833545526,-33.231028250108665,-178.38394750653987,-33.35643107445809,11.608708725380323,13.770761449997323,13.196986473905325,"POLYGON Z ((2389443.84591962 6282282.02095592 -13770.7614499973, 2402823.71434639 6275855.15166377 -11608.7087253803, 2409318.40270493 6289376.21016987 -11608.7087253803, 2395938.53427816 6295803.07946202 -13770.7614499973, 2389443.84591962 6282282.02095592 -13770.7614499973))",2d_linear_centroids_interior,-178.42930802353357,-33.270028313758196
88,4,-178.4559865705564,-33.15100700492202,-178.51025202278632,-33.27727398446542,13.545316684596179,16.928368268856037,13.213403655038285,"POLYGON Z ((2378451.16401887 6291717.5989038 -16928.368268856, 2391743.37911755 6285645.36869171 -13545.3166845962, 2397976.2001085 6299289.11973367 -13545.3166845962, 2384683.98500982 6305361.34994576 -16928.368268856, 2378451.16401887 6291717.5989038 -16928.368268856))",2d_linear_centroids_interior,-178.55626170398483,-33.19189607618502
88,5,-178.57971028832844,-33.076421916585495,-178.63743123541144,-33.20161781848195,17.19179547366069,21.86935673692517,13.229332740847372,"POLYGON Z ((2367697.63632042 6301240.91203447 -21869.3567369252, 2380527.8172226 6295035.52093918 -17191.7954736607, 2387058.87647076 6308539.04881515 -17191.7954736607, 2374228.69556857 6314744.43991045 -21869.3567369252, 2367697.63632042 6301240.91203447 -21869.3567369252))",2d_linear_centroids_interior,-178.67923493572113,-33.115927032539126
88,6,-178.7042109997612,-32.99958398783963,-178.7609678782826,-33.12510724373149,21.318199173715026,27.18916096709784,13.24515046857179,"POLYGON Z ((2357168.61201841 6310392.46521425 -27189.1609670978, 2369640.06492951 6304476.83592339 -21318.199173715, 2376068.54742753 6318029.49665008 -21318.199173715, 2363597.09451643 6323945.12594094 -27189.1609670978, 2357168.61201841 6310392.46521425 -27189.1609670978))",2d_linear_centroids_interior,-178.80114802937646,-33.04033438643464
88,7,-178.82436807680835,-32.924280925386796,-178.87698855344192,-33.05109193500655,27.00324383605951,33.92476207766603,13.260257669207636,"POLYGON Z ((2347232.52434152 6318925.62288999 -33924.762077666, 2359414.67974749 6313569.53524172 -27003.2438360595, 2365451.92398154 6327300.94748003 -27003.2438360595, 2353269.76857557 6332657.0351283 -33924.762077666, 2347232.52434152 6318925.62288999 -33924.762077666))",2d_linear_centroids_interior,-178.91739865069295,-32.967994313739716
88,8,-178.93765778710815,-32.85597640797392,-178.99498437202791,-32.98134438646523,33.758641099232285,41.74045185583959,13.274811276557543,"POLYGON Z ((2337483.82207759 6327650.08079553 -41740.4518558396, 2348948.90726461 6322187.25014649 -33758.6410992323, 2355401.05550643 6335728.66008289 -33758.6410992323, 2343935.9703194 6341191.49073193 -41740.4518558396, 2337483.82207759 6327650.08079553 -41740.4518558396))",2d_linear_centroids_interior,-179.02921760734054,-32.89817374715737
88,9,-179.0523625431625,-32.7836357343181,-179.10587547421062,-32.91021190198878,40.755528818954865,49.320143045824565,13.30946506988989,"POLYGON Z ((2327890.2547601 6335894.49353417 -49320.1430458246, 2339143.97975172 6330894.3878395 -40755.5288189549, 2345234.48025747 6344602.26162027 -40755.5288189549, 2333980.75526585 6349602.36731493 -49320.1430458246, 2327890.2547601 6335894.49353417 -49320.1430458246))",2d_linear_centroids_interior,-179.14064613671414,-32.828364470178705
89,0,-177.864715315248,-33.34926627532116,-177.9267394782561,-33.472872830559815,8.548771876918881,9.363400881197313,13.185989880908991,"POLYGON Z ((2431180.2644003 6266225.48754313 -9363.40088119731, 2444421.34717162 6259224.76567831 -8548.77187691888, 2451432.41597899 6272485.41853472 -8548.77187691888, 2438191.33320767 6279486.14039954 -9363.40088119731, 2431180.2644003 6266225.48754313 -9363.40088119731))",nearest_neighbor_boundary,-177.96927541296466,-33.38507356826985
89,1,-177.99465829713884,-33.26936794000591,-178.05454979217106,-33.393728820025835,9.25016298403679,10.184183548294467,13.23991084300705,"POLYGON Z ((2419910.63798477 6275875.18155917 -10184.1835482945, 2433253.07159514 6269084.96278962 -9250.16298403679, 2440056.49265564 6282453.33822845 -9250.16298403679, 2426714.05904527 6289243.556998 -10184.1835482945, 2419910.63798477 6275875.18155917 -10184.1835482945))",2d_linear_centroids_interior,-178.09849997545206,-33.30643376652653
89,2,-178.1232035719429,-33.191436859256775,-178.18432451174195,-33.315391655114546,10.279839128944719,11.700178594045699,13.256512394552615,"POLYGON Z ((2408611.52141506 6285721.37165707 -11700.1785940457, 2421871.06444463 6278853.53688541 -10279.8391289447, 2428769.89653562 6292172.92560188 -10279.8391289447, 2415510.35350605 6299040.76037354 -11700.1785940457, 2408611.52141506 6285721.37165707 -11700.1785940457))",2d_linear_centroids_interior,-178.22716292312174,-33.22782749260581
89,3,-178.25257358095135,-33.11116941980749,-178.3110423964654,-33.236040693219174,11.618907477927626,13.675945131818123,13.273076381140555,"POLYGON Z ((2397440.86578095 6295274.09116584 -13675.9451318181, 2410762.30274774 6288693.21635848 -11618.9074779276, 2417405.94502502 6302141.71134088 -11618.9074779276, 2404084.50805822 6308722.58614824 -13675.9451318181, 2397440.86578095 6295274.09116584 -13675.9451318181))",2d_linear_centroids_interior,-178.3553159715693,-33.149226755400534
89,4,-178.3802982587564,-33.032646927337225,-178.43820180200814,-33.157721071172645,13.78537585282649,16.995223518184783,13.28945144067103,"POLYGON Z ((2386411.6635817 6304829.00404577 -16995.2235181848, 2399580.62017329 6298404.40598409 -13785.3758528265, 2406157.56739581 6311885.64351008 -13785.3758528265, 2392988.61080422 6318310.24157176 -16995.2235181848, 2386411.6635817 6304829.00404577 -16995.2235181848))",2d_linear_centroids_interior,-178.48179287762986,-33.0713544189895
89,5,-178.50930415018414,-32.95127747642325,-178.56121125825186,-33.07822166108116,16.433074877941234,20.84874613450829,13.305719095722962,"POLYGON Z ((2375644.9574252 6313947.78674218 -20848.7461345083, 2388776.83431332 6308198.38183826 -16433.0748779412, 2394792.81299994 6321939.12419237 -16433.0748779412, 2381660.93611182 6327688.52909629 -20848.7461345083, 2375644.9574252 6313947.78674218 -20848.7461345083))",2d_linear_centroids_interior,-178.60722945203239,-32.993828408413464
89,6,-178.6318389856535,-32.87605169246387,-178.6837636624997,-33.00300917917331,21.020214214392105,26.69225808899537,13.321337919596516,"POLYGON Z ((2365230.39237747 6323052.09050562 -26692.2580889954, 2377956.48537135 6317495.61001923 -21020.2142143921, 2383958.62502651 6331242.40308379 -21020.2142143921, 2371232.53203263 6336798.88357019 -26692.2580889954, 2365230.39237747 6323052.09050562 -26692.2580889954))",2d_linear_centroids_interior,-178.7274656810764,-32.919241257099735
89,7,-178.7509674197916,-32.803033514091396,-178.8035427784694,-32.9298178192931,26.55770550972401,33.41843706553703,13.336503326590016,"POLYGON Z ((2355151.6180577 6331908.74216326 -33418.437065537, 2367358.8885362 6326531.6695411 -26557.705509724, 2373405.50092171 6340258.95910093 -26557.705509724, 2361198.23044322 6345636.03172308 -33418.437065537, 2355151.6180577 6331908.74216326 -33418.437065537))",2d_linear_centroids_interior,-178.8440267542369,-32.84667662402281
89,8,-178.86588207099285,-32.732305361706715,-178.91876536105102,-32.859014662252584,33.12801742897941,40.9949450008548,13.35111562675384,"POLYGON Z ((2345467.27680638 6340413.97784152 -40994.9450008548, 2357149.95335703 6335253.88877331 -33128.0174289794, 2363210.42232903 6348975.06641371 -33128.0174289794, 2351527.74577838 6354135.15548191 -40994.9450008548, 2345467.27680638 6340413.97784152 -40994.9450008548))",2d_linear_centroids_interior,-178.9561648135006,-32.77662629021798
89,9,-178.98098995639893,-32.66000265844393,-179.03100892858404,-32.78755561050481,39.966326731950765,48.38283060430815,13.365766343716624,"POLYGON Z ((2335753.00285451 6348801.67032521 -48382.8306043081, 2347209.03251738 6344013.99375615 -39966.3267319508, 2352993.01199753 6357853.99308321 -39966.3267319508, 2341536.98233466 6362641.66965228 -48382.8306043081, 2335753.00285451 6348801.67032521 -48382.8306043081))",2d_linear_centroids_interior,-179.06842865090056,-32.70626225895935
90,0,-177.80656877123684,-33.217629814810174,-177.86478207892108,-33.342486442036446,8.623316164240364,9.452350379741882,13.33667179143314,"POLYGON Z ((2438083.07872411 6279911.33903711 -9452.35037974188, 2451492.95378327 6273241.41001445 -8623.31616424036, 2458173.09337551 6286671.81339737 -8623.31616424036, 2444763.21831636 6293341.74242003 -9452.35037974188, 2438083.07872411 6279911.33903711 -9452.35037974188))",nearest_neighbor_boundary,-177.90985391495315,-33.25562152616324
90,1,-177.93621845531558,-33.13804635028237,-177.99273384685517,-33.26347115633635,9.327247515911091,10.25372153940015,13.317795144334358,"POLYGON Z ((2426806.13914736 6289592.84037587 -10253.7215394002, 2440293.72967947 6283094.64466307 -9327.24751591109, 2446804.35597649 6296608.03599243 -9327.24751591109, 2433316.76544438 6303106.23170523 -10253.7215394002, 2426806.13914736 6289592.84037587 -10253.7215394002))",2d_linear_centroids_interior,-178.03889697834353,-33.177021426817305
90,2,-178.06351755101477,-33.06237509820687,-178.1251683472384,-33.18609509090009,10.221629641832603,11.663602133439856,13.334410092119091,"POLYGON Z ((2415410.43033877 6299710.87657341 -11663.6021334399, 2428636.73703403 6292783.71795415 -10221.6296418326, 2435596.12707535 6306071.56541914 -10221.6296418326, 2422369.82038009 6312998.7240384 -11663.6021334399, 2415410.43033877 6299710.87657341 -11663.6021334399))",2d_linear_centroids_interior,-178.16748343556185,-33.09839204563693
90,3,-178.1951074380143,-32.9779380758457,-178.24690246378142,-33.10483662218245,11.418878428069393,13.518393320440564,13.350988378401315,"POLYGON Z ((2404406.01891194 6308792.44084876 -13518.3933204406, 2417996.87266524 6302802.3881384 -11418.8784280694, 2424046.47722478 6316528.35931254 -11418.8784280694, 2410455.62347147 6322518.4120229 -13518.3933204406, 2404406.01891194 6308792.44084876 -13518.3933204406))",2d_linear_centroids_interior,-178.29556867654966,-33.019763859427556
90,4,-178.32045098712993,-32.90304268370659,-178.37771969486948,-33.028279685083085,13.779730705938768,16.887847013818313,13.367344400159173,"POLYGON Z ((2393229.49156302 6318741.93319178 -16887.8470138183, 2406439.67008295 6312352.03518882 -13779.7307059388, 2412971.32483424 6325855.27503006 -13779.7307059388, 2399761.1463143 6332245.17303302 -16887.8470138183, 2393229.49156302 6318741.93319178 -16887.8470138183))",2d_linear_centroids_interior,-178.4217241361624,-32.94202225460913
90,5,-178.44982962076978,-32.81984474520974,-178.49634876059739,-32.948228810868464,16.84955681243976,21.20475906631184,13.383466202142655,"POLYGON Z ((2382695.93884637 6327476.39242257 -21204.7590663118, 2396036.7781896 6322179.76906934 -16849.5568124398, 2401571.84396421 6336121.18387812 -16849.5568124398, 2388231.00462099 6341417.80723136 -21204.7590663118, 2382695.93884637 6327476.39242257 -21204.7590663118))",2d_linear_centroids_interior,-178.54586678103368,-32.8652320648509
90,6,-178.57529984399224,-32.74271078055658,-178.6214962334058,-32.87119940689573,20.403468929068804,26.031746108522515,13.399468999145066,"POLYGON Z ((2372033.95827711 6336793.07435353 -26031.7461085225, 2384973.60141227 6331705.03627133 -20403.4689290688, 2390462.69221871 6345664.61657012 -20403.4689290688, 2377523.04908355 6350752.65465233 -26031.7461085225, 2372033.95827711 6336793.07435353 -26031.7461085225))",2d_linear_centroids_interior,-178.66889088394075,-32.78885081246944
90,7,-178.69196273543636,-32.67323714414735,-178.74563903739764,-32.799653429440916,25.828945769336197,32.596201763748454,13.41466382745821,"POLYGON Z ((2361729.79888509 6346092.36097552 -32596.2017637485, 2373936.0789486 6340595.91000084 -25828.9457693362, 2380094.92671812 6354273.21215265 -25828.9457693362, 2367888.64665461 6359769.66312733 -32596.2017637485, 2361729.79888509 6346092.36097552 -32596.2017637485))",2d_linear_centroids_interior,-178.78551748517899,-32.716181299958286
90,8,-178.8068957960282,-32.6004775138667,-178.8545228448285,-32.72863122229942,32.90753992525559,40.56380345763727,13.429057676853796,"POLYGON Z ((2352341.26770423 6354108.70926239 -40563.8034576373, 2364310.87697576 6349301.41453357 -32907.5399252556, 2369901.23113807 6363220.75145527 -32907.5399252556, 2357931.62186655 6368028.04618409 -40563.8034576373, 2352341.26770423 6354108.70926239 -40563.8034576373))",2d_linear_centroids_interior,-178.89582930716284,-32.64721327608898
90,9,-178.92116961696397,-32.53179807841371,-178.9756137020018,-32.658010854226845,39.18391090361589,47.841277930192355,13.443878508609629,"POLYGON Z ((2342362.31638075 6363101.1130955 -47841.2779301924, 2353516.09467621 6358037.19900631 -39183.9109036159, 2359717.06415653 6371695.45575834 -39183.9109036159, 2348563.28586106 6376759.36984753 -47841.2779301924, 2342362.31638075 6363101.1130955 -47841.2779301924))",2d_linear_centroids_interior,-179.0092440056903,-32.576068792269645
91,0,-177.75128741719007,-33.0861353142453,-177.81010680311056,-33.21074505407788,8.676070961028717,9.53392532826352,13.33667179143314,"POLYGON Z ((2444534.48507516 6294203.95837187 -9533.92532826352, 2457909.69628698 6287468.39522364 -8676.07096102872, 2464656.30163186 6300865.53358675 -8676.07096102872, 2451281.09042004 6307601.09673499 -9533.92532826352, 2444534.48507516 6294203.95837187 -9533.92532826352))",nearest_neighbor_boundary,-177.85460830863408,-33.12371478068949
91,1,-177.88064280689005,-33.00674324577967,-177.93801924930125,-33.13184704040996,9.439726090274934,10.398387776296657,13.396197290225507,"POLYGON Z ((2433253.42200791 6303900.15782701 -10398.3877762967, 2446695.77328792 6297313.49252227 -9439.72609027493, 2453295.93184853 6310783.38142214 -9439.72609027493, 2439853.58056852 6317370.04672688 -10398.3877762967, 2433253.42200791 6303900.15782701 -10398.3877762967))",2d_linear_centroids_interior,-177.98343871077893,-33.04516357602973
91,2,-178.01128794537846,-32.92451997491461,-178.06242511963944,-33.05154862231556,10.35869029022471,11.764004827021989,13.412815273589692,"POLYGON Z ((2422122.21864532 6313259.44679688 -11764.004827022, 2435802.08779994 6307268.93171343 -10358.6902902247, 2441819.06772319 6321009.23566216 -10358.6902902247, 2428139.19856856 6326999.75074561 -11764.004827022, 2422122.21864532 6313259.44679688 -11764.004827022))",2d_linear_centroids_interior,-178.11186212936485,-32.96655430039101
91,3,-178.13781866347378,-32.849030681552016,-178.19454835346744,-32.974380880206056,11.607929997016356,13.735424035662607,13.429386035640025,"POLYGON Z ((2410755.23143233 6323364.2224427 -13735.4240356626, 2424132.38149934 6316920.18448501 -11607.9299970164, 2430642.23005982 6330433.95049303 -11607.9299970164, 2417265.07999281 6336877.98845072 -13735.4240356626, 2410755.23143233 6323364.2224427 -13735.4240356626))",2d_linear_centroids_interior,-178.23970491931715,-32.88799654812113
91,4,-178.2665156613307,-32.76828783860666,-178.31889675321216,-32.894997129926715,13.668794537083484,16.625469575927465,13.445815739583557,"POLYGON Z ((2399755.96485682 6332717.54599055 -16625.4695759275, 2413191.68173634 6326739.28665793 -13668.7945370835, 2419289.57538102 6340443.87322951 -13668.7945370835, 2405853.8585015 6346422.13256214 -16625.4695759275, 2399755.96485682 6332717.54599055 -16625.4695759275))",2d_linear_centroids_interior,-178.3662471448047,-32.809939182708966
91,5,-178.39427280401466,-32.68954327620876,-178.44590637117327,-32.81649125711747,15.876192910331273,20.246296042221438,13.462159712777037,"POLYGON Z ((2388825.52388699 6342217.22081999 -20246.2960422214, 2401971.22092812 6336464.58247577 -15876.1929103313, 2407984.72817651 6350206.40661136 -15876.1929103313, 2394839.03113538 6355959.04495559 -20246.2960422214, 2388825.52388699 6342217.22081999 -20246.2960422214))",2d_linear_centroids_interior,-178.49191966960916,-32.732123887711474
91,6,-178.51675116572466,-32.61393962445192,-178.56757293187357,-32.74114066219098,20.24860174455954,25.879882141926743,13.477780544084515,"POLYGON Z ((2378431.11913215 6351271.65660043 -25879.8821419267, 2391203.87516944 6345781.17535573 -20248.6017445595, 2397127.64888076 6359561.91934933 -20248.6017445595, 2384354.89284348 6365052.40059402 -25879.8821419267, 2378431.11913215 6351271.65660043 -25879.8821419267))",2d_linear_centroids_interior,-178.6118369220448,-32.65759849384156
91,7,-178.63681996982444,-32.53877262242608,-178.68372139777208,-32.66706609010281,25.824126161086713,32.54528303464796,13.49293577154551,"POLYGON Z ((2368466.59983362 6359859.7625162 -32545.283034648, 2380925.24603066 6354899.09872817 -25824.1261610867, 2386474.11858058 6368835.02400871 -25824.1261610867, 2374015.47238354 6373795.68779674 -32545.283034648, 2368466.59983362 6359859.7625162 -32545.283034648))",2d_linear_centroids_interior,-178.7279981193793,-32.58515237122146
91,8,-178.75111221017502,-32.468991171249094,-178.800373515543,-32.5966679469013,32.36691112995948,40.14965870499952,13.507589041887158,"POLYGON Z ((2358705.73556378 6368513.51460787 -40149.6587049995, 2370548.80962137 6363597.17073772 -32366.9111299595, 2376299.8248025 6377450.90035781 -32366.9111299595, 2364456.7507449 6382367.24422795 -40149.6587049995, 2358705.73556378 6368513.51460787 -40149.6587049995))",2d_linear_centroids_interior,-178.840142025267,-32.51497349009579
91,9,-178.8609174389618,-32.40201500465577,-178.9135251511094,-32.52874648702456,39.84684411090489,48.543590641046684,13.521715611366275,"POLYGON Z ((2349278.55125746 6376904.98174904 -48543.5906410467, 2360463.90435001 6371980.09840166 -39846.8441109049, 2366508.40543366 6385708.31775632 -39846.8441109049, 2355323.05234111 6390633.2011037 -48543.5906410467, 2349278.55125746 6376904.98174904 -48543.5906410467))",2d_linear_centroids_interior,-178.94809710501764,-32.4471947613879
92,0,-177.7011353783051,-32.95063439246982,-177.75815515332658,-33.07579051759297,8.744382941731978,9.594513745882931,13.487353701957282,"POLYGON Z ((2450663.4848992 6308659.76396548 -9594.51374588293, 2464114.39471518 6302075.66928677 -8744.38294173198, 2470709.08932031 6315548.23411552 -8744.38294173198, 2457258.17950434 6322132.32879423 -9594.51374588293, 2450663.4848992 6308659.76396548 -9594.51374588293))",nearest_neighbor_boundary,-177.80376926243974,-32.98920466307267
92,1,-177.8295665072464,-32.87267244110868,-177.88755276870654,-32.99753216316961,9.49196401281357,10.434605068748734,13.475157134120012,"POLYGON Z ((2439326.19377442 6318519.78261856 -10434.6050687487, 2452736.83218297 6311866.49731618 -9491.96401281357, 2459403.29413533 6325303.69512815 -9491.96401281357, 2445992.65572678 6331956.98043052 -10434.6050687487, 2439326.19377442 6318519.78261856 -10434.6050687487))",2d_linear_centroids_interior,-177.93241398255424,-32.910675572822186
92,2,-177.95889662409152,-32.79256192625455,-178.01444902819338,-32.91822566298876,10.22229594786807,11.638076378116539,13.491789101164326,"POLYGON Z ((2428090.61584496 6328136.84205486 -11638.0763781165, 2441582.305066 6321736.06962208 -10222.2959478681, 2448011.78036815 6335288.25938385 -10222.2959478681, 2434520.09114711 6341689.03181663 -11638.0763781165, 2428090.61584496 6328136.84205486 -11638.0763781165))",2d_linear_centroids_interior,-178.06075208442275,-32.832028295610165
92,3,-178.0896453609403,-32.709279407256,-178.13682704810822,-32.837379984254824,11.613470133422119,13.691107627291471,13.508345878982448,"POLYGON Z ((2417083.49277589 6337318.40444963 -13691.1076272915, 2430845.25561737 6331724.00493415 -11613.4701334221, 2436494.10352067 6345619.70633298 -11613.4701334221, 2422732.34067919 6351214.10584846 -13691.1076272915, 2417083.49277589 6337318.40444963 -13691.1076272915))",2d_linear_centroids_interior,-178.18829613194512,-32.75356524605371
92,4,-178.21587677721163,-32.633218933615844,-178.26754166541582,-32.76010043596596,13.293305041440394,16.389663499551055,13.524833319878976,"POLYGON Z ((2405835.53370909 6347276.51481518 -16389.6634995511, 2419268.83446013 6341363.9015832 -13293.3050414404, 2425311.59263677 6355092.88820344 -13293.3050414404, 2411878.29188573 6361005.50143542 -16389.6634995511, 2405835.53370909 6347276.51481518 -16389.6634995511))",2d_linear_centroids_interior,-178.31509434750484,-32.67526201871037
92,5,-178.34180039719485,-32.554708305145546,-178.39072316363408,-32.68238562143137,16.62751078382636,20.779439366855765,13.540934965435019,"POLYGON Z ((2395081.63361283 6356526.2633171 -20779.4393668558, 2408384.23169793 6350976.27473803 -16627.5107838264, 2414159.88111818 6364819.75239989 -16627.5107838264, 2400857.28303308 6370369.74097896 -20779.4393668558, 2395081.63361283 6356526.2633171 -20779.4393668558))",2d_linear_centroids_interior,-178.43872200518922,-32.59862952639735
92,6,-178.46361466883658,-32.480922200780284,-178.515978180566,-32.60763781581734,20.757236007001218,26.33485565467062,13.556652660070151,"POLYGON Z ((2384525.79328047 6365897.7513541 -26334.8556546706, 2397256.92636606 6360257.85690271 -20757.2360070012, 2403332.45891631 6373972.37126636 -20757.2360070012, 2390601.32583072 6379612.26571775 -26334.8556546706, 2384525.79328047 6365897.7513541 -26334.8556546706))",2d_linear_centroids_interior,-178.559208012046,-32.52367140913774
92,7,-178.58627756491185,-32.40337573599531,-178.6323958689905,-32.53184113065182,25.667532404424893,32.405274920798334,13.57204443799255,"POLYGON Z ((2374479.48927037 6374475.64165727 -32405.2749207983, 2386952.47078146 6369573.85035132 -25667.5324044249, 2392438.89637326 6383534.47835387 -25667.5324044249, 2379965.91486217 6388436.26965982 -32405.2749207983, 2374479.48927037 6374475.64165727 -32405.2749207983))",2d_linear_centroids_interior,-178.6770105221388,-32.45012206078956
92,8,-178.6989761029999,-32.33555802083867,-178.75083058770798,-32.46245978001202,32.346083774630635,40.2335264826315,13.586632697952645,"POLYGON Z ((2364689.14664475 6383279.16379402 -40233.5264826315, 2376383.00318333 6378176.03075803 -32346.0837746306, 2382382.52484103 6391923.96659868 -32346.0837746306, 2370688.66830245 6397027.09963468 -40233.5264826315, 2364689.14664475 6383279.16379402 -40233.5264826315))",2d_linear_centroids_interior,-178.78849439790582,-32.38028018305411
92,9,-178.8069271952062,-32.26780371329665,-178.85575798223533,-32.39558277727813,40.47834553948901,49.139049372187834,13.600295977549644,"POLYGON Z ((2355724.83535887 6391047.4120906 -49139.0493721878, 2367050.61113346 6386387.04598633 -40478.345539489, 2372758.51885244 6400258.59202387 -40478.345539489, 2361432.74307784 6404918.95812814 -49139.0493721878, 2355724.83535887 6391047.4120906 -49139.0493721878))",2d_linear_centroids_interior,-178.89276077674992,-32.314750750283906
93,0,-177.65039477213432,-32.81650171133667,-177.70796742655983,-32.94143355083007,8.779368308282939,9.618679347654188,13.487353701957282,"POLYGON Z ((2456736.84603647 6323276.12171707 -9618.67934765419, 2470158.33288064 6316630.87921803 -8779.36830828294, 2476814.0025254 6330073.42591051 -8779.36830828294, 2463392.51568124 6336718.66840956 -9618.67934765419, 2456736.84603647 6323276.12171707 -9618.67934765419))",nearest_neighbor_boundary,-177.75306169610377,-32.854689301452915
93,1,-177.78025149861097,-32.73558108984994,-177.83365921717154,-32.861844357701074,9.484815205071644,10.421239572657077,13.554120658241754,"POLYGON Z ((2445519.7355286 6332792.69951067 -10421.2395726571, 2459124.08497398 6326544.11682562 -9484.81520507164, 2465384.8796401 6340175.05406957 -9484.81520507164, 2451780.53019472 6346423.63675462 -10421.2395726571, 2445519.7355286 6332792.69951067 -10421.2395726571))",2d_linear_centroids_interior,-177.88152986216602,-32.77617665197548
93,2,-177.90857471695278,-32.65702205722982,-177.96216780368528,-32.78325048386046,10.211904466858442,11.623911026734255,13.570752295529195,"POLYGON Z ((2434223.19523376 6342586.028159 -11623.9110267343, 2447793.28732912 6336352.34241153 -10211.9044668584, 2454054.77685864 6349982.96047792 -10211.9044668584, 2440484.68476328 6356216.64622539 -11623.9110267343, 2434223.19523376 6342586.028159 -11623.9110267343))",2d_linear_centroids_interior,-178.00967279923472,-32.69755864933142
93,3,-178.0354303468584,-32.58001716980916,-178.09154604827586,-32.70547953254126,11.714518599027057,13.806084683071616,13.587289628255963,"POLYGON Z ((2422952.96241459 6352470.70158255 -13806.0846830716, 2436350.9317753 6346058.23183015 -11714.5185990271, 2442826.66399028 6359588.37936371 -11714.5185990271, 2429428.69462957 6366000.84911611 -13806.0846830716, 2422952.96241459 6352470.70158255 -13806.0846830716))",2d_linear_centroids_interior,-178.1368772913124,-32.61921579664835
93,4,-178.16553925490183,-32.49700182007799,-178.2136798941798,-32.62483603898685,13.376860416630988,16.404350515753336,13.603779636836844,"POLYGON Z ((2412019.30388539 6361621.41442352 -16404.3505157533, 2425596.51179882 6356009.48703847 -13376.860416631, 2431326.35934219 6369871.98490609 -13376.860416631, 2417749.15142876 6375483.91229114 -16404.3505157533, 2412019.30388539 6361621.41442352 -16404.3505157533))",2d_linear_centroids_interior,-178.2635077670784,-32.54092880542246
93,5,-178.29037318201657,-32.421289977467836,-178.34202211810816,-32.54815937634653,16.143266328869267,20.39722616106927,13.620010092539529,"POLYGON Z ((2401030.41819333 6371338.78306069 -20397.2261610693, 2414198.73496982 6365550.92862056 -16143.2663288693, 2420234.39263208 6379283.03831223 -16143.2663288693, 2407066.0758556 6385070.89275235 -20397.2261610693, 2401030.41819333 6371338.78306069 -20397.2261610693))",2d_linear_centroids_interior,-178.38794063976283,-32.46371096225246
93,6,-178.41523121929325,-32.34301257205945,-178.46305047594237,-32.470977050853975,20.10655836451675,25.56333309936407,13.635874632228612,"POLYGON Z ((2390538.69011171 6380355.42197358 -25563.3330993641, 2403475.00234635 6375075.70273286 -20106.5583645167, 2409143.08165925 6388963.57070828 -20106.5583645167, 2396206.76942461 6394243.289949 -25563.3330993641, 2390538.69011171 6380355.42197358 -25563.3330993641))",2d_linear_centroids_interior,-178.50937248570358,-32.38807862438217
93,7,-178.53308093729044,-32.27054565076652,-178.5812769069707,-32.39842851647873,25.724111234298153,32.497400286491285,13.6609825138098,"POLYGON Z ((2380570.77697617 6389122.70117495 -32497.4002864913, 2392955.01683312 6384047.9441777 -25724.1112342982, 2398642.64729987 6397927.81664375 -25724.1112342982, 2386258.40744293 6403002.57364099 -32497.4002864913, 2380570.77697617 6389122.70117495 -32497.4002864913))",2d_linear_centroids_interior,-178.62435435262404,-32.31621141607513
93,8,-178.6456472125528,-32.20133652402319,-178.6948789159527,-32.328953306883335,32.64352583870239,40.49342336530599,13.68662712885984,"POLYGON Z ((2371028.32718502 6397544.85331757 -40493.423365306, 2382827.26831738 6392629.15428518 -32643.5258387024, 2388595.97268085 6406475.52745532 -32643.5258387024, 2376797.03154849 6411391.22648771 -40493.423365306, 2371028.32718502 6397544.85331757 -40493.423365306))",2d_linear_centroids_interior,-178.73423473576838,-32.24730348350475
93,9,-178.76036322477026,-32.13108132996942,-178.81298587704177,-32.25773500280263,38.90147422471957,47.61248398837734,13.713048929785511,"POLYGON Z ((2361103.3895963 6406362.43552605 -47612.4839883773, 2372271.49573778 6401423.63869786 -38901.4742247196, 2378338.11772369 6415142.09698151 -38901.4742247196, 2367170.01158221 6420080.89380969 -47612.4839883773, 2361103.3895963 6406362.43552605 -47612.4839883773))",2d_linear_centroids_interior,-178.84727928289723,-32.17617726430038
94,0,-177.60972116647918,-32.673905465380535,-177.66162768018887,-32.800554649419446,8.748771344511844,9.60825269396803,13.63803561248141,"POLYGON Z ((2462256.03049224 6338084.52530065 -9608.25269396803, 2475915.12194008 6331945.26535913 -8748.77134451184, 2482064.48481348 6345626.83457656 -8748.77134451184, 2468405.39336564 6351766.09451808 -9608.25269396803, 2462256.03049224 6338084.52530065 -9608.25269396803))",nearest_neighbor_boundary,-177.71044918306606,-32.71530442940246
94,1,-177.7348920540589,-32.60133765787028,-177.79685246215496,-32.724735211662,9.624087053681942,10.599181038368672,13.634106003734768,"POLYGON Z ((2450714.17705448 6348554.47339339 -10599.1810383687, 2463927.01705192 6341520.9784639 -9624.08705368194, 2470975.42037084 6354761.82476063 -9624.08705368194, 2457762.5803734 6361795.31969013 -10599.1810383687, 2450714.17705448 6348554.47339339 -10599.1810383687))",2d_linear_centroids_interior,-177.83862373984678,-32.63686102859898
94,2,-177.86527855894974,-32.518338278206755,-177.91981885443477,-32.64423701262686,10.397417180705974,11.825221897977162,13.660651181587426,"POLYGON Z ((2439593.18016498 6357827.65736983 -11825.2218979772, 2453117.65939865 6351499.16346152 -10397.417180706, 2459475.01946721 6365085.33190442 -10397.417180706, 2445950.54023354 6371413.82581273 -11825.2218979772, 2439593.18016498 6357827.65736983 -11825.2218979772))",2d_linear_centroids_interior,-177.96653209473993,-32.558277935066535
94,3,-177.9932924552622,-32.43894876829441,-178.04619277976238,-32.56536916213082,11.855815463636736,14.00355202607977,13.690105154776873,"POLYGON Z ((2428427.99286117 6367434.33970557 -14003.5520260798, 2441949.80122003 6361306.70342683 -11855.8154636367, 2448141.23207178 6374969.2867846 -11855.8154636367, 2434619.42371291 6381096.92306334 -14003.5520260798, 2428427.99286117 6367434.33970557 -14003.5520260798))",2d_linear_centroids_interior,-178.09353804656425,-32.47994995599289
94,4,-178.11993851184735,-32.36147997810341,-178.17451248240576,-32.4874086874542,13.636436935100704,16.767147743827067,13.719434554446451,"POLYGON Z ((2417268.30848162 6377200.87728159 -16767.1477438271, 2430568.29812737 6371011.45685194 -13636.4369351007, 2436897.09959223 6384610.95213736 -13636.4369351007, 2423597.10994648 6390800.37256702 -16767.1477438271, 2417268.30848162 6377200.87728159 -16767.1477438271))",2d_linear_centroids_interior,-178.21979888517996,-32.40178571157596
94,5,-178.24723943533667,-32.280472333286944,-178.29466696687726,-32.408487929734015,16.857390968678438,21.234572389298147,13.748110933482575,"POLYGON Z ((2406657.92548833 6386152.96816292 -21234.5723892981, 2419945.75890134 6380742.44452846 -16857.3909686784, 2425602.48789264 6394634.93952105 -16857.3909686784, 2412314.65447963 6400045.46315551 -21234.5723892981, 2406657.92548833 6386152.96816292 -21234.5723892981))",2d_linear_centroids_interior,-178.34304821666544,-32.32520117739839
94,6,-178.36914011286228,-32.20632083041859,-178.42023740151947,-32.33333535445134,20.74167430377191,26.193423432361417,13.776367539868403,"POLYGON Z ((2395940.54745884 6395649.59301359 -26193.4234323614, 2408756.71885234 6390079.65744381 -20741.6743037719, 2414735.52251041 6403836.61593099 -20741.6743037719, 2401919.35111692 6409406.55150078 -26193.4234323614, 2395940.54745884 6395649.59301359 -26193.4234323614))",2d_linear_centroids_interior,-178.46429998945032,-32.24958334834087
94,7,-178.49052972042196,-32.13099757553322,-178.54012048194946,-32.25846252348355,25.649690954203518,32.52241670675116,13.803821153359603,"POLYGON Z ((2385796.85595922 6404503.8710017 -32522.4167067512, 2398083.41866494 6399326.41819082 -25649.6909542035, 2403908.25191385 6413149.27309212 -25649.6909542035, 2391621.68920814 6418326.725903 -32522.4167067512, 2385796.85595922 6404503.8710017 -32522.4167067512))",2d_linear_centroids_interior,-178.58192247650084,-32.17596857877408
94,8,-178.60127480963322,-32.06311956978196,-178.65288657922449,-32.19002085304617,32.83741070743027,40.79537525503758,13.829145368605435,"POLYGON Z ((2376354.52139748 6412872.8030392 -40795.3752550376, 2388009.04699405 6407789.21834158 -32837.4107074303, 2394006.20551792 6421538.18519875 -32837.4107074303, 2382351.67992135 6426621.76989637 -40795.3752550376, 2376354.52139748 6412872.8030392 -40795.3752550376))",2d_linear_centroids_interior,-178.69026159434148,-32.10793694845638
94,9,-178.71153651462484,-31.995555143508632,-178.7662595922351,-32.12152516825079,40.11762615480006,48.98107256680981,13.85449149074504,"POLYGON Z ((2366868.09894009 6421307.57025308 -48981.0725668098, 2377861.34674185 6416249.12973543 -40117.6261548001, 2384131.51302231 6429875.75862212 -40117.6261548001, 2373138.26522055 6434934.19913976 -48981.0725668098, 2366868.09894009 6421307.57025308 -48981.0725668098))",2d_linear_centroids_interior,-178.79854077945996,-32.03972545057603
95,0,-177.58077058932497,-32.530335282646476,-177.64266069114214,-32.65369428861039,9.08567030954867,9.96458589534084,13.63803561248141,"POLYGON Z ((2465950.32759533 6355210.09989743 -9964.58589534084, 2479159.26007258 6348156.61776414 -9085.67030954867, 2486224.88183585 6361388.28391389 -9085.67030954867, 2473015.94935861 6368441.76604718 -9964.58589534084, 2465950.32759533 6355210.09989743 -9964.58589534084))",nearest_neighbor_boundary,-177.68441532115523,-32.5658376039205
95,1,-177.71001906649033,-32.44946137632317,-177.7678504736948,-32.57424308875197,9.930853449895261,10.953397052559817,13.777329646870411,"POLYGON Z ((2454731.54409996 6364720.04446554 -10953.3970525598, 2468130.27286622 6358054.57583768 -9930.85344989526, 2474811.28320171 6371484.54608698 -9930.85344989526, 2461412.55443545 6378150.01471484 -10953.3970525598, 2454731.54409996 6364720.04446554 -10953.3970525598))",2d_linear_centroids_interior,-177.81236510729414,-32.48738254498817
95,2,-177.83699053295942,-32.372640927951885,-177.8978281586427,-32.49641033261585,10.823355844685313,12.344400508070965,13.806927629837219,"POLYGON Z ((2443382.31804465 6374698.02420223 -12344.400508071, 2456612.00318895 6367794.26768026 -10823.3558446853, 2463551.52996461 6381092.4994473 -10823.3558446853, 2450321.8448203 6387996.25596927 -12344.400508071, 2443382.31804465 6374698.02420223 -12344.400508071))",2d_linear_centroids_interior,-177.93997216934383,-32.40883665859518
95,3,-177.9677922502209,-32.28777933887794,-178.01764886996867,-32.41505288967172,12.255852519425442,14.531699299690173,13.83639229544075,"POLYGON Z ((2432442.19693857 6383678.056863 -14531.6992996902, 2446065.37022208 6377827.44397883 -12255.8525194254, 2451984.50876861 6391610.17951526 -12255.8525194254, 2438361.3354851 6397460.79239942 -14531.6992996902, 2432442.19693857 6383678.056863 -14531.6992996902))",2d_linear_centroids_interior,-178.06679589449803,-32.330474947775535
95,4,-178.09538971200496,-32.20850928545514,-178.14383205831356,-32.336198666186874,13.97780330460438,17.245266326602565,13.865744637537272,"POLYGON Z ((2421360.20484092 6393250.50211563 -17245.2663266026, 2434872.44927344 6387616.41516247 -13977.8033046044, 2440645.15900026 6401461.11892998 -13977.8033046044, 2427132.91456774 6407095.20588313 -17245.2663266026, 2421360.20484092 6393250.50211563 -17245.2663266026))",2d_linear_centroids_interior,-178.19292958315273,-32.25224477233327
95,5,-178.2184356419447,-32.13380702475361,-178.2705453910843,-32.260470863401046,17.40946318598444,22.002753113620027,13.894282971371975,"POLYGON Z ((2410531.83731959 6402845.95900826 -22002.75311362, 2423579.52503734 6397044.27538531 -17409.4631859844, 2429673.98026768 6410750.39137217 -17409.4631859844, 2416626.29254993 6416552.07499513 -22002.75311362, 2410531.83731959 6402845.95900826 -22002.75311362))",2d_linear_centroids_interior,-178.3153679413058,-32.176025124271355
95,6,-178.34038725472652,-32.05850987087935,-178.39286734056802,-32.185082873469675,21.81780630285331,27.634000631306943,14.120104938125237,"POLYGON Z ((2400053.14455398 6412018.87667547 -27634.0006313069, 2412679.2299223 6406383.82105857 -21817.8063028533, 2418792.55452402 6420081.53117062 -21817.8063028533, 2406166.4691557 6425716.58678753 -27634.0006313069, 2400053.14455398 6412018.87667547 -27634.0006313069))",2d_linear_centroids_interior,-178.43514980557782,-32.10119080893219
95,7,-178.45780109044335,-31.98515244888524,-178.507708965643,-32.11249602633877,27.853370368590024,34.959886147048586,14.47776335651801,"POLYGON Z ((2390284.33666167 6420501.36300766 -34959.8861470486, 2402443.73079871 6415339.33165261 -27853.37036859, 2408305.34695242 6429146.62885614 -27853.37036859, 2396145.95281538 6434308.66021118 -34959.8861470486, 2390284.33666167 6420501.36300766 -34959.8861470486))",2d_linear_centroids_interior,-178.54856813868284,-32.030087376144095
95,8,-178.57306145973905,-31.91525519054113,-178.62762106936924,-32.041224933481566,33.68284099325505,42.015469649254975,14.83523650671438,"POLYGON Z ((2380369.78244897 6429390.69916463 -42015.469649255, 2391698.15134363 6424171.94856054 -33682.840993255, 2397974.37838152 6437795.78701264 -33682.840993255, 2386646.00948686 6443014.53761673 -42015.469649255, 2380369.78244897 6429390.69916463 -42015.469649255))",2d_linear_centroids_interior,-178.66176066882915,-31.95888802609605
95,9,-178.68087052058942,-31.848512416709656,-178.73677529784646,-31.97406819561025,41.554475788114246,50.68457332997241,15.794343306913408,"POLYGON Z ((2371152.12769149 6437520.64572118 -50684.5733299724, 2381920.57850693 6432452.92572975 -41554.4757881142, 2388307.75458497 6446025.1024803 -41554.4757881142, 2377539.30376953 6451092.82247173 -50684.5733299724, 2371152.12769149 6437520.64572118 -50684.5733299724))",2d_linear_centroids_interior,-178.76719218947812,-31.892356957245184
96,0,-177.53791897045187,-32.390468508328226,-177.5976946468188,-32.514525918486264,9.188486463326687,10.083932399424565,13.65851843152186,"POLYGON Z ((2471479.96694311 6370164.58286047 -10083.9323994246, 2484783.44737079 6363293.22309068 -9188.48646332669, 2491667.08355589 6376620.47160157 -9188.48646332669, 2478363.60312821 6383491.83137136 -10083.9323994246, 2471479.96694311 6370164.58286047 -10083.9323994246))",linear_extrapolation_same_along_strike,-177.64080068400796,-32.427175278506205
96,1,-177.66469140445855,-32.31432129992636,-177.72830029869777,-32.437018172950104,9.976729801310867,11.045804923552828,14.08367092974808,"POLYGON Z ((2460088.73240064 6380221.91325602 -11045.8049235528, 2473204.89747646 6373023.07362128 -9976.72980131087, 2480422.09086262 6386172.67892436 -9976.72980131087, 2467305.9257868 6393371.5185591 -11045.8049235528, 2460088.73240064 6380221.91325602 -11045.8049235528))",2d_linear_centroids_interior,-177.76856926591805,-32.34872375422145
96,2,-177.7940833308766,-32.23197715776743,-177.85124852153618,-32.35695602979915,11.08159480486555,12.613580753944227,14.482391447164652,"POLYGON Z ((2448961.16871563 6389536.86585588 -12613.5807539442, 2462353.65714902 6382957.02751341 -11081.5948048656, 2468968.08355354 6396419.91588624 -11081.5948048656, 2455575.59512014 6402999.75422871 -12613.5807539442, 2448961.16871563 6389536.86585588 -12613.5807539442))",2d_linear_centroids_interior,-177.8958209269527,-32.2702904468925
96,3,-177.92012564041298,-32.155549604542514,-177.98067096085174,-32.279393001145905,12.614474070773145,14.942937685149072,14.879407655425773,"POLYGON Z ((2437691.45067717 6399472.5900553 -14942.9376851491, 2450844.62170244 6392648.19636967 -12614.4740707731, 2457752.75429434 6405962.76373375 -12614.4740707731, 2444599.58326907 6412787.15741939 -14942.9376851491, 2437691.45067717 6399472.5900553 -14942.9376851491))",2d_linear_centroids_interior,-178.0223221513944,-32.192023573711495
96,4,-178.0478099090109,-32.07463717012897,-178.10349830569655,-32.20013605045054,14.792316400792913,18.114179487934315,15.27303872851899,"POLYGON Z ((2426747.83214717 6408746.3219245 -18114.1794879343, 2439954.84289335 6402458.23057811 -14792.3164007929, 2446403.04294975 6416001.52102145 -14792.3164007929, 2433196.03220357 6422289.61236784 -18114.1794879343, 2426747.83214717 6408746.3219245 -18114.1794879343))",2d_linear_centroids_interior,-178.1475416617438,-32.114258783690374
96,5,-178.1722032482305,-31.99795876646474,-178.2287186042478,-32.12320862380053,17.796643015542628,22.385037698738213,15.660010476830715,"POLYGON Z ((2415929.66135131 6418208.20128737 -22385.0376987382, 2428796.05569349 6412011.22372869 -17796.6430155426, 2435305.03530608 6425525.40829169 -17796.6430155426, 2422438.6409639 6431722.38585037 -22385.0376987382, 2415929.66135131 6418208.20128737 -22385.0376987382))",2d_linear_centroids_interior,-178.27044593323166,-32.0376502171832
96,6,-178.29774314971354,-31.918331820056558,-178.3485697677158,-32.04535755941717,21.632503753612184,27.637485002413257,16.041496951238422,"POLYGON Z ((2405524.62274055 6427080.06022852 -27637.4850024133, 2418134.61626035 6421609.38717741 -21632.5037536122, 2424104.55443934 6435370.1952256 -21632.5037536122, 2411494.56091954 6440840.8682767 -27637.4850024133, 2405524.62274055 6427080.06022852 -27637.4850024133))",2d_linear_centroids_interior,-178.3914173595573,-31.961973869890254
96,7,-178.4082521750182,-31.85214879161144,-178.46619078113787,-31.97695961980459,28.404772619817276,35.48343582444069,16.38979023935639,"POLYGON Z ((2395710.64524997 6435951.51353339 -35483.4358244407, 2407581.42237185 6430122.51895815 -28404.7726198173, 2414192.91142921 6443586.85007575 -28404.7726198173, 2402322.13430734 6449415.84465099 -35483.4358244407, 2395710.64524997 6435951.51353339 -35483.4358244407))",2d_linear_centroids_interior,-178.50169797493268,-31.89274968288271
96,8,-178.52258253739922,-31.78196393826579,-178.58237936353734,-31.906150540188115,34.947036623467994,43.41477691635737,16.740218709857416,"POLYGON Z ((2386119.54878144 6444466.27566099 -43414.7769163574, 2397168.55330789 6438879.0694444 -34947.036623468, 2403937.46115808 6452264.95329701 -34947.036623468, 2392888.45663163 6457852.1595136 -43414.7769163574, 2386119.54878144 6444466.27566099 -43414.7769163574))",2d_linear_centroids_interior,-178.6124958929841,-31.82297429136664
96,9,-178.62966430135677,-31.71367198381797,-178.68488098333157,-31.83940926214599,43.27571453462857,52.4042385212497,17.476171579846874,"POLYGON Z ((2377215.54374374 6452094.53359011 -52404.2385212497, 2388004.72055434 6447068.23141303 -43275.7145346286, 2394339.05267069 6460665.15152899 -43275.7145346286, 2383549.87586009 6465691.45370607 -52404.2385212497, 2377215.54374374 6452094.53359011 -52404.2385212497))",2d_linear_centroids_interior,-178.7156466621317,-31.75781059185926
97,0,-177.49239637268204,-32.25210816297669,-177.54952428559366,-32.37701511655562,9.282422561422715,10.206772952208444,15.854808869873798,"POLYGON Z ((2477284.29824714 6384858.0622532 -10206.7729522084, 2490702.95861164 6378218.3988297 -9282.42256142271, 2497355.26491096 6391662.61025693 -9282.42256142271, 2483936.60454646 6398302.27368043 -10206.7729522084, 2477284.29824714 6384858.0622532 -10206.7729522084))",linear_extrapolation_same_along_strike,-177.59433455747754,-32.29032547020826
97,1,-177.61888952684265,-32.17600789096309,-177.67992482613855,-32.299594115034154,10.111787843052786,11.207282623977017,15.992476707909184,"POLYGON Z ((2465889.54870162 6394915.97187236 -11207.282623977, 2479123.9979183 6387941.07078947 -10111.7878430528, 2486117.57516876 6401210.95689455 -10111.7878430528, 2472883.12595208 6408185.85797744 -11207.282623977, 2465889.54870162 6394915.97187236 -11207.282623977))",2d_linear_centroids_interior,-177.72188454523516,-32.21190750412404
97,2,-177.7466989517897,-32.09646064068775,-177.80588829504313,-32.220712641570174,11.267747886994426,12.835650848464235,16.391049142355186,"POLYGON Z ((2454666.1188411 6404544.59288093 -12835.6508484642, 2467958.04496083 6397772.12063431 -11267.7478869944, 2474767.82072703 6411137.26014028 -11267.7478869944, 2461475.89460731 6417909.7323869 -12835.6508484642, 2454666.1188411 6404544.59288093 -12835.6508484642))",2d_linear_centroids_interior,-177.84889392160994,-32.13352417030439
97,3,-177.87513704611908,-32.01511771694859,-177.92936855142392,-32.1410171461836,12.753512959758448,15.056801334162735,16.788316723609334,"POLYGON Z ((2443580.86641211 6413921.46489543 -15056.8013341627, 2457014.03730816 6407656.89928066 -12753.5129597584, 2463353.78932717 6421251.29313759 -12753.5129597584, 2449920.61843112 6427515.85875237 -15056.8013341627, 2443580.86641211 6413921.46489543 -15056.8013341627))",2d_linear_centroids_interior,-177.9752824320055,-32.05522891003528
97,4,-178.00082033625478,-31.937799223637608,-178.05628531867578,-32.063328852270665,14.977326841049674,18.393064499752878,17.181731045510613,"POLYGON Z ((2432511.80368925 6423597.38666095 -18393.0644997529, 2445704.18152826 6417328.90174035 -14977.3268410497, 2452141.79789794 6430877.22619309 -14977.3268410497, 2438949.42005893 6437145.71111369 -18393.0644997529, 2432511.80368925 6423597.38666095 -18393.0644997529))",2d_linear_centroids_interior,-178.10024361695085,-31.97752830006539
97,5,-178.12653428154468,-31.859845113505326,-178.18183556335865,-31.985446996095423,17.632829082000253,22.3058117141761,17.5733344410723,"POLYGON Z ((2421617.24863525 6433083.07275277 -22305.8117141761, 2434505.03195831 6426994.70069307 -17632.8290820003, 2440912.25563239 6440557.42478488 -17632.8290820003, 2428024.47230933 6446645.79684457 -22305.8117141761, 2421617.24863525 6433083.07275277 -22305.8117141761))",2d_linear_centroids_interior,-178.22412650998123,-31.900213841520372
97,6,-178.24622405356303,-31.78527788674992,-178.30007359951864,-31.91135680079679,22.789066782414455,28.933033413054364,17.94846673305182,"POLYGON Z ((2411510.12405038 6441874.92457225 -28933.0334130544, 2423945.97784438 6436165.17725247 -22789.0667824145, 2430204.83866061 6449797.00256249 -22789.0667824145, 2417768.98486661 6455506.74988228 -28933.0334130544, 2411510.12405038 6441874.92457225 -28933.0334130544))",2d_linear_centroids_interior,-178.3404967550734,-31.827329994940325
97,7,-178.36097604456174,-31.716530773158443,-178.4218790521934,-31.84026492428303,28.50928994202222,35.9106053491781,18.316166831247873,"POLYGON Z ((2401415.63176112 6451010.63892121 -35910.6053491781, 2413002.65409008 6445013.8527993 -28509.2899420222, 2419897.17113073 6458335.47562747 -28509.2899420222, 2408310.14880177 6464332.26174939 -35910.6053491781, 2401415.63176112 6451010.63892121 -35910.6053491781))",2d_linear_centroids_interior,-178.45439250586895,-31.75575385264938
97,8,-178.4729752628135,-31.64730237714645,-178.53550165491936,-31.770457782595468,35.41085087184339,43.81475394898477,18.67012566887623,"POLYGON Z ((2391833.44012308 6459466.72000115 -43814.7539489848, 2402808.76755771 6453642.9239219 -35410.8508718434, 2409839.64874608 6466893.08277812 -35410.8508718434, 2398864.32131145 6472716.87885737 -43814.7539489848, 2391833.44012308 6459466.72000115 -43814.7539489848))",2d_linear_centroids_interior,-178.5638741305377,-31.686725870306415
97,9,-178.57907817185702,-31.57971495240755,-178.6375099834488,-31.70434469355592,43.86245368645705,53.07209331528049,18.07553423835494,"POLYGON Z ((2383056.38766229 6467004.07315529 -53072.0933152805, 2393672.39658139 6461761.66030081 -43862.4536864571, 2400314.03945822 6475211.1428149 -43862.4536864571, 2389698.03053912 6480453.55566938 -53072.0933152805, 2383056.38766229 6467004.07315529 -53072.0933152805))",2d_linear_centroids_interior,-178.66576326932235,-31.62228599715566
98,0,-177.44434186745033,-32.119051102078835,-177.50767407397748,-32.24173154550002,9.381573457667828,10.327186715041929,17.54988774122007,"POLYGON Z ((2482893.65924894 6400163.12388548 -10327.1867150419, 2496010.86756578 6392948.92527855 -9381.57345766783, 2503239.44420695 6406092.27643961 -9381.57345766783, 2490122.23589011 6413306.47504653 -10327.1867150419, 2482893.65924894 6400163.12388548 -10327.1867150419))",linear_extrapolation_same_along_strike,-177.54795582718242,-32.153489071873956
98,1,-177.5720470327125,-32.04020983400062,-177.63471824555324,-32.16315337445771,10.100144008524001,11.232809816065366,17.909267204883335,"POLYGON Z ((2471595.74502593 6409909.00287718 -11232.8098160654, 2484742.52317501 6402776.03067287 -10100.144008524, 2491895.91857526 6415960.45080603 -10100.144008524, 2478749.14042619 6423093.42301034 -11232.8098160654, 2471595.74502593 6409909.00287718 -11232.8098160654))",2d_linear_centroids_interior,-177.67536000265096,-32.07505988517228
98,2,-177.6992051610293,-31.961542015259234,-177.76142761013602,-32.08466824641235,11.33875756383386,12.966987409550985,18.315911791516587,"POLYGON Z ((2460347.29970331 6419628.31478555 -12966.987409551, 2473483.78202915 6412572.70002336 -11338.7575638339, 2480581.33525909 6425787.26540207 -11338.7575638339, 2467444.85293325 6432842.88016426 -12966.987409551, 2460347.29970331 6419628.31478555 -12966.987409551))",2d_linear_centroids_interior,-177.80211799203457,-31.99673213637249
98,3,-177.82838569444596,-31.878047524501017,-177.88179972391114,-32.00416087737615,13.015648803675004,15.350995462126692,18.720757288874335,"POLYGON Z ((2449366.31445657 6428724.03514853 -15350.9954621267, 2462824.97124149 6422526.39741059 -13015.648803675, 2469099.11590057 6436151.19497962 -13015.648803675, 2455640.45911565 6442348.83271755 -15350.9954621267, 2449366.31445657 6428724.03514853 -15350.9954621267))",2d_linear_centroids_interior,-177.92811224157506,-31.91858324343973
98,4,-177.95314706420936,-31.802875317286603,-178.01199890669196,-31.927235928574277,14.902058461586632,18.475832493928763,19.123670189225944,"POLYGON Z ((2438172.61894416 6438707.64580171 -18475.8324939288, 2451177.95343107 6432143.39306058 -14902.0584615866, 2457936.83863383 6445534.34040629 -14902.0584615866, 2444931.50414693 6452098.59314743 -18475.8324939288, 2438172.61894416 6438707.64580171 -18475.8324939288))",2d_linear_centroids_interior,-178.05330432222348,-31.84064234744054
98,5,-178.07921997953238,-31.722502924100006,-178.13232576266878,-31.848753521294963,18.148499954936735,22.937131244507828,19.518473844629625,"POLYGON Z ((2427525.56489808 6447728.16782976 -22937.1312445078, 2440463.24732167 6441838.73798649 -18148.4999549367, 2446677.86841109 6455490.78855462 -18148.4999549367, 2433740.1859875 6461380.2183979 -22937.1312445078, 2427525.56489808 6447728.16782976 -22937.1312445078))",2d_linear_centroids_interior,-178.1757828033753,-31.764111417931893
98,6,-178.19593716956754,-31.65307882411641,-178.25693175230077,-31.776718320694687,23.292241359534632,29.59988640154301,19.893726755944083,"POLYGON Z ((2417191.91545941 6457118.26207995 -29599.886401543, 2429263.06146314 6450833.27614675 -23292.2413595346, 2436190.28362438 6464137.92169366 -23292.2413595346, 2424119.13762065 6470422.90762686 -29599.886401543, 2417191.91545941 6457118.26207995 -29599.886401543))",2d_linear_centroids_interior,-178.29201849458565,-31.691225594971694
98,7,-178.31465073095302,-31.577910164930362,-178.37168630490237,-31.70293970931866,29.078236134678352,36.6188521364727,20.263249394666325,"POLYGON Z ((2407332.19806547 6465592.02283408 -36618.8521364727, 2418998.0260252 6459930.96566007 -29078.2361346784, 2425546.71595262 6473425.95214522 -29078.2361346784, 2413880.88799289 6479087.00931923 -36618.8521364727, 2407332.19806547 6465592.02283408 -36618.8521364727))",2d_linear_centroids_interior,-178.4063103081781,-31.619315778556786
98,8,-178.4226800217397,-31.513046247386363,-178.48724112286112,-31.63538143925211,36.395188577253286,44.8459575565197,20.611792347523036,"POLYGON Z ((2397725.89529273 6474300.56636305 -44845.9575565197, 2408584.55516883 6468327.79402901 -36395.1885772533, 2415813.80978061 6481470.7722972 -36395.1885772533, 2404955.14990451 6487443.54463124 -44845.9575565197, 2397725.89529273 6474300.56636305 -44845.9575565197))",2d_linear_centroids_interior,-178.5139598272222,-31.55136480141303
99,0,-177.39800108228906,-31.982142835001618,-177.46071764399557,-32.10500114350364,9.363795059222165,10.346596703845313,19.48990574535022,"POLYGON Z ((2488685.33625228 6414965.71064424 -10346.5967038453, 2501825.29611139 6407798.03627745 -9363.79505922216, 2509008.40519063 6420966.29143732 -9363.79505922216, 2495868.44533153 6428133.96580412 -10346.5967038453, 2488685.33625228 6414965.71064424 -10346.5967038453))",linear_extrapolation_same_along_strike,-177.50129176263349,-32.016894935902464
99,1,-177.52593016599405,-31.902246461252425,-177.58606471344189,-32.0260569787836,10.325127036777284,11.49629850767104,19.855997471366486,"POLYGON Z ((2477441.87511839 6424566.56785284 -11496.298507671, 2490703.3984251 6417655.68100879 -10325.1270367773, 2497635.44711095 6430957.81245518 -10325.1270367773, 2484373.92380424 6437868.69929923 -11496.298507671, 2477441.87511839 6424566.56785284 -11496.298507671))",2d_linear_centroids_interior,-177.62836038522138,-31.93857256767636
99,2,-177.65242445561813,-31.824612507687636,-177.71380321413838,-31.947997205771216,11.508972661721641,13.174120816131417,20.26268540021742,"POLYGON Z ((2466156.35526116 6434404.98215792 -13174.1208161314, 2479324.58168227 6427417.48657322 -11508.9726617216, 2486355.53344875 6440667.6079786 -11508.9726617216, 2473187.30702764 6447655.10356331 -13174.1208161314, 2466156.35526116 6434404.98215792 -13174.1208161314))",2d_linear_centroids_interior,-177.7549392588021,-31.860257072845815
99,3,-177.77937167064496,-31.745231865601692,-177.83902256622025,-31.869250679365894,13.082147518286696,15.52292065861281,20.66775155270482,"POLYGON Z ((2455007.99428098 6443984.1706319 -15522.9206586128, 2468170.87768409 6437217.99542033 -13082.1475182867, 2475028.44658187 6450558.67564332 -13082.1475182867, 2461865.56317876 6457324.85085489 -15522.9206586128, 2455007.99428098 6443984.1706319 -15522.9206586128))",2d_linear_centroids_interior,-177.8808118335741,-31.782086459734263
99,4,-177.90583695689452,-31.666268438890896,-177.96425885506878,-31.7907322169646,15.031391410437358,18.636290570724338,21.070276067673284,"POLYGON Z ((2443979.80977407 6453508.81137569 -18636.2905707243, 2456992.60284208 6446976.43672222 -15031.3914104374, 2463722.20821045 6460382.12251542 -15031.3914104374, 2450709.41514244 6466914.49716889 -18636.2905707243, 2443979.80977407 6453508.81137569 -18636.2905707243))",2d_linear_centroids_interior,-178.0056956826583,-31.70424187071232
99,5,-178.02902084336515,-31.58942961575733,-178.08645792588345,-31.714246562529656,18.76413947788605,23.733578291665925,21.465282515332564,"POLYGON Z ((2433366.25225047 6462717.89288953 -23733.5782916659, 2446064.30250174 6456467.75707563 -18764.1394778861, 2452688.52890983 6469925.8261977 -18764.1394778861, 2439990.47865856 6476175.96201159 -23733.5782916659, 2433366.25225047 6462717.89288953 -23733.5782916659))",2d_linear_centroids_interior,-178.12654816797965,-31.62863693196398
99,6,-178.14755864874778,-31.51707444579023,-178.20808320812907,-31.640836213245976,23.839513885733876,30.365260270011763,21.84901545105822,"POLYGON Z ((2423148.50462442 6471804.08437938 -30365.2602700118, 2435143.31308654 6465596.089205 -23839.5138857339, 2442037.97208703 6478917.63856184 -23839.5138857339, 2430043.16362491 6485125.63373622 -30365.2602700118, 2423148.50462442 6471804.08437938 -30365.2602700118))",2d_linear_centroids_interior,-178.24287623667325,-31.555608499114488
99,7,-178.26626235951676,-31.441931294034468,-178.323074231089,-31.56699352154914,29.552377168727805,37.26474815801431,22.226826270241563,"POLYGON Z ((2413261.53501598 6480314.23383462 -37264.7481580143, 2424840.47761147 6474706.43372282 -29552.3771687278, 2431378.69594808 6488206.49672204 -29552.3771687278, 2419799.75335259 6493814.29683384 -37264.7481580143, 2413261.53501598 6480314.23383462 -37264.7481580143))",2d_linear_centroids_interior,-178.35724070490184,-31.48356985156478
99,8,-178.37288746436698,-31.3780880042926,-178.43716724574423,-31.500481170656947,37.17042809115635,46.076128984618364,22.574825770051685,"POLYGON Z ((2403959.10226071 6488784.92584352 -46076.1289846184, 2414541.3745769 6482979.41086014 -37170.4280911564, 2421756.09299757 6496130.3742511 -37170.4280911564, 2411173.82068138 6501935.88923448 -46076.1289846184, 2403959.10226071 6488784.92584352 -46076.1289846184))",2d_linear_centroids_interior,-178.46243366300604,-31.41709565263124
100,0,-177.33970732406468,-31.85061446741895,-177.3969395090627,-31.975352689796715,9.462590016587656,10.428898403973312,21.4104132298064,"POLYGON Z ((2495781.08014051 6428393.6649709 -10428.8984039733, 2509177.17908551 6421714.53470145 -9462.59001658766, 2515870.2118651 6435138.51742683 -9462.59001658766, 2502474.11292011 6441817.64769628 -10428.8984039733, 2495781.08014051 6428393.6649709 -10428.8984039733))",linear_extrapolation_same_along_strike,-177.44126139163205,-31.88859974575493
100,1,-177.46630510467295,-31.773172925140255,-177.52499979182448,-31.897436694686068,10.401087557373819,11.576261633956136,21.77099156437328,"POLYGON Z ((2484448.22576306 6438277.21152204 -11576.2616339561, 2497771.25784026 6431486.35132913 -10401.0875573738, 2504583.05537672 6444850.46051465 -10401.0875573738, 2491260.02329951 6451641.32070755 -11576.2616339561, 2484448.22576306 6438277.21152204 -11576.2616339561))",2d_linear_centroids_interior,-177.56817752922592,-31.81030261824427
100,2,-177.59358359408665,-31.69367289426668,-177.65032089743323,-31.818618509449678,11.587270265842564,13.293753097769002,22.185860252154118,"POLYGON Z ((2473239.36886704 6447892.13968232 -13293.753097769, 2486613.80711009 6441318.53199496 -11587.2702658426, 2493230.37200115 6454780.36950112 -11587.2702658426, 2479855.93375811 6461353.97718849 -13293.753097769, 2473239.36886704 6447892.13968232 -13293.753097769))",2d_linear_centroids_interior,-177.69456389655403,-31.732038518859454
100,3,-177.719498771872,-31.616149829600936,-177.7776130590058,-31.740652915587592,13.127632595778993,15.590139257862404,22.59936056293892,"POLYGON Z ((2462015.00215823 6457691.57185643 -15590.1392578624, 2475239.58964204 6451054.82967201 -13127.632595779, 2481967.6140152 6464461.30900233 -13127.632595779, 2468743.02653139 6471098.05118674 -15590.1392578624, 2462015.00215823 6457691.57185643 -15590.1392578624))",2d_linear_centroids_interior,-177.8203332631484,-31.65386531812214
100,4,-177.84507101611027,-31.53759729169271,-177.90175890055284,-31.66260050365802,15.540178399507566,19.089798748560842,23.007701273354588,"POLYGON Z ((2451049.19871255 6467152.88347655 -19089.7987485608, 2464145.35857312 6460758.29261521 -15540.1783995076, 2470726.88403497 6474237.29564195 -15540.1783995076, 2457630.7241744 6480631.88650329 -19089.7987485608, 2451049.19871255 6467152.88347655 -19089.7987485608))",2d_linear_centroids_interior,-177.9443375258976,-31.576504734362253
100,5,-177.96850887350243,-31.462441357511818,-178.02911815066858,-31.586107910464573,18.49491265379554,23.439600595684247,23.41203479279153,"POLYGON Z ((2440149.37856512 6476837.77471918 -23439.6005956842, 2452709.86061316 6470296.7998776 -18494.9126537955, 2459638.0912776 6483600.92028671 -18494.9126537955, 2447077.60922956 6490141.89512829 -23439.6005956842, 2440149.37856512 6476837.77471918 -23439.6005956842))",2d_linear_centroids_interior,-178.0669335112489,-31.499744902424975
100,6,-178.08639100082772,-31.389366884156313,-178.1474335804652,-31.512893369565877,23.8924263276245,30.333711846846377,23.791936787618514,"POLYGON Z ((2430085.191164 6485663.20291204 -30333.7118468464, 2442087.84684473 6479382.59008608 -23892.4263276245, 2449042.30985487 6492673.01687534 -23892.4263276245, 2437039.65417414 6498953.6297013 -30333.7118468464, 2430085.191164 6485663.20291204 -30333.7118468464))",2d_linear_centroids_interior,-178.18194848691232,-31.427480474756614
100,7,-178.20295649244466,-31.31684188039859,-178.26400425170326,-31.440382297573798,29.831470929798584,37.60865276513183,24.165951941653354,"POLYGON Z ((2420237.93190104 6494297.40680951 -37608.6527651318, 2431608.24449454 6488361.79949211 -29831.4709297986, 2438549.74061673 6501659.00339314 -29831.4709297986, 2427179.42802323 6507594.61071054 -37608.6527651318, 2420237.93190104 6494297.40680951 -37608.6527651318))",2d_linear_centroids_interior,-178.29501751784312,-31.35620154862084
100,8,-178.3088613365129,-31.25180247244831,-178.37262088041564,-31.37434374865661,37.82369986380612,46.78120033639693,24.5069271631396,"POLYGON Z ((2411250.50903892 6502304.38243019 -46781.2003363969, 2421814.52942147 6496545.50592166 -37823.6998638061, 2428994.12463848 6509715.67723869 -37823.6998638061, 2418430.10425592 6515474.55374722 -46781.2003363969, 2411250.50903892 6502304.38243019 -46781.2003363969))",2d_linear_centroids_interior,-178.3979568760219,-31.29110386042658
101,0,-177.2720858022623,-31.725176580667693,-177.32410448771134,-31.851521147534264,9.370943903702262,10.330572647625182,23.311150055888145,"POLYGON Z ((2503727.5194835 6441116.69050862 -10330.5726476252, 2517346.60237243 6434903.82531306 -9370.94390370226, 2523572.2208376 6448550.86435918 -9370.94390370226, 2509953.13794866 6454763.72955473 -10330.5726476252, 2503727.5194835 6441116.69050862 -10330.5726476252))",linear_extrapolation_same_along_strike,-177.3718780686262,-31.76615251834888
101,1,-177.39835787664856,-31.64814027622028,-177.45260318041494,-31.773823532934497,10.11064505185042,11.273432176171314,23.682864276901384,"POLYGON Z ((2492363.7907177 6451058.00956285 -11273.4321761713, 2505882.05981651 6444662.36052028 -10110.6450518504, 2512297.01232431 6458221.43070679 -10110.6450518504, 2498778.7432255 6464617.07974936 -11273.4321761713, 2492363.7907177 6451058.00956285 -11273.4321761713))",2d_linear_centroids_interior,-177.49874301858557,-31.687839765892903
101,2,-177.52647672699584,-31.566939193926064,-177.5755732188,-31.69418454441137,11.432774161701362,13.051523981080384,24.097577618431963,"POLYGON Z ((2481242.02075076 6460462.23916875 -13051.5239810804, 2494942.55905553 6454573.69952112 -11432.7741617014, 2500865.69011609 6468354.71974603 -11432.7741617014, 2487165.15181132 6474243.25939367 -13051.5239810804, 2481242.02075076 6460462.23916875 -13051.5239810804))",2d_linear_centroids_interior,-177.624926747816,-31.60965485214105
101,3,-177.65001405207943,-31.493352862653364,-177.70712065369733,-31.618149298453908,12.997164642737637,15.456133280057552,24.51067987630399,"POLYGON Z ((2469864.94914184 6470695.00421363 -15456.1332800576, 2483129.48159416 6464137.1347378 -12997.1646427376, 2489777.2840889 6477583.57374562 -12997.1646427376, 2476512.75163658 6484141.44322145 -15456.1332800576, 2469864.94914184 6470695.00421363 -15456.1332800576))",2d_linear_centroids_interior,-177.75042196760046,-31.53160691737944
101,4,-177.77643048468855,-31.414169388060955,-177.83198845722703,-31.539498521892153,14.85053302516652,18.328035964742423,24.92242385138195,"POLYGON Z ((2458802.99631247 6480232.70823578 -18328.0359647424, 2471958.08310271 6473919.96993559 -14850.5330251665, 2478447.62591239 6487443.49884344 -14850.5330251665, 2465292.53912216 6493756.23714363 -18328.0359647424, 2458802.99631247 6480232.70823578 -18328.0359647424))",2d_linear_centroids_interior,-177.87530792014275,-31.453651042354764
101,5,-177.89857973155696,-31.339802837174652,-177.95807849238906,-31.463815439400427,18.29291882164211,23.239789171230587,25.329379304640277,"POLYGON Z ((2448018.49670818 6489821.22610255 -23239.7891712306, 2460621.90916813 6483365.03000046 -18292.9188216421, 2467460.70987906 6496715.34103939 -18292.9188216421, 2454857.29741911 6503171.53714148 -23239.7891712306, 2448018.49670818 6489821.22610255 -23239.7891712306))",2d_linear_centroids_interior,-177.99654688944582,-31.377697826113288
101,6,-178.01759795873406,-31.2653458311663,-178.0758301501357,-31.38981799409175,23.481332419179605,29.883024757806453,25.719632991295647,"POLYGON Z ((2437914.47725174 6498606.43753193 -29883.0247578065, 2450047.86713232 6492540.20433435 -23481.3324191796, 2456755.66260057 6505956.8164237 -23481.3324191796, 2444622.27271999 6512023.04962128 -29883.0247578065, 2437914.47725174 6498606.43753193 -29883.0247578065))",2d_linear_centroids_interior,-178.1122538897824,-31.30495855952008
101,7,-178.13155899185406,-31.197216805607635,-178.19725042293527,-31.318936920712577,29.45785336320144,37.323248294865536,26.099433138018515,"POLYGON Z ((2427958.64000421 6507668.22329458 -37323.2482948655, 2439076.82951956 6501381.61654134 -29457.8533632014, 2446459.83568878 6514438.84518701 -29457.8533632014, 2435341.64617344 6520725.45194025 -37323.2482948655, 2427958.64000421 6507668.22329458 -37323.2482948655))",2d_linear_centroids_interior,-178.22469947886833,-31.234033988964818
101,8,-178.24023162867965,-31.127733628889555,-178.30148733996924,-31.25116274206699,37.34993029871353,46.20437445989103,26.451457635393623,"POLYGON Z ((2418980.74839499 6515350.15737927 -46204.374459891, 2429705.64117112 6509730.94982507 -37349.9302987135, 2436667.11344172 6523017.70653337 -37349.9302987135, 2425942.2206656 6528636.91408758 -46204.374459891, 2418980.74839499 6515350.15737927 -46204.374459891))",2d_linear_centroids_interior,-178.32877916467922,-31.16817917031918
102,0,-177.20185871713787,-31.603120195151657,-177.25295947361832,-31.72969484383926,9.287522745614522,10.195725306391527,25.233847985566346,"POLYGON Z ((2511695.43287613 6454023.74191281 -10195.7253063915, 2525350.36332191 6447882.24025365 -9287.52274561452, 2531503.15315211 6461562.26866391 -9287.52274561452, 2517848.22270633 6467703.77032306 -10195.7253063915, 2511695.43287613 6454023.74191281 -10195.7253063915))",linear_extrapolation_same_along_strike,-177.30124496543283,-31.644568702246964
102,1,-177.3302041183434,-31.522326590557626,-177.37692496670863,-31.650159802249394,9.91322866387318,11.01162122962955,25.601894037622568,"POLYGON Z ((2500497.10512471 6463529.81500241 -11011.6212296296, 2514322.00469046 6457814.42474729 -9913.22866387318, 2520052.78001257 6471676.53909567 -9913.22866387318, 2506227.88044681 6477391.92935078 -11011.6212296296, 2500497.10512471 6463529.81500241 -11011.6212296296))",2d_linear_centroids_interior,-177.4280096579297,-31.566273460226196
102,2,-177.45660729907218,-31.44411863927119,-177.50345329851427,-31.571944795806516,11.025632256391914,12.632103364914215,26.02532188371223,"POLYGON Z ((2489230.81604675 6473297.11997825 -12632.1033649142, 2503015.21290506 6467604.17225055 -11025.6322563919, 2508741.09325584 6481468.30923085 -11025.6322563919, 2494956.69639754 6487161.25695855 -12632.1033649142, 2489230.81604675 6473297.11997825 -12632.1033649142))",2d_linear_centroids_interior,-177.55417947667746,-31.488053487485868
102,3,-177.58039560956013,-31.36935262024666,-177.63296199292554,-31.49555972102141,12.830355366202642,15.186165299380104,26.446004803308483,"POLYGON Z ((2477914.41288343 6483360.27187687 -15186.1652993801, 2491385.37236194 6477197.2036242 -12830.3553662026, 2497625.88527119 6490837.43817605 -12830.3553662026, 2484154.92579268 6497000.50642872 -15186.1652993801, 2477914.41288343 6483360.27187687 -15186.1652993801))",2d_linear_centroids_interior,-177.6793348978878,-31.410174320053418
102,4,-177.70564986538574,-31.291530733697588,-177.75830326107535,-31.417734216756408,14.888709983278298,18.340296771567825,26.864041732483784,"POLYGON Z ((2466869.6181596 6492964.90655023 -18340.2967715678, 2480147.17602026 6486899.18269402 -14888.7099832783, 2486380.15807472 6500542.86015681 -14888.7099832783, 2473102.60021406 6506608.58401303 -18340.2967715678, 2466869.6181596 6492964.90655023 -18340.2967715678))",2d_linear_centroids_interior,-177.8035094231317,-31.33262186272055
102,5,-177.8268845304645,-31.21777939623125,-177.8838791346698,-31.342607108153306,18.530829647925874,23.3549014072982,27.2708561084995,"POLYGON Z ((2456096.22638385 6502553.98776329 -23354.9014072982, 2468841.16493351 6496285.42548588 -18530.8296479259, 2475461.43574955 6509745.44087675 -18530.8296479259, 2462716.49719989 6516014.00315416 -23354.9014072982, 2456096.22638385 6502553.98776329 -23354.9014072982))",2d_linear_centroids_interior,-177.9241652881335,-31.25699621761178
102,6,-177.94635454045365,-31.1450840113655,-178.00750834560486,-31.268469357146028,23.033430220412846,29.418438103543995,27.668248966463775,"POLYGON Z ((2445684.08206463 6511855.16123049 -29418.438103544, 2457693.07512369 6505529.36009231 -23033.4302204128, 2464683.83917938 6518800.72844368 -23033.4302204128, 2452674.84612032 6525126.52958186 -29418.438103544, 2445684.08206463 6511855.16123049 -29418.438103544))",2d_linear_centroids_interior,-178.04185085280224,-31.18297515703648
102,7,-178.0636421040092,-31.071020563334358,-178.12196188813635,-31.19543291129066,28.76125176811913,36.4754400141308,28.050188042625713,"POLYGON Z ((2435891.98310515 6520322.14371043 -36475.4400141308, 2447395.33131323 6514563.30010179 -28761.2517681191, 2454110.22220511 6527976.36240353 -28761.2517681191, 2442606.87399702 6533735.20601216 -36475.4400141308, 2435891.98310515 6520322.14371043 -36475.4400141308))",2d_linear_centroids_interior,-178.1547962035558,-31.1116966744701
102,8,-178.16638302322846,-31.008308858220264,-178.22833687383215,-31.131429157567325,37.210960195819474,46.18077950460945,28.388324545801666,"POLYGON Z ((2427158.10460634 6528157.21625208 -46180.7795046094, 2437774.4946598 6522515.00003854 -37210.9601958195, 2444814.02103856 6535760.56791472 -37210.9601958195, 2434197.6309851 6541402.78412827 -46180.7795046094, 2427158.10460634 6528157.21625208 -46180.7795046094))",2d_linear_centroids_interior,-178.25465477096665,-31.048482175744507
103,0,-177.13198048864328,-31.480759487425004,-177.18164838331833,-31.607708754056134,9.163489442824256,10.061750617792136,27.528848367869234,"POLYGON Z ((2519677.45446077 6466896.54572075 -10061.7506177921, 2533386.56615678 6460875.46746449 -9163.48944282426, 2539418.46963995 6474609.22661374 -9163.48944282426, 2525709.35794394 6480630.30487001 -10061.7506177921, 2519677.45446077 6466896.54572075 -10061.7506177921))",linear_extrapolation_same_along_strike,-177.23077505371836,-31.522977883338896
103,1,-177.26074695467815,-31.399132259518137,-177.3043997750183,-31.527720702884924,9.81883626651634,10.868319506054501,27.54674755427847,"POLYGON Z ((2508526.78755669 6476298.10090772 -10868.3195060545, 2522464.8335923 6470854.80616656 -9818.83626651634, 2527921.50039608 6484827.09257189 -9818.83626651634, 2513983.45436047 6490270.38731305 -10868.3195060545, 2508526.78755669 6476298.10090772 -10868.3195060545))",2d_linear_centroids_interior,-177.35737904838567,-31.444737086887194
103,2,-177.38646795725518,-31.321807003535504,-177.43178178547936,-31.450000178223668,10.904421471461093,12.409559959785224,27.970333481397567,"POLYGON Z ((2497209.9469466 6486170.15306163 -12409.5599597852, 2511057.3341387 6480603.78745354 -10904.4214714611, 2516651.93599119 6494521.41764377 -10904.4214714611, 2502804.54879909 6500087.78325187 -12409.5599597852, 2497209.9469466 6486170.15306163 -12409.5599597852))",2d_linear_centroids_interior,-177.48344311744253,-31.366538722372994
103,3,-177.51284619940802,-31.242787979172416,-177.55659357403331,-31.371408373598396,12.445492226188582,14.641818309428922,28.392183734681588,"POLYGON Z ((2486052.41087741 6495784.6717877 -14641.8183094289, 2499883.60952702 6490411.20962155 -12445.4922261886, 2505315.61646618 6504393.10150401 -12445.4922261886, 2491484.41781657 6509766.56367016 -14641.8183094289, 2486052.41087741 6495784.6717877 -14641.8183094289))",2d_linear_centroids_interior,-177.60879477376923,-31.288493998433225
103,4,-177.6332130285556,-31.173629455695824,-177.69240278322127,-31.29763332514414,14.423200915265395,17.81325772297063,28.811058311641624,"POLYGON Z ((2474591.64349339 6506427.74260726 -17813.2577229706, 2487590.68290845 6499754.47585653 -14423.2009152654, 2494441.19696133 6513098.78015503 -14423.2009152654, 2481442.15754628 6519772.04690577 -17813.2577229706, 2474591.64349339 6506427.74260726 -17813.2577229706))",2d_linear_centroids_interior,-177.73306912520403,-31.21083614531798
103,5,-177.75738924529747,-31.095819929442776,-177.8152295543128,-31.22031313808045,17.520284653995674,22.372654508818982,29.229447107829458,"POLYGON Z ((2463860.78035488 6515719.54542543 -22372.654508819, 2476554.49496074 6509369.41815922 -17520.2846539957, 2483265.46337198 6522784.4434288 -17520.2846539957, 2470571.74876612 6529134.570695 -22372.654508819, 2463860.78035488 6515719.54542543 -22372.654508819))",2d_linear_centroids_interior,-177.8547721639279,-31.13451106000253
103,6,-177.87886567592986,-31.02001963985564,-177.9362778641722,-31.144679021188733,21.812369369970245,28.067428545987216,29.63821670861389,"POLYGON Z ((2453436.23098359 6524816.64768723 -28067.4285459872, 2465653.69055148 6518766.20006649 -21812.3693699702, 2472310.54663491 6532208.15926463 -21812.3693699702, 2460093.08706702 6538258.60688538 -28067.4285459872, 2453436.23098359 6524816.64768723 -28067.4285459872))",2d_linear_centroids_interior,-177.97336880136936,-31.059873187950256
103,7,-177.9926715347466,-30.949933426918385,-178.05205581462278,-31.073924284479634,28.125899427781242,35.846192575889724,30.02025147827785,"POLYGON Z ((2443743.76525866 6533415.17366307 -35846.1925758897, 2455195.51215309 6527562.43355495 -28125.8994277812, 2462021.83128725 6540919.13101646 -28125.8994277812, 2450570.08439283 6546771.87112459 -35846.1925758897, 2443743.76525866 6533415.17366307 -35846.1925758897))",2d_linear_centroids_interior,-178.08405021595865,-30.989984282518062
103,8,-178.0986220073962,-30.885649961182335,-178.16302777474058,-31.007781497381487,35.94401472845845,44.97099438379064,30.377394765199163,"POLYGON Z ((2434666.2501735 6541607.08997594 -44970.9943837906, 2445140.80788664 6535793.54725086 -35944.0147284584, 2452420.03953573 6548908.91177491 -35944.0147284584, 2441945.48182259 6554722.4545 -44970.9943837906, 2434666.2501735 6541607.08997594 -44970.9943837906))",2d_linear_centroids_interior,-178.1873817800399,-30.924533799664538
103,9,-178.20357988450436,-30.819573130346722,-178.2680328000261,-30.941699041628294,44.23061193172427,53.86956222113068,29.193941096127396,"POLYGON Z ((2425591.67287267 6549531.53734184 -53869.5622211307, 2435643.81744581 6543959.7309203 -44230.6119317243, 2442915.77375286 6557079.13073387 -44230.6119317243, 2432863.62917972 6562650.93715541 -53869.5622211307, 2425591.67287267 6549531.53734184 -53869.5622211307))",2d_linear_centroids_interior,-178.29002512221626,-30.859325526199935
104,0,-177.0641404562348,-31.355396173582566,-177.10702447176732,-31.484109039775248,8.888187874003702,9.746521941825163,29.38529894266991,"POLYGON Z ((2527804.47297332 6479422.2507937 -9746.52194182516, 2541770.90882955 6474018.36958647 -8888.1878740037, 2547183.65902586 6488007.72751714 -8888.1878740037, 2533217.22316963 6493411.60872436 -9746.52194182516, 2527804.47297332 6479422.2507937 -9746.52194182516))",linear_extrapolation_same_along_strike,-177.16048705428233,-31.40136815832774
104,1,-177.19029699819595,-31.27771059503237,-177.23402515343992,-31.406243287669284,9.726373042806188,10.709124415858826,29.50426686898532,"POLYGON Z ((2516472.24980726 6489267.43289219 -10709.1244158588, 2530407.55429698 6483804.69653415 -9726.37304280619, 2535882.05278416 6497770.00592255 -9726.37304280619, 2521946.74829443 6503232.74228059 -10709.1244158588, 2516472.24980726 6489267.43289219 -10709.1244158588))",2d_linear_centroids_interior,-177.2868594259611,-31.323225258384372
104,2,-177.3135797454933,-31.20422314311898,-177.36553928971068,-31.33050463623324,10.817814404152502,12.29799416705476,29.935813885794154,"POLYGON Z ((2504989.23271718 6499567.92522664 -12297.9941670548, 2518570.48349662 6493374.48554134 -10817.8144041525, 2524794.29943944 6507022.34673311 -10817.8144041525, 2511213.04866 6513215.78641841 -12297.9941670548, 2504989.23271718 6499567.92522664 -12297.9941670548))",2d_linear_centroids_interior,-177.41268383788213,-31.245131402490653
104,3,-177.43897832374375,-31.126660753823153,-177.49194466343627,-31.252657467163452,12.26858558751983,14.47215534482836,30.366018056860543,"POLYGON Z ((2493758.49368177 6509351.645752 -14472.1553448284, 2507222.95789882 6503118.46970184 -12268.5855875198, 2513524.50155299 6516730.61676153 -12268.5855875198, 2500060.03733593 6522963.79281169 -14472.1553448284, 2493758.49368177 6509351.645752 -14472.1553448284))",2d_linear_centroids_interior,-177.5379223209081,-31.16711395694327
104,4,-177.56481019287162,-31.04826896226634,-177.61758862267186,-31.174347716189125,13.864509387791855,17.174704931478665,30.795082459028983,"POLYGON Z ((2482641.07786809 6519004.56720494 -17174.7049314787, 2495932.52065004 6512890.63604433 -13864.5093877919, 2502200.99263337 6526518.04441842 -13864.5093877919, 2488909.54985141 6532631.97557903 -17174.7049314787, 2482641.07786809 6519004.56720494 -17174.7049314787))",2d_linear_centroids_interior,-177.66263597221365,-31.089138576161133
104,5,-177.6863751476991,-30.973420868810386,-177.74141021597453,-31.09880540578635,17.51427687628459,22.17252574433167,31.21006466001927,"POLYGON Z ((2471903.79679815 6528466.217706 -22172.5257443317, 2484770.66295321 6522322.56465337 -17514.2768762846, 2491233.87620256 6535858.69683703 -17514.2768762846, 2478367.0100475 6542002.34988966 -22172.5257443317, 2471903.79679815 6528466.217706 -22172.5257443317))",2d_linear_centroids_interior,-177.7830733316754,-31.013566972973035
104,6,-177.8056794570241,-30.90072556863387,-177.86489501311343,-31.02470959054648,21.927964604765243,28.130773565795725,31.616162284861215,"POLYGON Z ((2461452.3754001 6537799.21447667 -28130.7735657957, 2473608.62287151 6531574.19974523 -21927.9646047652, 2480445.58116784 6544925.45441489 -21927.9646047652, 2468289.33369643 6551150.46914634 -28130.7735657957, 2461452.3754001 6537799.21447667 -28130.7735657957))",2d_linear_centroids_interior,-177.90075815110112,-30.939466272186777
104,7,-177.92067624494857,-30.829612149020587,-177.98094821888222,-30.953235197943958,27.96371886782156,35.79120391420064,32.00032037850386,"POLYGON Z ((2451766.07698814 6546363.59120885 -35791.2039142006, 2463118.09940355 6540459.18057539 -27963.7188678216, 2470039.64442455 6553766.78045374 -27963.7188678216, 2458687.62200913 6559671.19108721 -35791.2039142006, 2451766.07698814 6546363.59120885 -35791.2039142006))",2d_linear_centroids_interior,-178.01192681160987,-30.86923579917537
104,8,-178.02922455718027,-30.76195046744881,-178.0898313299123,-30.885467737131098,35.561679327060695,44.52602969736856,32.363483825473345,"POLYGON Z ((2442604.73412524 6554425.6612861 -44526.0296973686, 2453266.70768117 6548861.24376662 -35561.6793270607, 2460206.81406278 6562159.173057 -35561.6793270607, 2449544.84050685 6567723.59057647 -44526.0296973686, 2442604.73412524 6554425.6612861 -44526.0296973686))",2d_linear_centroids_interior,-178.11687876582783,-30.802725208050084
104,9,-178.1324374590413,-30.698313022129913,-178.19717358324692,-30.8202734076448,43.84609565126894,53.45487415466609,31.653400913168138,"POLYGON Z ((2433468.4451165 6562566.63601509 -53454.8741546661, 2443525.76268617 6556952.21360707 -43846.0956512689, 2450837.28360832 6570049.60501929 -43846.0956512689, 2440779.96603866 6575664.02742731 -53454.8741546661, 2433468.4451165 6562566.63601509 -53454.8741546661))",2d_linear_centroids_interior,-178.21900051748898,-30.737814694990213
105,0,-176.9967666420799,-31.23202617983648,-177.039143482049,-31.36082657648068,8.777973596157626,9.609886133545887,31.26651090896651,"POLYGON Z ((2535540.11478163 6492550.56219717 -9609.88613354589, 2549522.21286445 6487183.17412358 -8777.97359615763, 2554897.87481625 6501186.8257395 -8777.97359615763, 2540915.77673343 6506554.21381309 -9609.88613354589, 2535540.11478163 6492550.56219717 -9609.88613354589))",linear_extrapolation_same_along_strike,-177.0928193996156,-31.278233209899998
105,1,-177.1216316183084,-31.156223255210072,-177.1681775123741,-31.283986570111313,9.512239437995387,10.483171472098649,31.495714705263985,"POLYGON Z ((2524112.78037382 6502614.7768071 -10483.1714720986, 2537938.84709692 6496879.17135053 -9512.23943799539, 2543686.50601414 6510734.29375963 -9512.23943799539, 2529860.43929104 6516469.89921621 -10483.1714720986, 2524112.78037382 6502614.7768071 -10483.1714720986))",2d_linear_centroids_interior,-177.21906080353637,-31.200119762489855
105,2,-177.2463509026765,-31.08026560659832,-177.2968270730817,-31.20694842716839,10.51425667664266,11.883535017822041,31.92785669042797,"POLYGON Z ((2512726.23669832 6512647.91923017 -11883.535017822, 2526373.87112795 6506576.08661557 -10514.2566766427, 2532471.16122219 6520280.94172267 -10514.2566766427, 2518823.52679257 6526352.77433727 -11883.535017822, 2512726.23669832 6512647.91923017 -11883.535017822))",2d_linear_centroids_interior,-177.34490209787626,-31.121964542349982
105,3,-177.37292148794805,-31.00081571316803,-177.42139733197587,-31.128101334369315,11.630101948768761,13.740992213468258,32.35925844338891,"POLYGON Z ((2501541.72512512 6522259.13483191 -13740.9922134683, 2515197.57192583 6516422.8697209 -11630.1019487688, 2521092.49994982 6530215.97755024 -11630.1019487688, 2507436.65314912 6536052.24266125 -13740.9922134683, 2501541.72512512 6522259.13483191 -13740.9922134683))",2d_linear_centroids_interior,-177.47033396630857,-31.043776021618534
105,4,-177.49654676391486,-30.925587281847886,-177.54989021818363,-31.05144640971468,13.478133527016247,16.63305913163242,32.787818494082345,"POLYGON Z ((2490309.72231486 6532231.68396948 -16633.0591316324, 2503603.28064297 6526040.74289347 -13478.1335270162, 2509935.87684903 6539638.47157479 -13478.1335270162, 2496642.31852092 6545829.4126508 -16633.0591316324, 2490309.72231486 6532231.68396948 -16633.0591316324))",2d_linear_centroids_interior,-177.59460433765597,-30.96602829906729
105,5,-177.61785816374032,-30.852006163648827,-177.67634963037005,-30.976177437479702,16.78168778053146,21.427627900415057,33.211261520078715,"POLYGON Z ((2479456.73897945 6541931.87444499 -21427.6279004151, 2492171.23989041 6535469.93147188 -16781.6877805315, 2498967.38488581 6548842.00734668 -16781.6877805315, 2486252.88397486 6555303.95031979 -21427.6279004151, 2479456.73897945 6541931.87444499 -21427.6279004151))",2d_linear_centroids_interior,-177.7155437165216,-30.89009380372174
105,6,-177.73726533455454,-30.777602376951233,-177.79553977545254,-30.90186920492255,21.598077652577306,27.903457403146273,33.61859814049978,"POLYGON Z ((2469260.88488732 6550852.29824026 -27903.4574031463, 2481409.89199029 6544716.84286897 -21598.0776525773, 2488171.7821466 6558106.27308515 -21598.0776525773, 2476022.77504363 6564241.72845645 -27903.4574031463, 2469260.88488732 6550852.29824026 -27903.4574031463))",2d_linear_centroids_interior,-177.8317127730854,-30.816902916484185
105,7,-177.85184076031607,-30.707370894954614,-177.91324722695555,-30.830527402256518,27.62797523282961,35.42818380697442,34.0108703238124,"POLYGON Z ((2459432.14111858 6559618.91650728 -35428.1838069744, 2470746.01368391 6553606.17721679 -27627.9752328296, 2477785.39133294 6566851.82413623 -27627.9752328296, 2466471.51876761 6572864.56342671 -35428.1838069744, 2459432.14111858 6559618.91650728 -35428.1838069744))",2d_linear_centroids_interior,-177.9434280813041,-30.746285516833883
105,8,-177.96157021592074,-30.63863569171826,-178.02239604152433,-30.762023112614706,35.02831277271258,44.02153020657059,34.38241088137674,"POLYGON Z ((2450234.38468867 6567678.64239783 -44021.5302065706, 2460863.5044035 6562097.974492 -35028.3127727126, 2467836.38514881 6575378.74759117 -35028.3127727126, 2457207.26543398 6580959.415497 -44021.5302065706, 2450234.38468867 6567678.64239783 -44021.5302065706))",2d_linear_centroids_interior,-178.0490969438088,-30.679280332466544
105,9,-178.06336900737784,-30.573849125310208,-178.12197248005253,-30.698052471083564,43.918075407934715,53.49928286490408,34.12954282447062,"POLYGON Z ((2441542.57801891 6575195.2086853 -53499.2828649041, 2451847.56145873 6569998.3076884 -43918.0754079347, 2458601.90014921 6583391.54885155 -43918.0754079347, 2448296.91670939 6588588.44984844 -53499.2828649041, 2441542.57801891 6575195.2086853 -53499.2828649041))",2d_linear_centroids_interior,-178.14790487911907,-30.616441088064644
106,0,-176.94230395209146,-31.104817358914218,-176.99550120393363,-31.23058267423188,8.890599219072381,9.7020709202802,33.519895463526844,"POLYGON Z ((2541483.50612918 6507718.54851295 -9702.0709202802, 2555033.97772362 6501336.83767286 -8890.59921907238, 2561425.04748735 6514907.18134113 -8890.59921907238, 2547874.57589292 6521288.89218122 -9702.0709202802, 2541483.50612918 6507718.54851295 -9702.0709202802))",linear_extrapolation_same_along_strike,-177.04189974180593,-31.144835919030378
106,1,-177.06875796646816,-31.02614154045631,-177.12094607348232,-31.15224488523013,9.663405681310188,10.635912172206297,33.55574539261161,"POLYGON Z ((2530199.55621744 6517440.62701592 -10635.9121722063, 2543792.30239484 6511172.33518465 -9663.40568131019, 2550073.81002729 6524793.73973276 -9663.40568131019, 2536481.06384989 6531062.03156403 -10635.9121722063, 2530199.55621744 6517440.62701592 -10635.9121722063))",2d_linear_centroids_interior,-177.16793815738967,-31.066758079289954
106,2,-177.19451081762736,-30.948112822264385,-177.24690836809685,-31.074177245277898,10.651887678734132,12.011637123155426,33.99421818370095,"POLYGON Z ((2518914.27060411 6527224.32704212 -12011.6371231554, 2532477.90732627 6520965.02673635 -10651.8876787341, 2538763.08486123 6534584.73831017 -10651.8876787341, 2525199.44813907 6540844.03861594 -12011.6371231554, 2518914.27060411 6527224.32704212 -12011.6371231554))",2d_linear_centroids_interior,-177.29356521795347,-30.988647025927353
106,3,-177.31841578212735,-30.873412399465582,-177.37696912299108,-30.997473937413037,11.664476733712444,13.816417199849004,34.43227490534467,"POLYGON Z ((2507525.22692672 6537393.47929525 -13816.417199849, 2520736.08088288 6530622.77106204 -11664.4767337124, 2527577.55924856 6543971.71011246 -11664.4767337124, 2514366.7052924 6550742.41834567 -13816.417199849, 2507525.22692672 6537393.47929525 -13816.417199849))",2d_linear_centroids_interior,-177.41888059079582,-30.910443178900184
106,4,-177.4449397801243,-30.79257060345189,-177.4985927399065,-30.91829122070712,13.536719059323113,16.87259638545047,34.866038876066035,"POLYGON Z ((2496569.38955189 6546680.61265835 -16872.5963854505, 2509809.13280958 6540469.24236386 -13536.7190593231, 2516180.04755063 6554049.05993857 -13536.7190593231, 2502940.30429293 6560260.43023306 -16872.5963854505, 2496569.38955189 6546680.61265835 -16872.5963854505))",2d_linear_centroids_interior,-177.54277865178693,-30.83284233348356
106,5,-177.5664740105132,-30.718454688391116,-177.624456588065,-30.84275808493487,16.78978487036156,21.57536812061816,35.28987888361602,"POLYGON Z ((2485728.69747249 6556333.0167291 -21575.3681206182, 2498419.79552365 6549927.22066533 -16789.7848703616, 2505178.80650676 6563318.10452451 -16789.7848703616, 2492487.7084556 6569723.90058828 -21575.3681206182, 2485728.69747249 6556333.0167291 -21575.3681206182))",2d_linear_centroids_interior,-177.66366043207836,-30.756860856565115
106,6,-177.68394245501688,-30.645690668922086,-177.7431372548459,-30.769586928113778,21.77479239452164,28.119672113979075,35.69303570575654,"POLYGON Z ((2475592.64514621 6565261.40312935 -28119.6721139791, 2487680.94967793 6559047.27447814 -21774.7923945216, 2494538.80138091 6572387.80932574 -21774.7923945216, 2482450.49684918 6578601.93797695 -28119.6721139791, 2475592.64514621 6565261.40312935 -28119.6721139791))",2d_linear_centroids_interior,-177.7784768761666,-30.68444498583064
106,7,-177.80003541358442,-30.57339101812137,-177.85942616438243,-30.69723594448988,27.521602509280658,35.3698533578297,36.08774611500604,"POLYGON Z ((2465780.69039008 6573890.17661325 -35369.8533578297, 2477147.43764553 6568041.92769165 -27521.6025092807, 2484009.97138735 6581380.0546457 -27521.6025092807, 2472643.22413191 6587228.3035673 -35369.8533578297, 2465780.69039008 6573890.17661325 -35369.8533578297))",2d_linear_centroids_interior,-177.89073093446052,-30.613412711352552
106,8,-177.90380802145486,-30.508760081772525,-177.96378048053123,-30.63241146456192,35.87053777203832,44.86801178089419,36.44055891268576,"POLYGON Z ((2457024.78199183 6581614.5305507 -44868.0117808942, 2467679.55490826 6576089.92417925 -35870.5377720383, 2474584.22304088 6589406.28847204 -35870.5377720383, 2463929.45012446 6594930.89484349 -44868.0117808942, 2457024.78199183 6581614.5305507 -44868.0117808942))",2d_linear_centroids_interior,-177.9909382742826,-30.54980912771435
106,9,-178.01035777789377,-30.440092766327492,-178.06516893281537,-30.565542567398925,44.02880400721098,53.61628144053711,35.3699764519526,"POLYGON Z ((2448072.84037346 6589261.47917929 -53616.2814405371, 2458502.33567878 6584331.37734041 -44028.804007211, 2464912.81202801 6597892.5643451 -44028.804007211, 2454483.31672268 6602822.66618397 -53616.2814405371, 2448072.84037346 6589261.47917929 -53616.2814405371))",2d_linear_centroids_interior,-178.09345178313214,-30.484552140606073
107,0,-176.89330882632956,-30.973080995501935,-176.95298468369037,-31.096631212197153,8.969720357990457,9.783009748199905,35.81838014907681,"POLYGON Z ((2547235.89455716 6522904.72510578 -9783.00974819991, 2560482.8203521 6515914.90984707 -8969.72035799046, 2567482.9324095 6529181.34988138 -8969.72035799046, 2554236.00661455 6536171.16514009 -9783.00974819991, 2547235.89455716 6522904.72510578 -9783.00974819991))",linear_extrapolation_same_along_strike,-176.994751796153,-31.00917537871685
107,1,-177.02035260633488,-30.892817259784106,-177.0763995425165,-31.01764510279111,9.71752094766077,10.684004447512777,35.64748577631154,"POLYGON Z ((2536006.83952678 6532443.22762181 -10684.0044475128, 2549424.85877188 6525808.26950721 -9717.52094766077, 2556073.63247449 6539254.22831465 -9717.52094766077, 2542655.61322939 6545889.18642925 -10684.0044475128, 2536006.83952678 6532443.22762181 -10684.0044475128))",2d_linear_centroids_interior,-177.1206194500321,-30.931104688869734
107,2,-177.14462684473833,-30.817576738996205,-177.20552419864643,-30.94072779712196,10.654069572523813,12.122649909367663,36.0860742270772,"POLYGON Z ((2524618.2726438 6542552.1356124 -12122.6499093677, 2537776.99729015 6535502.93441823 -10654.0695725238, 2544860.2282372 6548725.18231148 -10654.0695725238, 2531701.50359086 6555774.38350566 -12122.6499093677, 2524618.2726438 6542552.1356124 -12122.6499093677))",2d_linear_centroids_interior,-177.246093028367,-30.852991446563315
107,3,-177.26984975447866,-30.73932290809371,-177.33038113015692,-30.862629221622434,12.097928272660331,14.277848440025613,36.52246976082943,"POLYGON Z ((2513423.69109007 6552235.5394711 -14277.8484400256, 2526531.20465483 6545275.57997312 -12097.9282726603, 2533565.84722555 6558523.74225708 -12097.9282726603, 2520458.33366079 6565483.70175506 -14277.8484400256, 2513423.69109007 6552235.5394711 -14277.8484400256))",2d_linear_centroids_interior,-177.37074933460687,-30.775103172082684
107,4,-177.39518555381372,-30.659536737572015,-177.45202733696019,-30.784166677954808,14.392776026494108,17.767382145866836,36.75305319628957,"POLYGON Z ((2502490.63832196 6561551.37785338 -17767.3821458668, 2515578.1909386 6555045.38061654 -14392.7760264941, 2522255.35852286 6568477.26183444 -14392.7760264941, 2509167.80590622 6574983.25907128 -17767.3821458668, 2502490.63832196 6561551.37785338 -17767.3821458668))",2d_linear_centroids_interior,-177.49385920910578,-30.697903418830194
107,5,-177.51797069264046,-30.583986561015564,-177.57757831432022,-30.707669444855437,17.30588780210976,22.2059461780405,36.79344980466521,"POLYGON Z ((2491632.32133238 6571152.07243924 -22205.9461780405, 2504210.68172603 6564611.8677238 -17305.8878021098, 2511130.52079565 6577920.35476218 -17305.8878021098, 2498552.160402 6584460.55947762 -22205.9461780405, 2491632.32133238 6571152.07243924 -22205.9461780405))",2d_linear_centroids_interior,-177.61534641284385,-30.621450586247533
107,6,-177.63571282655195,-30.510211344565104,-177.69449201497693,-30.634209939032562,22.565272557345903,29.064169436050943,36.83151365484963,"POLYGON Z ((2481591.70513407 6579907.94813402 -29064.1694360509, 2493628.4640714 6573753.21226279 -22565.2725573459, 2500457.43004264 6587108.55665235 -22565.2725573459, 2488420.67110531 6593263.29252358 -29064.1694360509, 2481591.70513407 6579907.94813402 -29064.1694360509))",2d_linear_centroids_interior,-177.72965329657652,-30.549270870339754
107,7,-177.75067478518517,-30.438321816084404,-177.80898600081463,-30.56250492962453,28.73623757637815,36.695727237221334,36.86850372795412,"POLYGON Z ((2471901.62649756 6588404.93012907 -36695.7272372213, 2483246.25282358 6582665.07143203 -28736.2375763782, 2490018.13315138 6596049.45176233 -28736.2375763782, 2478673.50682536 6601789.31045937 -36695.7272372213, 2471901.62649756 6588404.93012907 -36695.7272372213))",2d_linear_centroids_interior,-177.8405825625563,-30.478996341041064
107,8,-177.8589969005616,-30.370276324994038,-177.916418600249,-30.49478795051076,36.37575715873104,45.44480791607052,36.90333832897251,"POLYGON Z ((2462793.97492283 6596380.73636712 -45444.8079160705, 2473493.22867129 6591063.00305425 -36375.757158731, 2480169.38084776 6604495.38899706 -36375.757158731, 2469470.12709929 6609813.12230993 -45444.8079160705, 2462793.97492283 6596380.73636712 -45444.8079160705))",2d_linear_centroids_interior,-177.94491008703264,-30.41269944082822
108,0,-176.8178946503665,-30.856320999740152,-176.8802833040815,-30.97881804210239,8.844049430174739,9.661421659009411,36.78442034389348,"POLYGON Z ((2555572.61484112 6535678.76263551 -9661.42165900941, 2568677.07803609 6528425.83584619 -8844.04943017474, 2575940.79700155 6541549.79815911 -8844.04943017474, 2562836.33380658 6548802.72494843 -9661.42165900941, 2555572.61484112 6535678.76263551 -9661.42165900941))",linear_extrapolation_same_along_strike,-176.91999266513557,-30.890689984202783
108,1,-176.94412352986365,-30.777353788580314,-177.00495606633856,-30.90045325720496,9.665879224617258,10.625461826815831,36.81823148656346,"POLYGON Z ((2544295.109929 6545358.35548197 -10625.4618268158, 2557478.58425954 6538267.85438504 -9665.87922461726, 2564583.63876247 6551478.38808017 -9665.87922461726, 2551400.16443193 6558568.88917711 -10625.4618268158, 2544295.109929 6545358.35548197 -10625.4618268158))",2d_linear_centroids_interior,-177.04569421256704,-30.812686829295195
108,2,-177.0701059019956,-30.69839957746605,-177.12962364510517,-30.821999011505856,10.528526973848832,11.897723630977747,36.85978982928621,"POLYGON Z ((2533033.67766562 6555042.14400794 -11897.7236309777, 2546261.38094939 6548102.89575251 -10528.5269738488, 2553229.72002034 6561386.05240266 -10528.5269738488, 2540002.01673656 6568325.30065809 -11897.7236309777, 2533033.67766562 6555042.14400794 -11897.7236309777))",2d_linear_centroids_interior,-177.17109801721716,-30.73458223660709
108,3,-177.1935572555564,-30.624203091303993,-177.25944346498846,-30.74538892181883,11.797521953792728,13.918830194075477,36.90120178198089,"POLYGON Z ((2521674.65664028 6565226.63695941 -13918.8301940755, 2534509.47664633 6557758.87646766 -11797.5219537927, 2542053.05303081 6570724.00104599 -11797.5219537927, 2529218.23302476 6578191.76153774 -13918.8301940755, 2521674.65664028 6565226.63695941 -13918.8301940755))",2d_linear_centroids_interior,-177.29587095824053,-30.656586776157756
108,4,-177.31867071889465,-30.5446036728075,-177.3814876998626,-30.6670200933447,13.967515589662248,17.241558651392616,36.942164266778235,"POLYGON Z ((2510686.93106072 6574598.82188032 -17241.5586513926, 2523504.39184874 6567528.22494813 -13967.5155896622, 2530749.6834642 6580662.36935905 -13967.5155896622, 2517932.22267618 6587732.96629125 -17241.5586513926, 2510686.93106072 6574598.82188032 -17241.5586513926))",2d_linear_centroids_interior,-177.41910421637246,-30.579275850596584
108,5,-177.44276716517453,-30.466253412459224,-177.50388881844378,-30.589330250853138,16.75190372530805,21.429223230136934,36.982689473405756,"POLYGON Z ((2499870.99230167 6583929.55723175 -21429.2232301369, 2512438.88726311 6577208.64222797 -16751.903725308, 2519512.48650112 6590436.04536766 -16751.903725308, 2506944.59153969 6597156.96037144 -21429.2232301369, 2499870.99230167 6583929.55723175 -21429.2232301369))",2d_linear_centroids_interior,-177.54084073156147,-30.50263267275444
108,6,-177.56250707227676,-30.39055688064501,-177.62148841233395,-30.51443384445153,21.41038090843552,27.618968717355315,37.021431379112144,"POLYGON Z ((2489648.70771347 6592767.64605499 -27618.9687173553, 2501791.65665873 6586522.4696498 -21410.3809084355, 2508652.07772934 6599861.68337228 -21410.3809084355, 2496509.12878409 6606106.85977746 -27618.9687173553, 2489648.70771347 6592767.64605499 -27618.9687173553))",2d_linear_centroids_interior,-177.65705200087578,-30.42921654010208
108,7,-177.6770512328775,-30.318268596752336,-177.73359803296867,-30.443014678340987,27.686873593396257,35.48135932691679,37.058057611239796,"POLYGON Z ((2480124.69718187 6601045.56185188 -35481.3593269168, 2491625.06070325 6595389.80098123 -27686.8735933963, 2498244.70887216 6608850.12260145 -27686.8735933963, 2486744.34535078 6614505.88347211 -35481.3593269168, 2480124.69718187 6601045.56185188 -35481.3593269168))",2d_linear_centroids_interior,-177.7667660174173,-30.359679505595263
108,8,-177.78323890058863,-30.251255703577353,-177.83798164448874,-30.376624259563968,35.720258164915435,44.58375969672167,37.09218926885619,"POLYGON Z ((2471213.77239654 6608815.96197255 -44583.7596967217, 2482143.60571673 6603622.0150929 -35720.2581649154, 2488581.75975341 6617170.08405493 -35720.2581649154, 2477651.92643323 6622364.03093458 -44583.7596967217, 2471213.77239654 6608815.96197255 -44583.7596967217))",2d_linear_centroids_interior,-177.8688755927934,-30.29476537340902
108,9,-177.88699155139878,-30.186914395412217,-177.945389827239,-30.311052791827823,43.87221793379291,53.38542846236663,37.12651682235034,"POLYGON Z ((2461998.60182797 6617007.67665113 -53385.4284623666, 2472348.28962468 6611774.82007469 -43872.2179337929, 2479116.45317665 6625161.08027438 -43872.2179337929, 2468766.76537993 6630393.93685082 -53385.4284623666, 2461998.60182797 6617007.67665113 -53385.4284623666))",2d_linear_centroids_interior,-177.9714430204591,-30.229369129038375
109,0,-176.75312748771793,-30.73290304426899,-176.81777546942612,-30.854469499942677,8.83854141311366,9.65098016973335,36.97625484268854,"POLYGON Z ((2562990.93122192 6549228.71389515 -9650.98016973335, 2575971.32265152 6541755.46951261 -8838.54141311366, 2583455.55291159 6554754.94247939 -8838.54141311366, 2570475.161482 6562228.18686193 -9650.98016973335, 2562990.93122192 6549228.71389515 -9650.98016973335))",linear_extrapolation_same_along_strike,-176.85572452501586,-30.765797742735188
109,1,-176.87778802863258,-30.657319207870977,-176.94620459091607,-30.777357757903598,9.609690457040443,10.551609169479445,37.01058142416845,"POLYGON Z ((2551606.39910834 6559298.14816715 -10551.6091694794, 2564383.00181131 6551496.1476218 -9609.69045704044, 2572200.43026353 6564298.01515722 -9609.69045704044, 2559423.82756056 6572100.01570257 -10551.6091694794, 2551606.39910834 6559298.14816715 -10551.6091694794))",2d_linear_centroids_interior,-176.98129264525892,-30.687817756093597
109,2,-177.00457908800584,-30.57589617659246,-177.0677172441381,-30.698094629495124,10.56784404994189,11.919769506272914,37.052123566993146,"POLYGON Z ((2540421.41183987 6568685.43729284 -11919.7695062729, 2553463.16504836 6561399.49392157 -10567.8440499419, 2560778.88223847 6574494.54191668 -10567.8440499419, 2547737.12902998 6581780.48528796 -11919.7695062729, 2540421.41183987 6568685.43729284 -11919.7695062729))",2d_linear_centroids_interior,-177.10648812940235,-30.609784191657532
109,3,-177.12939452530807,-30.49850667895685,-177.19375714142018,-30.620246592976684,11.74869142841375,13.853303618572914,37.09356256538133,"POLYGON Z ((2529162.43273781 6578508.72344144 -13853.3036185729, 2542072.64030728 6571167.25573789 -11748.6914284137, 2549487.45551422 6584206.44725604 -11748.6914284137, 2536577.24794475 6591547.91495959 -13853.3036185729, 2529162.43273781 6578508.72344144 -13853.3036185729))",2d_linear_centroids_interior,-177.23118494189072,-30.531778505072477
109,4,-177.2541444428363,-30.41994244118375,-177.3174245932672,-30.542126334662193,13.656239938956698,16.787066341582335,37.13468234547415,"POLYGON Z ((2518078.93828762 6588067.83041194 -16787.0663415823, 2530894.00790497 6580928.3684757 -13656.2399389567, 2538194.25736453 6594032.04573929 -13656.2399389567, 2525379.18774718 6601171.50767553 -16787.0663415823, 2518078.93828762 6588067.83041194 -16787.0663415823))",2d_linear_centroids_interior,-177.35473602229152,-30.454210987688693
109,5,-177.37794524949365,-30.340221538232143,-177.43584368038725,-30.464412441259913,16.985204735313598,21.590062364963885,37.174782058218895,"POLYGON Z ((2507467.41695066 6597041.68894403 -21590.0623649639, 2520199.16123733 6590584.29212879 -16985.2047353136, 2526984.1895926 6603962.0120473 -16985.2047353136, 2514252.44530593 6610419.40886254 -21590.0623649639, 2507467.41695066 6597041.68894403 -21590.0623649639))",2d_linear_centroids_interior,-177.47504478514512,-30.37841254986192
109,6,-177.49812830914638,-30.265489530024812,-177.55709260842102,-30.38932413878567,21.21206168694489,27.392846910613592,37.21402662300574,"POLYGON Z ((2497037.76189516 6606215.13591403 -27392.8469106136, 2509187.26723723 6599955.15077332 -21212.0616869449, 2516057.61267238 6613289.25567773 -21212.0616869449, 2503908.10733031 6619549.24081844 -27392.8469106136, 2497037.76189516 6606215.13591403 -27392.8469106136))",2d_linear_centroids_interior,-177.5926185890763,-30.304083123757074
109,7,-177.61232874911607,-30.19306846578465,-177.66828427689913,-30.317969591832437,27.54417280745229,35.19848976005555,37.25063680927491,"POLYGON Z ((2487501.33065607 6614468.14819767 -35198.4897600555, 2499095.8197889 6608813.12797333 -27544.1728074523, 2505671.39640895 6622295.03407424 -27544.1728074523, 2494076.90727612 6627950.05429858 -35198.4897600555, 2487501.33065607 6614468.14819767 -35198.4897600555))",2d_linear_centroids_interior,-177.70214921947075,-30.234612520758077
109,8,-177.7201491965339,-30.125375049264594,-177.77523676280506,-30.2505862811617,35.17950517970729,44.039486334353576,37.28533393259402,"POLYGON Z ((2478447.11932936 6622411.30247969 -44039.4863343536, 2489362.63770437 6617181.37011453 -35179.5051797073, 2495844.01690855 6630708.81346542 -35179.5051797073, 2484928.49853354 6635938.74583058 -44039.4863343536, 2478447.11932936 6622411.30247969 -44039.4863343536))",2d_linear_centroids_interior,-177.80582220427772,-30.16865631466372
109,9,-177.82828153596552,-30.05638794814786,-177.88122577439094,-30.18231502339261,42.828837541903425,52.2053026311438,37.320668558414106,"POLYGON Z ((2469079.08772179 6630520.68436448 -52205.3026311438, 2479716.38830711 6625628.88115013 -42828.8375419034, 2485983.53955223 6639256.89697309 -42828.8375419034, 2475346.23896691 6644148.70018744 -52205.3026311438, 2469079.08772179 6630520.68436448 -52205.3026311438))",2d_linear_centroids_interior,-177.9112660521418,-30.101373108924086
110,0,-176.69848126636944,-30.60179287436647,-176.76208055531507,-30.72371628420998,8.9397185247822,9.767075122096797,37.1715625292415,"POLYGON Z ((2569657.85736913 6563247.5726213 -9767.0751220968, 2582686.58641229 6555860.57725236 -8939.7185247822, 2590084.84423727 6568909.17032422 -8939.7185247822, 2577056.11519411 6576296.16569317 -9767.0751220968, 2569657.85736913 6563247.5726213 -9767.0751220968))",linear_extrapolation_same_along_strike,-176.8006608355989,-30.63528179671795
110,1,-176.82322683171188,-30.525534530726414,-176.88950668411925,-30.646406694108386,9.709133196206347,10.642446391841304,37.20592957277529,"POLYGON Z ((2558291.61063795 6573236.20402548 -10642.4463918413, 2571180.05946108 6565619.327145 -9709.13319620635, 2578811.7234237 6578532.79705675 -9709.13319620635, 2565923.27460057 6586149.67393723 -10642.4463918413, 2558291.61063795 6573236.20402548 -10642.4463918413))",2d_linear_centroids_interior,-176.92605296736636,-30.55733051101673
110,2,-176.94906522213756,-30.446008074496085,-177.0129979964425,-30.567843189380604,10.68170546875749,12.08100362039847,37.24746202899511,"POLYGON Z ((2547055.63019947 6582834.36970645 -12081.0036203985, 2560046.20744419 6575466.40746906 -10681.7054687575, 2567446.43985608 6588513.88079726 -10681.7054687575, 2554455.86261135 6595881.84303465 -12081.0036203985, 2547055.63019947 6582834.36970645 -12081.0036203985))",2d_linear_centroids_interior,-177.05104665015284,-30.47934315958992
110,3,-177.0756739454,-30.363949761340542,-177.13289147724836,-30.48828567752285,12.14720455489346,14.244834675736648,37.288806271602674,"POLYGON Z ((2535991.92430027 6592071.8359751 -14244.8346757366, 2549250.16114197 6585377.12883246 -12147.2045548935, 2556011.30443081 6598766.93620328 -12147.2045548935, 2542753.06758911 6605461.64334593 -14244.8346757366, 2535991.92430027 6592071.8359751 -14244.8346757366))",2d_linear_centroids_interior,-177.17528819117751,-30.401544267015957
110,4,-177.19821653200415,-30.28995287515408,-177.2618025634737,-30.41196449741946,13.90270434398788,17.14395603013937,37.3299217032441,"POLYGON Z ((2524758.33487217 6602152.99590031 -17143.9560301394, 2537530.94168992 6594986.76937679 -13902.7043439879, 2544870.56761312 6608068.43178291 -13902.7043439879, 2532097.96079537 6615234.65830642 -17143.9560301394, 2524758.33487217 6602152.99590031 -17143.9560301394))",2d_linear_centroids_interior,-177.29865867043168,-30.324013730989687
110,5,-177.32141664255215,-30.211540306164252,-177.38226115426679,-30.334619360670374,17.043429236917863,21.617125250151172,37.37019813210191,"POLYGON Z ((2514020.81508515 6611356.5348722 -21617.1252501512, 2526619.99002936 6604622.88092329 -17043.4292369179, 2533690.33235527 6617852.0252416 -17043.4292369179, 2521091.15741106 6624585.6791905 -21617.1252501512, 2514020.81508515 6611356.5348722 -21617.1252501512))",2d_linear_centroids_interior,-177.41933451495044,-30.247909419822452
110,6,-177.44236041188674,-30.1344002403924,-177.49942784360803,-30.25885636653954,21.471378209032473,27.70166065173174,37.40920337119329,"POLYGON Z ((2503787.60353794 6620137.69661807 -27701.6606517317, 2515994.18101833 6614039.90628883 -21471.3782090325, 2522697.54894424 6627458.73106784 -21471.3782090325, 2510490.97146385 6633556.52139708 -27701.6606517317, 2503787.60353794 6620137.69661807 -27701.6606517317))",2d_linear_centroids_interior,-177.53603479263342,-30.174060951423115
110,7,-177.55635394527079,-30.06320149875055,-177.61382480570072,-30.187538036492427,27.640167070375952,35.27342638982331,37.446218434703965,"POLYGON Z ((2494036.79226551 6628715.42356806 -35273.4263898233, 2505577.71250862 6622924.00646131 -27640.167070376, 2512305.38533025 6636330.66221154 -27640.167070376, 2500764.46508714 6642122.07931829 -35273.4263898233, 2494036.79226551 6628715.42356806 -35273.4263898233))",2d_linear_centroids_interior,-177.64662905194373,-30.103848293038347
110,8,-177.66261215402918,-29.995202984109312,-177.715940855125,-30.120946160169765,35.65973762723679,44.31461607010804,37.48028614911388,"POLYGON Z ((2485184.23407972 6636336.32003864 -44314.616070108, 2496292.57324464 6631169.32089638 -35659.7376272368, 2502618.86642927 6644769.9831796 -35659.7376272368, 2491510.52726435 6649936.98232186 -44314.616070108, 2485184.23407972 6636336.32003864 -44314.616070108))",2d_linear_centroids_interior,-177.74828690451787,-30.039113253670788
110,9,-177.77366100370338,-29.923479852334044,-177.82136427350036,-30.05094390612034,42.972044278456565,52.20461962196254,37.51615892650093,"POLYGON Z ((2475795.49091136 6644367.12159542 -52204.6196219625, 2486703.73300765 6639809.73123521 -42972.0442784566, 2492486.2476039 6653650.342672 -42972.0442784566, 2481578.00550762 6658207.7330322 -52204.6196219625, 2475795.49091136 6644367.12159542 -52204.6196219625))",2d_linear_centroids_interior,-177.8551962853145,-29.97083171537933
111,0,-176.64540066693442,-30.471311123909494,-176.7112491223571,-30.592282466792877,8.995308625930216,9.848146518524095,37.48543201799667,"POLYGON Z ((2576048.17618514 6577689.87791956 -9848.14651852409, 2588949.50959925 6570085.38821498 -8995.30862593022, 2596566.32027734 6583007.62467366 -8995.30862593022, 2583664.98686323 6590612.11437824 -9848.14651852409, 2576048.17618514 6577689.87791956 -9848.14651852409))",nearest_neighbor_boundary,-176.74805182576299,-30.50331758195301
111,1,-176.77149876429056,-30.391465529140522,-176.83427739694235,-30.513675348210167,9.81155560450611,10.795616037146544,37.40204782381181,"POLYGON Z ((2564798.57073315 6587256.76951213 -10795.6160371465, 2577864.06566862 6579954.40912962 -9811.55560450611, 2585182.19123091 6593048.11136598 -9811.55560450611, 2572116.69629544 6600350.4717485 -10795.6160371465, 2564798.57073315 6587256.76951213 -10795.6160371465))",2d_linear_centroids_interior,-176.873235465094,-30.42540980160988
111,2,-176.89705397134244,-30.31232850984112,-176.95804949219865,-30.435236631733776,10.763658663852164,12.202542728151954,37.44358597091516,"POLYGON Z ((2553553.26783553 6596899.47121977 -12202.542728152, 2566685.25840993 6589794.51265526 -10763.6586638522, 2573823.13323936 6602987.34187872 -10763.6586638522, 2560691.14266496 6610092.30044323 -12202.542728152, 2553553.26783553 6596899.47121977 -12202.542728152))",2d_linear_centroids_interior,-176.99807068849614,-30.347436202898628
111,3,-177.02240585694057,-30.2327485657033,-177.0807222231336,-30.356653680801983,12.182772855371287,14.364425893021414,37.48494035445157,"POLYGON Z ((2542403.91485438 6606425.02777193 -14364.4258930214, 2555594.62094 6599624.61138865 -12182.7728553713, 2562468.12637316 6612957.08764253 -12182.7728553713, 2549277.42028753 6619757.50402581 -14364.4258930214, 2542403.91485438 6606425.02777193 -14364.4258930214))",2d_linear_centroids_interior,-177.12216931062363,-30.269642871581766
111,4,-177.14684604107202,-30.15417641642582,-177.20376853251392,-30.278592339552894,14.188823121605418,17.409821224907034,37.52601232650447,"POLYGON Z ((2531349.68805642 6615954.76213315 -17409.821224907, 2544443.21805599 6609383.25976543 -14188.8231216054, 2551171.67690229 6622789.52104715 -14188.8231216054, 2538078.14690272 6629361.02341486 -17409.821224907, 2531349.68805642 6615954.76213315 -17409.821224907))",2d_linear_centroids_interior,-177.24523868176036,-30.192219163991396
111,5,-177.26894519752955,-30.078137946120478,-177.32712602370455,-30.20213687959464,17.265487413459653,21.88497523075518,37.56633101862357,"POLYGON Z ((2520522.01812412 6625448.47765572 -21884.9752307552, 2533226.96098493 6618948.88080596 -17265.4874134597, 2540058.5928339 6632302.86172104 -17265.4874134597, 2527353.64997309 6638802.45857079 -21884.9752307552, 2520522.01812412 6625448.47765572 -21884.9752307552))",2d_linear_centroids_interior,-177.36587496871974,-30.116059740815356
111,6,-177.38824414436357,-30.003664335922426,-177.4471969322758,-30.12740902863676,21.707375886263186,27.850042546748117,37.6053942929964,"POLYGON Z ((2510138.79786927 6634564.08843725 -27850.0425467481, 2522294.38449149 6628278.4412814 -21707.3758862632, 2529184.23630662 6641602.47753043 -21707.3758862632, 2517028.6496844 6647888.12468628 -27850.0425467481, 2510138.79786927 6634564.08843725 -27850.0425467481))",2d_linear_centroids_interior,-177.48258896496273,-30.042125487689887
111,7,-177.50283687276922,-29.929957022257113,-177.55636296980686,-30.055575423849092,28.06766534971431,35.59252780653055,37.64206230220978,"POLYGON Z ((2500626.41268075 6642689.49141489 -35592.5278065305, 2512375.40020458 6637181.52108355 -28067.6653497143, 2518742.50771909 6650763.12415162 -28067.6653497143, 2506993.52019526 6656271.09448296 -35592.5278065305, 2500626.41268075 6642689.49141489 -35592.5278065305))",2d_linear_centroids_interior,-177.59199791390355,-29.972594525388764
111,8,-177.6145191887033,-29.859610021012166,-177.6677061030796,-29.98535931760638,34.68591708274736,43.18209738627712,37.67849976403307,"POLYGON Z ((2491004.1007343 6651118.5151589 -43182.0973862771, 2502214.47028448 6645908.66537236 -34685.9170827474, 2508536.16590086 6659511.46525083 -34685.9170827474, 2497325.79635068 6664721.31503738 -43182.0973862771, 2491004.1007343 6651118.5151589 -43182.0973862771))",2d_linear_centroids_interior,-177.7005767912391,-29.903376579177
111,9,-177.71698504625707,-29.794541595696966,-177.76864103970888,-29.920794274323285,43.21822755781058,52.46569852878475,37.711844264545825,"POLYGON Z ((2482231.51194094 6658764.38857119 -52465.6985287847, 2492998.24253893 6653910.33944997 -43218.2275578106, 2499163.23844421 6667584.87145249 -43218.2275578106, 2488396.50784622 6672438.92057371 -52465.6985287847, 2482231.51194094 6658764.38857119 -52465.6985287847))",2d_linear_centroids_interior,-177.7998150369922,-29.839926282327955
112,0,-176.59437315487293,-30.336322065530915,-176.6552682211365,-30.45917069048191,9.052680012364155,9.9274787539484,37.48543201799667,"POLYGON Z ((2582583.1067851 6591607.96828256 -9927.4787539484, 2595737.12922311 6584452.10209724 -9052.68001236416, 2602905.19585065 6597628.55157437 -9052.68001236416, 2589751.17341264 6604784.41775968 -9927.4787539484, 2582583.1067851 6591607.96828256 -9927.4787539484))",nearest_neighbor_boundary,-176.69552930525188,-30.371372646064756
112,1,-176.71937673200387,-30.258616518441233,-176.78057061879076,-30.381376935867255,9.887478994033792,10.8731800686578,37.598174687929756,"POLYGON Z ((2571265.7573548 6601420.52801217 -10873.1800686578, 2584406.6405394 6594254.94481746 -9887.47899403379, 2591587.74541766 6607424.29304459 -9887.47899403379, 2578446.86223306 6614589.8762393 -10873.1800686578, 2571265.7573548 6601420.52801217 -10873.1800686578))",2d_linear_centroids_interior,-176.82054211118228,-30.293484845655303
112,2,-176.844431070017,-30.180227582740002,-176.90500364275331,-30.303242854818834,10.842296245992802,12.28612672452263,37.63971209386778,"POLYGON Z ((2559996.82837274 6611146.67556712 -12286.1267245226, 2573144.12921919 6604071.09544939 -10842.2962459928, 2580252.71684025 6617279.72830952 -10842.2962459928, 2567105.41599381 6624355.30842724 -12286.1267245226, 2559996.82837274 6611146.67556712 -12286.1267245226))",2d_linear_centroids_interior,-176.94520007618144,-30.215536600900254
112,3,-176.96879798483533,-30.102591431231346,-177.0299525824332,-30.225412032663428,12.143517534025845,14.388984443116403,37.68109855097076,"POLYGON Z ((2548770.4240538 6620908.69020012 -14388.9844431164, 2561809.01656588 6613840.94772715 -12143.5175340258, 2568957.30741646 6627028.13612785 -12143.5175340258, 2555918.71490439 6634095.87860081 -14388.9844431164, 2548770.4240538 6620908.69020012 -14388.9844431164))",2d_linear_centroids_interior,-177.06922192670856,-30.137707092840664
112,4,-177.0933174342944,-30.02330215391885,-177.15175921362527,-30.14713897219228,14.24545699239862,17.554397581059465,37.72211563462231,"POLYGON Z ((2537762.98822867 6630327.52562099 -17554.3975810595, 2550763.57046351 6623616.65580137 -14245.4569923986, 2557643.93631744 6636945.59295765 -14245.4569923986, 2544643.3540826 6643656.46277728 -17554.3975810595, 2537762.98822867 6630327.52562099 -17554.3975810595))",2d_linear_centroids_interior,-177.1919568229687,-30.06041117692807
112,5,-177.21442062367134,-29.94704563190146,-177.2720700948637,-30.07118579140906,17.850993542844698,22.677247945333416,37.761871088012015,"POLYGON Z ((2527158.8697087 6639535.55700199 -22677.2479453334, 2539821.9359663 6633104.84775664 -17850.9935428447, 2546613.80587828 6646479.09551488 -17850.9935428447, 2533950.73962068 6652909.80476022 -22677.2479453334, 2527158.8697087 6639535.55700199 -22677.2479453334))",2d_linear_centroids_interior,-177.31074574697672,-29.985340727619434
112,6,-177.33616127223098,-29.869278240819007,-177.3906370563885,-29.994522886814092,21.742310691085848,27.66815167853204,37.80164586375405,"POLYGON Z ((2516610.2617133 6648594.67079695 -27668.151678532, 2529038.18460984 6642642.26447101 -21742.3106910858, 2535517.65001551 6656170.62461024 -21742.3106910858, 2523089.72711897 6662123.03093618 -27668.151678532, 2516610.2617133 6648594.67079695 -27668.151678532))",2d_linear_centroids_interior,-177.42942439410052,-29.910084920740008
112,7,-177.45080365946043,-29.796267891299408,-177.50156031801345,-29.9227156742042,27.865721406204077,35.28596332014487,37.8384868458663,"POLYGON Z ((2507030.43356339 6656875.29889633 -35285.9633201449, 2518934.01730308 6651560.72421053 -27865.7214062041, 2525049.23544761 6665257.58907242 -27865.7214062041, 2513145.65170792 6670572.16375822 -35285.9633201449, 2507030.43356339 6656875.29889633 -35285.9633201449))",2d_linear_centroids_interior,-177.53919959341746,-29.840247944900263
112,8,-177.55415925224514,-29.732926419369438,-177.61000502276895,-29.85775416351427,35.606612707965866,44.086351192665674,37.87272388486447,"POLYGON Z ((2497873.99207052 6665111.92691766 -44086.3511926657, 2508992.172431 6659682.36885988 -35606.6127079659, 2515574.45626118 6673161.00156423 -35606.6127079659, 2504456.2759007 6678590.55962202 -44086.3511926657, 2497873.99207052 6665111.92691766 -44086.3511926657))",2d_linear_centroids_interior,-177.64108694511054,-29.77523389082574
112,9,-177.66474172306215,-29.66071094222069,-177.7135226882859,-29.787793121789843,42.8511110095622,51.83478633540165,37.90849692079708,"POLYGON Z ((2488517.9905917 6673036.76957021 -51834.7863354017, 2499561.25746051 6668310.26615816 -42851.1110095622, 2505463.37336788 6682100.29979902 -42851.1110095622, 2494420.10649907 6686826.80321107 -51834.7863354017, 2488517.9905917 6673036.76957021 -51834.7863354017))",2d_linear_centroids_interior,-177.74741289213253,-29.707187214798786
113,0,-176.54167379858072,-30.201991979771975,-176.5961676874315,-30.32703369552596,9.077941877644312,9.953949573513066,37.86213679430705,"POLYGON Z ((2589371.28794049 6605252.10497614 -9953.94957351307, 2602827.52664969 6598682.30662931 -9077.94187764431, 2609408.55727905 6612161.55126153 -9077.94187764431, 2595952.31856986 6618731.34960836 -9953.94957351307, 2589371.28794049 6605252.10497614 -9953.94957351307))",nearest_neighbor_boundary,-176.64079752869768,-30.240875892729413
113,1,-176.66612438877502,-30.12502547554154,-176.7221078670406,-30.249596879113042,9.925998112749921,10.946154201835911,37.793526446993525,"POLYGON Z ((2578028.04731928 6615145.42329863 -10946.1542018359, 2591414.98218992 6608455.93480374 -9925.99811274992, 2598119.99539305 6621873.93755921 -9925.99811274992, 2584733.06052242 6628563.4260541 -10946.1542018359, 2578028.04731928 6615145.42329863 -10946.1542018359))",2d_linear_centroids_interior,-176.76562106567832,-30.16302469644565
113,2,-176.7909793748578,-30.0467663920562,-176.84650101730676,-30.17151969807563,10.858321680061932,12.316028898399452,37.83506759377874,"POLYGON Z ((2566756.03767907 6624885.39005303 -12316.0288983995, 2580139.43445151 6618270.2724806 -10858.3216800619, 2586786.01176768 6631717.31713659 -10858.3216800619, 2573402.61499524 6638332.43470902 -12316.0288983995, 2566756.03767907 6624885.39005303 -12316.0288983995))",2d_linear_centroids_interior,-176.8901191866308,-30.085096025919412
113,3,-176.91418105411677,-29.971268875047937,-176.97383784136156,-30.094595097468506,12.121946060215429,14.381674203069084,37.87647705829052,"POLYGON Z ((2555441.85090002 6634902.96499271 -14381.6742030691, 2568547.1834994 6627964.3854421 -12121.9460602154, 2575565.86455917 6641221.01081137 -12121.9460602154, 2562460.53195979 6648159.59036198 -14381.6742030691, 2555441.85090002 6634902.96499271 -14381.6742030691))",2d_linear_centroids_interior,-177.01404082751787,-30.00725003340956
113,4,-177.03822533685948,-29.892189057854704,-177.0950438532052,-30.016549838943256,14.46652350223835,17.813211990448792,37.91736183366626,"POLYGON Z ((2544478.55890207 6644282.48883034 -17813.2119904488, 2557542.08039238 6637714.07331097 -14466.5235022383, 2564280.34957091 6651115.40639681 -14466.5235022383, 2551216.8280806 6657683.82191618 -17813.2119904488, 2544478.55890207 6644282.48883034 -17813.2119904488))",2d_linear_centroids_interior,-177.13621444484818,-29.930230420128325
113,5,-177.1610249990592,-29.81353258209424,-177.21381290185298,-29.93925807876444,17.853152496121208,22.570303341360656,37.95746092966029,"POLYGON Z ((2533845.23195604 6653366.07056975 -22570.3033413607, 2546747.7270787 6647343.27159312 -17853.1524961212, 2553092.42303341 6660935.3587486 -17853.1524961212, 2540189.92791075 6666958.15772524 -22570.3033413607, 2533845.23195604 6653366.07056975 -22570.3033413607))",2d_linear_centroids_interior,-177.25586887064077,-29.854537421101963
113,6,-177.27927080653205,-29.741361511598743,-177.3374337612337,-29.86529590650313,22.069506095994534,28.33534508023054,37.99673036694814,"POLYGON Z ((2523300.4487655 6662836.46956392 -28335.3450802305, 2535431.56358555 6656625.56664676 -22069.5060959945, 2542267.43905162 6669977.3757606 -22069.5060959945, 2530136.32423157 6676188.27867775 -28335.3450802305, 2523300.4487655 6662836.46956392 -28335.3450802305))",2d_linear_centroids_interior,-177.37288337176963,-29.78026412972889
113,7,-177.39105461208462,-29.670406974377215,-177.44760293816444,-29.794929461548147,28.69684301280576,36.09032222773887,38.033188735007975,"POLYGON Z ((2513683.65675935 6671185.20526702 -36090.3222277389, 2525373.2433084 6665380.89381685 -28696.8430128058, 2532044.20047087 6678815.86052825 -28696.8430128058, 2520354.61392182 6684620.17197843 -36090.3222277389, 2513683.65675935 6671185.20526702 -36090.3222277389))",2d_linear_centroids_interior,-177.48137620831451,-29.711178711345326
113,8,-177.50396255132458,-29.597729176381012,-177.55615542482016,-29.723714153431636,35.31222344293812,43.608515039325724,38.06978111670884,"POLYGON Z ((2504103.24918553 6679409.22275835 -43608.5150393257, 2515464.86553258 6674204.87652369 -35312.2234429381, 2521711.64948872 6687842.24027939 -35312.2234429381, 2510350.03314167 6693046.58651405 -43608.5150393257, 2504103.24918553 6679409.22275835 -43608.5150393257))",2d_linear_centroids_interior,-177.59012738877925,-29.641715249941456
113,9,-177.6059947838677,-29.53211794699977,-177.65506831593186,-29.659076696417692,43.97302749274649,52.81684091357332,38.10315160927485,"POLYGON Z ((2495295.3249717 6687002.99039633 -52816.8409135733, 2506420.73786468 6682205.89209232 -43973.0274927465, 2512359.91301437 6695980.00544096 -43973.0274927465, 2501234.50012139 6700777.10374497 -52816.8409135733, 2495295.3249717 6687002.99039633 -52816.8409135733))",2d_linear_centroids_interior,-177.6891807371054,-29.57826011937192
114,0,-176.4892377470898,-30.07058006279213,-176.54449068215305,-30.19532573378421,9.077112052908529,9.964688388018027,37.86213679430705,"POLYGON Z ((2595788.04848344 6619581.21431295 -9964.68838801803, 2609204.32980175 6612931.73284165 -9077.11205290853, 2615865.48283489 6626371.56320773 -9077.11205290853, 2602449.20151657 6633021.04467904 -9964.68838801803, 2595788.04848344 6619581.21431295 -9964.68838801803))",nearest_neighbor_boundary,-176.5884704699689,-30.108955940066352
114,1,-176.6127694052459,-29.995115123646404,-176.67187600009663,-30.11854468080242,10.01457158444061,11.05631603643717,37.98963491714561,"POLYGON Z ((2584396.63193156 6629638.55003693 -11056.3160364372, 2597627.69060949 6622648.99677811 -10014.5715844406, 2604634.16127596 6635912.07970781 -10014.5715844406, 2591403.10259802 6642901.63296663 -11056.3160364372, 2584396.63193156 6629638.55003693 -11056.3160364372))",2d_linear_centroids_interior,-176.71306856039294,-30.03115868648595
114,2,-176.738126559779,-29.91543368546034,-176.7943626710186,-30.039899589684726,11.001653312339979,12.506672934379232,38.03115875108672,"POLYGON Z ((2573184.98332542 6639202.82533149 -12506.6729343792, 2586526.39716641 6632513.90967491 -11001.65331234, 2593249.23797503 6645922.98911617 -11001.65331234, 2579907.82413404 6652611.90477274 -12506.6729343792, 2573184.98332542 6639202.82533149 -12506.6729343792))",2d_linear_centroids_interior,-176.8373410574617,-29.95328564587306
114,3,-176.86286460615307,-29.836430687813124,-176.9172842284355,-29.96153326405017,12.36019612752891,14.681042654167621,38.072529981283594,"POLYGON Z ((2562022.75176104 6648793.50377044 -14681.0426541676, 2575360.72378971 6642335.00753973 -12360.1961275289, 2581897.94202284 6655835.55485354 -12360.1961275289, 2568559.96999416 6662294.05108425 -14681.0426541676, 2562022.75176104 6648793.50377044 -14681.0426541676))",2d_linear_centroids_interior,-176.96097672682578,-29.87553504942829
114,4,-176.98447170539916,-29.76232058576437,-177.04457281102887,-29.88545727732522,14.48458320003475,17.832296369557625,38.113528991372064,"POLYGON Z ((2550825.47033304 6658798.7983294 -17832.2963695576, 2563728.55773716 6651921.06963627 -14484.5832000348, 2570784.25185567 6665158.03229792 -14484.5832000348, 2557881.16445155 6672035.76099105 -17832.2963695576, 2550825.47033304 6658798.7983294 -17832.2963695576))",2d_linear_centroids_interior,-177.08332293316724,-29.79832373152514
114,5,-177.10667055002807,-29.684026597417333,-177.16323384297505,-29.808454560794356,17.925886068203464,22.65211597827555,38.15355304513671,"POLYGON Z ((2540193.74467317 6667888.34394149 -22652.1159782755, 2552926.25989294 6661520.78498886 -17925.8860682035, 2559635.56075085 6674936.6443351 -17925.8860682035, 2546903.04553107 6681304.20328773 -22652.1159782755, 2540193.74467317 6667888.34394149 -22652.1159782755))",2d_linear_centroids_interior,-177.20258993650177,-29.72279556353319
114,6,-177.22696556398498,-29.60795610537713,-177.28200847693935,-29.732926259995224,22.160559493921493,28.50962756610904,38.1927697709288,"POLYGON Z ((2529855.63909423 6676877.53169143 -28509.627566109, 2542080.75903156 6670941.55855028 -22160.5594939215, 2548632.58386674 6684435.02331398 -22160.5594939215, 2536407.4639294 6690370.99645513 -28509.627566109, 2529855.63909423 6676877.53169143 -28509.627566109))",2d_linear_centroids_interior,-177.31928871563838,-29.648645215811058
114,7,-177.33817608408367,-29.53768547846217,-177.3933736973221,-29.66262566304982,28.741228404904717,35.84244818816487,38.22959240068969,"POLYGON Z ((2520005.91016659 6685475.45603373 -35842.4481881649, 2531890.93435906 6679703.2053865 -28741.2284049047, 2538444.05711742 6693196.03985943 -28741.2284049047, 2526559.03292495 6698968.29050666 -35842.4481881649, 2520005.91016659 6685475.45603373 -35842.4481881649))",2d_linear_centroids_interior,-177.42871710595563,-29.578891114917514
114,8,-177.4500792276793,-29.465873386044738,-177.50185892294024,-29.591948828237676,35.51628223484053,43.553021773288854,38.2660128065858,"POLYGON Z ((2510443.73068108 6693719.45712791 -43553.0217732889, 2521970.0948084 6688470.29075641 -35516.2822348405, 2528186.8643869 6702121.36309553 -35516.2822348405, 2516660.50025958 6707370.52946703 -43553.0217732889, 2510443.73068108 6693719.45712791 -43553.0217732889))",2d_linear_centroids_interior,-177.53681111586272,-29.509775372425228
114,9,-177.55497551717843,-29.399843940532016,-177.60811453804249,-29.525507340258553,43.44113969505718,52.25712540191728,38.30069354899144,"POLYGON Z ((2501211.95841574 6701857.95362109 -52257.1254019173, 2512213.22017637 6696734.41620145 -43441.1396950572, 2518545.96004267 6710332.07797787 -43441.1396950572, 2507544.69828203 6715455.61539751 -52257.1254019173, 2501211.95841574 6701857.95362109 -52257.1254019173))",2d_linear_centroids_interior,-177.639613524248,-29.443847418680466
115,0,-176.41961538784813,-29.950908962659444,-176.47787189880634,-30.07456670094348,9.01280689682242,9.922499294255006,38.23884157061736,"POLYGON Z ((2603662.17692659 6632763.95763002 -9922.49929425501, 2616928.67525477 6625823.31775674 -9012.80689682242, 2623882.11413099 6639114.28039286 -9012.80689682242, 2610615.61580281 6646054.92026614 -9922.49929425501, 2603662.17692659 6632763.95763002 -9922.49929425501))",nearest_neighbor_boundary,-176.519630025475,-29.98740929901254
115,1,-176.54438861073578,-29.87270982202933,-176.60197849813923,-29.996629882296244,9.873580148993108,10.893041674535597,38.18023374729959,"POLYGON Z ((2592367.70453605 6642506.76219697 -10893.0416745356, 2605668.04528338 6635646.61393307 -9873.58014899311, 2612544.09256915 6648977.77943815 -9873.58014899311, 2599243.75182182 6655837.92770205 -10893.0416745356, 2592367.70453605 6642506.76219697 -10893.0416745356))",2d_linear_centroids_interior,-176.6441309072955,-29.9096229364819
115,2,-176.66850916384368,-29.79534355210769,-176.72699691458715,-29.918969631503753,10.822819635011447,12.2702372641735,38.22177595421303,"POLYGON Z ((2581063.38359611 6652343.00503676 -12270.2372641735, 2594296.57631766 6645430.14798623 -10822.8196350114, 2601241.84333957 6658725.38269625 -10822.8196350114, 2588008.65061802 6665638.23974677 -12270.2372641735, 2581063.38359611 6652343.00503676 -12270.2372641735))",2d_linear_centroids_interior,-176.7683089400846,-29.831759969354053
115,3,-176.79179156649835,-29.71903146822623,-176.8528733306889,-29.84172469252026,12.147265273101716,14.2930546667219,38.263183284622606,"POLYGON Z ((2569780.24140236 6662257.55194096 -14293.0546667219, 2582818.16644533 6655157.68585405 -12147.2652731017, 2589991.81288829 6668331.09834707 -12147.2652731017, 2576953.88784532 6675430.96443398 -14293.0546667219, 2569780.24140236 6662257.55194096 -14293.0546667219))",2d_linear_centroids_interior,-176.89190479353448,-29.753986014491936
115,4,-176.916349338446,-29.63889054213585,-176.97318698762805,-29.763150535853956,14.2098345405845,17.549546623149034,38.30418756497245,"POLYGON Z ((2558821.74895176 6671560.06664784 -17549.546623149, 2571875.59149346 6664968.89694116 -14209.8345405845, 2578636.46575613 6678358.84015256 -14209.8345405845, 2565582.62321443 6684950.00985924 -17549.546623149, 2558821.74895176 6671560.06664784 -17549.546623149))",2d_linear_centroids_interior,-177.01412173503445,-29.67680894618215
115,5,-177.03833563677242,-29.561312544356664,-177.09315461323087,-29.686286934500647,17.45652727922882,22.068296820646147,38.344389120229316,"POLYGON Z ((2548093.56031376 6680809.04076879 -22068.2968206461, 2560931.41921607 6674570.37420442 -17456.5272792288, 2567487.64430335 6688061.70151514 -17456.5272792288, 2554649.78540105 6694300.36807951 -22068.2968206461, 2548093.56031376 6680809.04076879 -22068.2968206461))",2d_linear_centroids_interior,-177.1337764433732,-29.600988977699245
115,6,-177.15831799907372,-29.484246490416094,-177.20873216403223,-29.61065434907256,21.971757388016247,27.93738611174368,38.38343351922941,"POLYGON Z ((2537822.77715245 6689602.54015133 -27937.3861117437, 2550385.57772005 6683982.2807419 -21971.7573880162, 2556511.12234287 6697674.53048669 -21971.7573880162, 2543948.32177527 6703294.78989613 -27937.3861117437, 2537822.77715245 6689602.54015133 -27937.3861117437))",2d_linear_centroids_interior,-177.24982648649785,-29.527206548637352
115,7,-177.27102869392172,-29.414810643585408,-177.3256691322125,-29.539892452628692,27.848019837576675,35.153034778836506,38.42080433071217,"POLYGON Z ((2527841.81092707 6698534.26631409 -35153.0347788365, 2539644.08502326 6692847.168384 -27848.0198375767, 2546155.52161992 6706360.1692886 -27848.0198375767, 2534353.24752373 6712047.26721868 -35153.0347788365, 2527841.81092707 6698534.26631409 -35153.0347788365))",2d_linear_centroids_interior,-177.36075424455407,-29.456453807427188
115,8,-177.38135526680452,-29.34407398514689,-177.4339930614531,-29.469834112003706,34.78035652656211,42.63379090863294,38.45726388682601,"POLYGON Z ((2518126.6740986 6706924.21731263 -42633.7909086329, 2529721.19207969 6701549.20836448 -34780.3565265621, 2536029.98134245 6715157.99883381 -34780.3565265621, 2524435.46336136 6720533.00778195 -42633.7909086329, 2518126.6740986 6706924.21731263 -42633.7909086329))",2d_linear_centroids_interior,-177.4688378675822,-29.38730175957258
115,9,-177.4891476779307,-29.274961873012558,-177.53943943391224,-29.40147850247355,42.34227344897109,50.91231195550474,38.49262284325499,"POLYGON Z ((2508792.53802081 6715010.04519801 -50912.3119555047, 2520049.07953701 6710025.59807814 -42342.2734489711, 2526122.36814825 6723741.10628763 -42342.2734489711, 2514865.82663206 6728725.55340749 -50912.3119555047, 2508792.53802081 6715010.04519801 -50912.3119555047))",2d_linear_centroids_interior,-177.57352760222355,-29.32012035359833
116,0,-176.33975216123596,-29.83594292021236,-176.396801960744,-29.95997271564219,8.951451653902733,9.853382507847488,38.23884157061736,"POLYGON Z ((2612688.94731718 6644734.74502465 -9853.38250784749, 2626007.74434373 6637893.97266325 -8951.45165390273, 2632860.91661991 6651236.91198533 -8951.45165390273, 2619542.11959337 6658077.68434674 -9853.38250784749, 2612688.94731718 6644734.74502465 -9853.38250784749))",nearest_neighbor_boundary,-176.43929717779352,-29.873123602421757
116,1,-176.4643579604221,-29.7579567287682,-176.5210565811478,-29.882135641669297,9.680828189059463,10.664142642208084,38.36695137458078,"POLYGON Z ((2601380.50213906 6654505.88070269 -10664.1426422081, 2614719.25437293 6647715.38870803 -9680.82818905946, 2621524.38417671 6661082.89439734 -9680.82818905946, 2608185.63194283 6667873.386392 -10664.1426422081, 2601380.50213906 6654505.88070269 -10664.1426422081))",2d_linear_centroids_interior,-176.56373266387806,-29.795353817571225
116,2,-176.58778956124542,-29.68172708016835,-176.6471140005235,-29.804995443442667,10.678009276720815,12.009865635543607,38.40849182255551,"POLYGON Z ((2590033.95426165 6664466.67988553 -12009.8656355436, 2603228.79584836 6657457.94860653 -10678.0092767208, 2610265.31906946 6670705.11211269 -10678.0092767208, 2597070.47748276 6677713.84339169 -12009.8656355436, 2590033.95426165 6664466.67988553 -12009.8656355436))",2d_linear_centroids_interior,-176.6877729224897,-29.71755360279291
116,3,-176.71192618751613,-29.603016574370578,-176.76959973158478,-29.726905440267565,12.142346324875806,14.18105225401235,38.449821178609824,"POLYGON Z ((2578864.75622349 6674061.28101893 -14181.0522540123, 2592076.89939869 6667258.12360105 -12142.3463248758, 2598943.776795 6680594.01482826 -12142.3463248758, 2585731.63361979 6687397.17224615 -14181.0522540123, 2578864.75622349 6674061.28101893 -14181.0522540123))",2d_linear_centroids_interior,-176.8110057094389,-29.63998552787976
116,4,-176.83568529098687,-29.524393643463178,-176.89161720554418,-29.648915776141127,14.018673669962817,17.08894054179387,38.49091190107598,"POLYGON Z ((2567808.64975117 6683573.2918109 -17088.9405417939, 2580950.75297254 6677026.64501619 -14018.6736699628, 2587639.00333902 6690453.01113049 -14018.6736699628, 2574496.90011766 6696999.6579252 -17088.9405417939, 2567808.64975117 6683573.2918109 -17088.9405417939))",2d_linear_centroids_interior,-176.9333520407002,-29.562704932620544
116,5,-176.9572502459831,-29.447556909824886,-177.01252602712503,-29.572328084537023,17.125496843438224,21.4567170685675,38.53120281466893,"POLYGON Z ((2557009.77011177 6692943.13098198 -21456.7170685675, 2569900.441871 6686612.95618523 -17125.4968434382, 2576512.24558435 6700077.13279043 -17125.4968434382, 2563621.57382513 6706407.30758718 -21456.7170685675, 2557009.77011177 6692943.13098198 -21456.7170685675))",2d_linear_centroids_interior,-177.05314786545597,-29.486774223206687
116,6,-177.0776924001049,-29.371219322769033,-177.13167382597925,-29.49644864855474,21.037085872803093,26.774803554619684,38.57081078328497,"POLYGON Z ((2546495.73984844 6702072.23447391 -26774.8035546197, 2558997.19747238 6696089.58012316 -21037.0858728031, 2565472.2856214 6709620.03589754 -21037.0858728031, 2552970.82799745 6715602.69024829 -26774.8035546197, 2546495.73984844 6702072.23447391 -26774.8035546197))",2d_linear_centroids_interior,-177.17075014655848,-29.41198251241955
116,7,-177.1963258658477,-29.29426908753315,-177.24397856394992,-29.421477277199948,26.092125894789152,32.9702384352098,38.609225811615495,"POLYGON Z ((2536465.98745111 6710601.24786213 -32970.2384352098, 2548736.50033385 6705392.97737416 -26092.1258947892, 2554597.22582789 6719200.65265581 -26092.1258947892, 2542326.71294515 6724408.92314378 -32970.2384352098, 2536465.98745111 6710601.24786213 -32970.2384352098))",2d_linear_centroids_interior,-177.28465628667354,-29.33930404672412
116,8,-177.30322416565656,-29.227275069515663,-177.35249579773333,-29.35403317057461,33.49232048400768,41.342059644340914,38.64461329126222,"POLYGON Z ((2527045.09396856 6718925.49754723 -41342.0596443409, 2538759.6007428 6713811.60214832 -33492.3204840077, 2544760.84818319 6727558.78473819 -33492.3204840077, 2533046.34140895 6732672.6801371 -41342.0596443409, 2527045.09396856 6718925.49754723 -41342.0596443409))",2d_linear_centroids_interior,-177.3894512125444,-29.272232733105895
116,9,-177.41045308503112,-29.159587507107506,-177.46238228116542,-29.285550774357496,40.72655776641466,48.903710516061835,38.68083704329381,"POLYGON Z ((2517208.93517773 6727576.18841175 -48903.7105160618, 2528644.12002881 6722344.48502466 -40726.5577664147, 2534884.65048289 6735984.71154961 -40726.5577664147, 2523449.4656318 6741216.41493669 -48903.7105160618, 2517208.93517773 6727576.18841175 -48903.7105160618))",2d_linear_centroids_interior,-177.4965896451441,-29.20345713917274
117,0,-176.2805558585822,-29.708136046975604,-176.33628035878772,-29.832574679226347,8.844736716528743,9.7654072372646,38.61554634692775,"POLYGON Z ((2619858.73416483 6658307.81197448 -9765.4072372646, 2633234.53277415 6651581.71523453 -8844.73671652874, 2639973.334912 6664982.78033201 -8844.73671652874, 2626597.53630268 6671708.87707196 -9765.4072372646, 2619858.73416483 6658307.81197448 -9765.4072372646))",nearest_neighbor_boundary,-176.3795762136966,-29.746067949493586
117,1,-176.40463775401486,-29.630737313906547,-176.46080788663053,-29.75505094762517,9.814631847491242,10.790847572313957,38.560450870893646,"POLYGON Z ((2608541.335025 6668126.83818376 -10790.847572314, 2621900.55775185 6661375.67746927 -9814.63184749124, 2628666.06146049 6674763.28216796 -9814.63184749124, 2615306.83873364 6681514.44288245 -10790.847572314, 2608541.335025 6668126.83818376 -10790.847572314))",2d_linear_centroids_interior,-176.50373698910647,-29.668399568049686
117,2,-176.52809775830093,-29.554135991186563,-176.58624407662217,-29.67778151015734,10.758848161966611,12.09725269507833,38.60199116743813,"POLYGON Z ((2597209.3577841 6678040.86728378 -12097.2526950783, 2610456.24073084 6671132.26644851 -10758.8481619666, 2617392.50812251 6684432.19857883 -10758.8481619666, 2604145.62517577 6691340.79941411 -12097.2526950783, 2597209.3577841 6678040.86728378 -12097.2526950783))",2d_linear_centroids_interior,-176.62761527815647,-29.590631639136717
117,3,-176.65323155101555,-29.473600675794376,-176.70694895193955,-29.598793591277406,11.990823056560226,13.996375030531878,38.643426963026954,"POLYGON Z ((2586076.93204225 6687468.04941496 -13996.3750305319, 2599472.04674197 6681022.2241411 -11990.8230565602, 2605976.27094761 6694538.69807045 -11990.8230565602, 2592581.15624789 6700984.52334431 -13996.3750305319, 2586076.93204225 6687468.04941496 -13996.3750305319))",2d_linear_centroids_interior,-176.75100548812875,-29.512895787965363
117,4,-176.77563094555026,-29.39747133762995,-176.83182057133044,-29.52185816444383,13.864500226186433,16.829021797083616,38.68457526477747,"POLYGON Z ((2574896.85239595 6697292.80802964 -16829.0217970836, 2588041.59367614 6690702.8620107 -13864.5002261864, 2594764.13698768 6704112.09060241 -13864.5002261864, 2581619.39570749 6710702.03662135 -16829.0217970836, 2574896.85239595 6697292.80802964 -16829.0217970836))",2d_linear_centroids_interior,-176.87336544013863,-29.435538627426176
117,5,-176.8981487029275,-29.31822574930544,-176.94926658209823,-29.44430379812655,17.03583249431249,21.169180623869448,38.72482182255571,"POLYGON Z ((2564206.8255852 6706359.68075815 -21169.1806238694, 2577324.32373987 6700372.47144142 -17035.8324943125, 2583552.66409256 6714018.26846655 -17035.8324943125, 2570435.16593789 6720005.47778328 -21169.1806238694, 2564206.8255852 6706359.68075815 -21169.1806238694))",2d_linear_centroids_interior,-176.99287631172317,-29.35972277762937
117,6,-177.01965618959906,-29.24138496925901,-177.06995625202723,-29.367742590692924,20.401759339650408,25.963328426028237,38.76490239039898,"POLYGON Z ((2553550.23258267 6715641.77306367 -25963.3284260282, 2566262.29467883 6709943.31480192 -20401.7593396504, 2572398.08631951 6723630.97570297 -20401.7593396504, 2559686.02422335 6729329.43396472 -25963.3284260282, 2553550.23258267 6715641.77306367 -25963.3284260282))",2d_linear_centroids_interior,-177.11172978308002,-29.284069253075433
117,7,-177.13500617118868,-29.168263294828748,-177.18401151663534,-29.295037364591536,25.88212947383972,32.729251444746666,38.80274236879597,"POLYGON Z ((2543562.73845475 6724350.02502156 -32729.2514447467, 2555795.15579331 6719012.90156686 -25882.1294738397, 2561793.70075681 6732761.26359006 -25882.1294738397, 2549561.28341825 6738098.38704476 -32729.2514447467, 2543562.73845475 6724350.02502156 -32729.2514447467))",2d_linear_centroids_interior,-177.22378866466573,-29.212508038656164
117,8,-177.24718115851127,-29.096649544337865,-177.29379669493773,-29.224140913782765,32.46210861810782,40.29677759628236,38.83946645039497,"POLYGON Z ((2533901.51786183 6732740.97804408 -40296.7775962824, 2545713.20102373 6727831.58878621 -32462.1086181078, 2551470.29392468 6741682.79383595 -32462.1086181078, 2539658.61076278 6746592.18309382 -40296.7775962824, 2533901.51786183 6732740.97804408 -40296.7775962824))",2d_linear_centroids_interior,-177.33240344555756,-29.142930772720213
117,9,-177.3509750759935,-29.03036640486345,-177.39736656791484,-29.157944672923094,40.50172673186704,48.74017714746673,38.87414651179934,"POLYGON Z ((2524594.9140118 6740844.7732486 -48740.1771474667, 2536181.86078398 6736062.45171525 -40501.726731867, 2541904.59175459 6749927.88896901 -40501.726731867, 2530317.64498241 6754710.21050236 -48740.1771474667, 2524594.9140118 6740844.7732486 -48740.1771474667))",2d_linear_centroids_interior,-177.43484688304744,-29.07711244430085
118,0,-176.22216410792262,-29.579652692917783,-176.27592005477942,-29.704702789475757,8.81786222765975,9.75501437195179,38.61554634692775,"POLYGON Z ((2627000.23101933 6671874.57387117 -9755.01437195179, 2640461.79117312 6665324.14303921 -8817.86222765975, 2647025.0438713 6678812.05295957 -8817.86222765975, 2633563.48371751 6685362.48379153 -9755.01437195179, 2627000.23101933 6671874.57387117 -9755.01437195179))",nearest_neighbor_boundary,-176.32045447679837,-29.618718700227227
118,1,-176.34575501723117,-29.50293890727383,-176.40107032288708,-29.627497449508866,9.745113153757318,10.719671484274533,38.754159712882256,"POLYGON Z ((2615653.2138274 6681773.87795213 -10719.6714842745, 2629047.93914243 6675093.19162546 -9745.11315375732, 2635742.77043273 6688516.27748507 -9745.11315375732, 2622348.0451177 6695196.96381174 -10719.6714842745, 2615653.2138274 6681773.87795213 -10719.6714842745))",2d_linear_centroids_interior,-176.44447703830912,-29.541064915400174
118,2,-176.4722323240503,-29.420392487505175,-176.51946744245487,-29.547497890633103,10.747814930216677,12.092878227758286,38.79569396285855,"POLYGON Z ((2604574.72922099 6690988.83441909 -12092.8782277583, 2618303.48204475 6685097.13257416 -10747.8149302167, 2624219.01490096 6698881.41605308 -10747.8149302167, 2610490.26207719 6704773.117898 -12092.8782277583, 2604574.72922099 6690988.83441909 -12092.8782277583))",2d_linear_centroids_interior,-176.56817531899407,-29.4633390041082
118,3,-176.59402917478974,-29.345979251726988,-176.64720147580198,-29.471305802631694,11.8297519893551,13.753947775555595,38.83718447573533,"POLYGON Z ((2593164.14918343 6701151.0018499 -13753.9477755556, 2606588.89914714 6694742.13619457 -11829.7519893551, 2613051.15579412 6708278.72509387 -11829.7519893551, 2599626.40583041 6714687.5907492 -13753.9477755556, 2593164.14918343 6701151.0018499 -13753.9477755556))",2d_linear_centroids_interior,-176.69156794379126,-29.38553135508585
118,4,-176.71838221226142,-29.266080867116667,-176.7676656088915,-29.392649186315776,13.628396797318553,16.551063964423168,38.87835596326349,"POLYGON Z ((2582140.78070467 6710543.85300713 -16551.0639644232, 2595591.12545866 6704581.7860309 -13628.3967973186, 2601669.69335649 6718294.95533313 -13628.3967973186, 2588219.34860249 6724257.02230936 -16551.0639644232, 2582140.78070467 6710543.85300713 -16551.0639644232))",2d_linear_centroids_interior,-176.81383875022456,-29.308161351226957
118,5,-176.84109894450822,-29.188612242772372,-176.89026910079463,-29.315243405455636,15.923990339707442,20.045018450957404,38.91924005614469,"POLYGON Z ((2571156.50041874 6720103.6191325 -20045.0184509574, 2584353.08970324 6714284.06944524 -15923.9903397074, 2590405.53805828 6728008.78688894 -15923.9903397074, 2577208.94877378 6733828.3365762 -20045.0184509574, 2571156.50041874 6720103.6191325 -20045.0184509574))",2d_linear_centroids_interior,-176.93508573506767,-29.231174061000722
118,6,-176.9593564545846,-29.11321753328908,-177.00608744590232,-29.24058512871775,20.556043063324363,26.019950368470944,38.95813782817116,"POLYGON Z ((2560854.10292171 6729012.70461397 -26019.9503684709, 2573734.81998572 6723605.963925 -20556.0430633244, 2579540.42236598 6737436.90680689 -20556.0430633244, 2566659.70530197 6742843.64749586 -26019.9503684709, 2560854.10292171 6729012.70461397 -26019.9503684709))",2d_linear_centroids_interior,-177.0502847109601,-29.15778245003006
118,7,-177.0754684645881,-29.039576743358836,-177.12144094520994,-29.167184604864698,25.62694024200491,32.13683986595975,38.99654817031204,"POLYGON Z ((2550640.25336121 6737920.96151554 -32136.8398659598, 2563133.36923702 6732768.94612351 -25626.9402420049, 2568852.00988123 6746636.07088614 -25626.9402420049, 2556358.89400542 6751788.08627817 -32136.8398659598, 2550640.25336121 6737920.96151554 -32136.8398659598))",2d_linear_centroids_interior,-177.16388981182254,-29.08517289437633
118,8,-177.18859728753156,-28.9676592282165,-177.23284564551412,-29.095763561216263,31.89143361903252,39.54553790890321,39.03361694641477,"POLYGON Z ((2540896.07929131 6746428.3212772 -39545.5379089032, 2552884.28294181 6741664.11507323 -31891.4336190325, 2558423.97957566 6755603.69043279 -31891.4336190325, 2546435.77592516 6760367.89663676 -39545.5379089032, 2540896.07929131 6746428.3212772 -39545.5379089032))",2d_linear_centroids_interior,-177.27338558128005,-29.01497047046341
118,9,-177.29230653031107,-28.90259449220964,-177.3394432139454,-29.029925202321436,39.72609573722778,48.110210051031814,39.06836126721787,"POLYGON Z ((2531570.23082161 6754695.2343085 -48110.2100510318, 2543040.01966167 6749883.7302674 -39726.0957372278, 2548842.55314143 6763715.96093408 -39726.0957372278, 2537372.76430137 6768527.46497518 -48110.2100510318, 2531570.23082161 6754695.2343085 -48110.2100510318))",2d_linear_centroids_interior,-177.37588931321406,-28.949055881130416
119,0,-176.1635961034001,-29.451707777631103,-176.21622856402936,-29.577077182055287,8.855350992877819,9.755865020238522,38.9922511232381,"POLYGON Z ((2634122.14962807 6685500.47196723 -9755.86502023852, 2647632.23128807 6679045.49187224 -8855.35099287782, 2654098.87516084 6692579.98547277 -8855.35099287782, 2640588.79350084 6699034.96556776 -9755.86502023852, 2634122.14962807 6685500.47196723 -9755.86502023852))",nearest_neighbor_boundary,-176.26142734040036,-29.491390331647693
119,1,-176.2871304615638,-29.374811811498205,-176.3409839512157,-29.49981323700696,9.770959038725263,10.733148366942283,38.947855927896335,"POLYGON Z ((2622783.18953582 6695375.45667392 -10733.1483669423, 2636241.73485604 6688822.46120924 -9770.95903872526, 2642808.25388608 6702308.78123467 -9770.95903872526, 2629349.70856586 6708861.77669935 -10733.1483669423, 2622783.18953582 6695375.45667392 -10733.1483669423))",2d_linear_centroids_interior,-176.38528838522646,-29.41376555504145
119,2,-176.41141140035543,-29.296223410971713,-176.46404073699793,-29.42165286506035,10.451470972869048,11.77525566694826,38.98945390796702,"POLYGON Z ((2611511.27743777 6705077.72535158 -11775.2556669483, 2625007.73528452 6698667.32601345 -10451.470972869, 2631443.24500065 6712216.65126209 -10451.470972869, 2617946.7871539 6718627.05060023 -11775.2556669483, 2611511.27743777 6705077.72535158 -11775.2556669483))",2d_linear_centroids_interior,-176.50901455396996,-29.335950558977604
119,3,-176.53615927847179,-29.21580458979393,-176.5840707491819,-29.342706917664714,11.942111705224422,13.825102142227495,39.03082655525024,"POLYGON Z ((2600408.37968226 6714482.06668432 -13825.1021422275, 2614059.14322915 6708556.61298008 -11942.1117052244, 2620031.84408503 6722316.22214918 -11942.1117052244, 2606381.08053814 6728241.67585341 -13825.1021422275, 2600408.37968226 6714482.06668432 -13825.1021422275))",2d_linear_centroids_interior,-176.6318970944181,-29.25839434895212
119,4,-176.6595870059815,-29.137594997801582,-176.70667007808436,-29.26476594648696,13.530927751418375,16.32109823793054,39.072101169274916,"POLYGON Z ((2589270.82077953 6724115.71733003 -16321.0982379305, 2602830.19391528 6718340.04863959 -13530.9277514184, 2608708.45236678 6732140.26883991 -13530.9277514184, 2595149.07923103 6737915.93753035 -16321.0982379305, 2589270.82077953 6724115.71733003 -16321.0982379305))",2d_linear_centroids_interior,-176.75431638093647,-29.180861188107883
119,5,-176.78125645686157,-29.060616898834198,-176.82787438934258,-29.187949695541718,16.365738827396186,20.38141999379181,39.112647808199654,"POLYGON Z ((2578387.54362634 6733575.5618071 -20381.4199937918, 2591708.41210871 6727969.42520108 -16365.7388273962, 2597526.9307022 6741794.93934621 -16365.7388273962, 2584206.06221984 6747401.07595223 -20381.4199937918, 2578387.54362634 6733575.5618071 -20381.4199937918))",2d_linear_centroids_interior,-176.87440940231318,-29.104540154680944
119,6,-176.9022181217238,-28.983824807307514,-176.94765348997822,-29.111516518148434,19.606988786440716,24.88245363918337,39.152720278497725,"POLYGON Z ((2567712.62299562 6742854.79132931 -24882.4536391834, 2580704.70532239 6737527.94729162 -19606.9887864407, 2586395.08710524 6751406.69201748 -19606.9887864407, 2573403.00477846 6756733.53605517 -24882.4536391834, 2567712.62299562 6742854.79132931 -24882.4536391834))",2d_linear_centroids_interior,-176.99293551720152,-29.028961291849022
119,7,-177.01645382151267,-28.91113844409043,-177.06025075847563,-29.039299678439292,25.401128685696094,31.83336967535112,39.190377461026046,"POLYGON Z ((2557747.90764265 6751526.12196943 -31833.3696753511, 2570348.12194742 6746540.05384665 -25401.1286856961, 2575867.39720426 6760487.72751071 -25401.1286856961, 2563267.1828995 6765473.79563349 -31833.3696753511, 2557747.90764265 6751526.12196943 -31833.3696753511))",2d_linear_centroids_interior,-177.10417070083454,-28.95780237283338
119,8,-177.12963268198735,-28.840229388346422,-177.1752411680158,-28.967928864768773,31.3063637320372,38.96766321573997,39.227878695854756,"POLYGON Z ((2547796.69547687 6760345.28383442 -38967.66321574, 2559732.94830316 6755463.6489968 -31306.3637320372, 2565411.06823084 6769347.41484353 -31306.3637320372, 2553474.81540455 6774229.04968115 -38967.66321574, 2547796.69547687 6760345.28383442 -38967.66321574))",2d_linear_centroids_interior,-177.21480388370222,-28.88680850283438
119,9,-177.23848675455037,-28.768980307592237,-177.27742694365278,-28.898404593000162,38.814549723702086,46.92637762331445,39.26350068019266,"POLYGON Z ((2538454.77734655 6768289.59151338 -46926.3776233145, 2550343.09981676 6764062.76800495 -38814.5497237021, 2555368.10172586 6778196.03924035 -38814.5497237021, 2543479.77925565 6782422.86274878 -46926.3776233145, 2538454.77734655 6768289.59151338 -46926.3776233145))",2d_linear_centroids_interior,-177.31976260867052,-28.819253125720202
119,10,-177.34746930661373,-28.699886996369024,-177.38956579156687,-28.828570175106986,45.42481187245344,53.911143558178644,39.3005238029992,"POLYGON Z ((2528397.52368126 6777146.89257364 -53911.1435581786, 2539963.92643162 6772765.0548386 -45424.8118724534, 2545277.99477152 6786792.19559069 -45424.8118724534, 2533711.59202116 6791174.03332573 -53911.1435581786, 2528397.52368126 6777146.89257364 -53911.1435581786))",2d_linear_centroids_interior,-177.42871524192657,-28.74891824504271
120,0,-176.11397559430884,-29.315936013926596,-176.15932152240526,-29.443427433052463,8.940475381223369,9.856922686640825,38.9922511232381,"POLYGON Z ((2640790.40387262 6699240.02133774 -9856.92268664082, 2654604.43439866 6693466.57479674 -8940.47538122337, 2660388.68670575 6707306.46010146 -8940.47538122337, 2646574.6561797 6713079.90664246 -9856.92268664082, 2640790.40387262 6699240.02133774 -9856.92268664082))",nearest_neighbor_boundary,-176.20927745236224,-29.35983489766277
120,1,-176.23958107174738,-29.235423666669153,-176.27989459291695,-29.364239391764432,9.676659304542623,10.618487237016936,39.14385718795161,"POLYGON Z ((2629617.50016859 6708703.03989901 -10618.4872370169, 2643626.64515099 6703425.08413871 -9676.65930454262, 2648915.03567965 6717461.92586384 -9676.65930454262, 2634905.89069725 6722739.88162414 -10618.4872370169, 2629617.50016859 6708703.03989901 -10618.4872370169))",2d_linear_centroids_interior,-176.33305900706014,-29.282172349198124
120,2,-176.36321149532128,-29.157691625460988,-176.40363119296904,-29.286515832853983,10.47741315928593,11.80105541280225,39.18543334327236,"POLYGON Z ((2618320.49931767 6718493.49510028 -11801.0554128022, 2632304.97240165 6713232.08048556 -10477.4131592859, 2637586.99220888 6727271.32073409 -10477.4131592859, 2623602.51912489 6732532.73534881 -11801.0554128022, 2618320.49931767 6718493.49510028 -11801.0554128022))",2d_linear_centroids_interior,-176.4565494025891,-29.204418936452054
120,3,-176.4857138028242,-29.081127410970126,-176.52825960974528,-29.20945682376969,11.732575747768587,13.596798010673876,39.22688440221674,"POLYGON Z ((2607011.20681845 6728382.34059597 -13596.7980106739, 2620870.42195333 6722955.84714259 -11732.5757477686, 2626339.31573003 6736923.35231922 -11732.5757477686, 2612480.10059515 6742349.8457726 -13596.7980106739, 2607011.20681845 6728382.34059597 -13596.7980106739))",2d_linear_centroids_interior,-176.57949575278474,-29.126736660823052
120,4,-176.60857784487857,-29.00363598038172,-176.65149559689783,-29.131902299766192,13.266513448191974,16.044249145021002,39.268162503743966,"POLYGON Z ((2595840.44261719 6738099.31023765 -16044.249145021, 2609558.85728021 6732705.86203339 -13266.513448192, 2615047.23147009 6746665.72409402 -13266.513448192, 2601328.81680707 6752059.17229828 -16044.249145021, 2595840.44261719 6738099.31023765 -16044.249145021))",2d_linear_centroids_interior,-176.70175820080723,-29.049217959492097
120,5,-176.7303853986194,-28.926405640974604,-176.77252937048547,-29.05490164717934,16.000290357733206,19.947854045204906,39.30879489971467,"POLYGON Z ((2584938.0777414 6747566.67633507 -19947.8540452049, 2598439.60015218 6742358.44885114 -16000.2903577332, 2603838.12998634 6756353.30060562 -16000.2903577332, 2590336.60757555 6761561.52808954 -19947.8540452049, 2584938.0777414 6747566.67633507 -19947.8540452049))",2d_linear_centroids_interior,-176.82194180141215,-28.97275634130808
120,6,-176.84959403041384,-28.851601874275094,-176.89326258621466,-28.979734517294492,19.740318375755876,25.010444173785427,39.3486228187576,"POLYGON Z ((2574259.32994021 6756964.18027539 -25010.4441737854, 2587314.19564501 6751787.67030222 -19740.3183757559, 2592843.19423897 6765731.49239474 -19740.3183757559, 2579788.32853416 6770908.00236792 -25010.4441737854, 2574259.32994021 6756964.18027539 -25010.4441737854))",2d_linear_centroids_interior,-176.93958599489028,-28.89765974064179
120,7,-176.96584398091514,-28.777967486879366,-177.00933376272278,-28.906176597519945,24.75318432921893,31.126175701363056,39.38723310318256,"POLYGON Z ((2563980.14592525 6765958.5239696 -31126.1757013631, 2576614.33273756 6760982.3502827 -24753.1843292189, 2582111.31098114 6774938.82656397 -24753.1843292189, 2569477.12416883 6779915.00025086 -31126.1757013631, 2563980.14592525 6765958.5239696 -31126.1757013631))",2d_linear_centroids_interior,-177.05348262862498,-28.82471920202617
120,8,-177.07847154771116,-28.70613768573283,-177.12022110393855,-28.834822919371877,30.946409467310616,38.35049495538688,39.42435299110466,"POLYGON Z ((2554188.54509401 6774496.42754739 -38350.4949553869, 2566387.22229913 6769873.46393835 -30946.4094673106, 2571702.89324464 6783899.99745163 -30946.4094673106, 2559504.21603952 6788522.96106067 -38350.4949553869, 2554188.54509401 6774496.42754739 -38350.4949553869))",2d_linear_centroids_interior,-177.1628428786119,-28.754465219163908
120,9,-177.18899661203136,-28.635730664032113,-177.23072359658067,-28.76444946526309,37.20647143131912,45.306270205672085,39.46120741118706,"POLYGON Z ((2544362.80221754 6783098.9556468 -45306.2702056721, 2556173.77699667 6778638.67150993 -37206.4714313191, 2561473.08068599 6792671.39684781 -37206.4714313191, 2549662.10590685 6797131.68098468 -45306.2702056721, 2544362.80221754 6783098.9556468 -45306.2702056721))",2d_linear_centroids_interior,-177.27128558477065,-28.684589253277053
120,10,-177.2937397474761,-28.567485553912462,-177.33137609332104,-28.69720746664312,44.90414732938699,53.312011760594736,39.49596301251273,"POLYGON Z ((2535143.73915355 6791013.21700464 -53312.0117605947, 2546886.57178634 6786961.83483745 -44904.147329387, 2551778.73017547 6801141.63689162 -44904.147329387, 2540035.89754267 6805193.01905882 -53312.0117605947, 2535143.73915355 6791013.21700464 -53312.0117605947))",2d_linear_centroids_interior,-177.3734291317178,-28.618579700748906
121,0,-176.07677480624704,-29.172088477265675,-176.1127844050878,-29.301816950881097,8.710712808548182,9.626980388522087,39.368955899548425,"POLYGON Z ((2646502.92283418 6713763.69106743 -9626.98038852209, 2660654.14727279 6708874.59088336 -8710.71280854818, 2665552.3944534 6723052.290787 -8710.71280854818, 2651401.17001478 6727941.39097107 -9626.98038852209, 2646502.92283418 6713763.69106743 -9626.98038852209))",nearest_neighbor_boundary,-176.16858559199997,-29.221164581827562
121,1,-176.19831531108767,-29.097454348208075,-176.2396470735573,-29.225991445608745,9.725819305076636,10.678352268672942,39.3436059617139,"POLYGON Z ((2635036.92299671 6723897.29606981 -10678.3522686729, 2649006.45910666 6718517.26430168 -9725.81930507663, 2654397.3713601 6732515.05216533 -9725.81930507663, 2640427.83525015 6737895.08393346 -10678.3522686729, 2635036.92299671 6723897.29606981 -10678.3522686729))",2d_linear_centroids_interior,-176.29204027521018,-29.143594583526056
121,2,-176.32490512276718,-29.01505743167042,-176.35776274143598,-29.14550068595233,10.630826698575635,11.915997526812674,39.38516700902076,"POLYGON Z ((2624009.44774199 6733130.11889292 -11915.9975268127, 2638246.49596261 6728585.36434444 -10630.8266985756, 2642808.02382011 6742874.95718696 -10630.8266985756, 2628570.97559949 6747419.71173545 -11915.9975268127, 2624009.44774199 6733130.11889292 -11915.9975268127))",2d_linear_centroids_interior,-176.41530004162567,-29.06587497387931
121,3,-176.44654780760942,-28.93949557267074,-176.48357656035543,-29.069108910973114,11.702006663234984,13.626573742612141,39.42665162276051,"POLYGON Z ((2612626.20155896 6743152.65618922 -13626.5737426121, 2626670.3900385 6738247.88183069 -11702.006663235, 2631616.0410699 6752409.11538839 -11702.006663235, 2617571.85259035 6757313.88974692 -13626.5737426121, 2612626.20155896 6743152.65618922 -13626.5737426121))",2d_linear_centroids_interior,-176.53816186025063,-28.98813574581518
121,4,-176.56885591220038,-28.86230194445801,-176.60639654960286,-28.991835613001598,13.542235318795283,16.356586049375103,39.467822874897095,"POLYGON Z ((2601480.3468098 6752855.46528238 -16356.5860493751, 2615378.82779415 6747965.51065144 -13542.2353187953, 2620357.19299881 6762115.27672332 -13542.2353187953, 2606458.71201445 6767005.23135427 -16356.5860493751, 2601480.3468098 6752855.46528238 -16356.5860493751))",2d_linear_centroids_interior,-176.65992668842478,-28.91082415219363
121,5,-176.6898571360127,-28.786383262582564,-176.72942974084197,-28.91548114900897,16.0357503749528,19.998010077713854,39.508594489944315,"POLYGON Z ((2590453.85958126 6762540.01054209 -19998.0100777139, 2604039.0635701 6757565.80400944 -16035.7503749528, 2609196.45318833 6771651.30479308 -16035.7503749528, 2595611.24919949 6776625.51132573 -19998.0100777139, 2590453.85958126 6762540.01054209 -19998.0100777139))",2d_linear_centroids_interior,-176.78034397517155,-28.834107286861833
121,6,-176.81030867805583,-28.70999688330694,-176.84902600412934,-28.839328048687914,19.507172622241136,24.79127608057164,39.54860254757263,"POLYGON Z ((2579801.71868099 6771832.97523539 -24791.2760805716, 2593017.53258475 6767097.94477058 -19507.1726222411, 2598076.88215221 6781218.95684317 -19507.1726222411, 2584861.06824844 6785953.98730798 -24791.2760805716, 2579801.71868099 6771832.97523539 -24791.2760805716))",2d_linear_centroids_interior,-176.89834616497524,-28.75867743906539
121,7,-176.92436946797048,-28.63824080225455,-176.96462660149888,-28.767236896440632,24.981343275090488,31.389016480903408,39.58672155051314,"POLYGON Z ((2569609.22474099 6780822.10265095 -31389.0164809034, 2582333.23329421 6776127.2831203 -24981.3432750905, 2587525.65593881 6790199.90714995 -24981.3432750905, 2574801.6473856 6794894.72668059 -31389.0164809034, 2569609.22474099 6780822.10265095 -31389.0164809034))",2d_linear_centroids_interior,-177.01062947594588,-28.686672017490963
121,8,-177.0355429479422,-28.568096177185332,-177.07695221653603,-28.696837393971855,31.269476340760896,38.7120076882127,39.62375609301614,"POLYGON Z ((2559752.75184733 6789518.00348118 -38712.0076882127, 2571939.77829503 6784926.15053215 -31269.4763407609, 2577228.55380611 6798962.84720884 -31269.4763407609, 2565041.52735841 6803554.70015787 -38712.0076882127, 2559752.75184733 6789518.00348118 -38712.0076882127))",2d_linear_centroids_interior,-177.1195810454021,-28.616587686794226
121,9,-177.14745035574822,-28.495692026395524,-177.18540352908104,-28.62528869409302,37.68916163453487,45.680132041079595,39.660835455585534,"POLYGON Z ((2549938.08456249 6797990.03790809 -45680.1320410796, 2561923.73622734 6793808.10699873 -37689.1616345349, 2566865.25573844 6807970.78276716 -37689.1616345349, 2554879.60407359 6812152.71367651 -45680.1320410796, 2549938.08456249 6797990.03790809 -45680.1320410796))",2d_linear_centroids_interior,-177.22852904853698,-28.54629345135905
121,10,-177.25508264856916,-28.42691802319386,-177.29363739884533,-28.556404259803813,44.86732790787971,53.39927439116223,39.696987993756125,"POLYGON Z ((2540254.20761471 6806478.54938805 -53399.2743911622, 2551890.01245243 6802378.06953993 -44867.3279078797, 2556875.52958031 6816525.31729233 -44867.3279078797, 2545239.72474258 6820625.79714045 -53399.2743911622, 2540254.20761471 6806478.54938805 -53399.2743911622))",2d_linear_centroids_interior,-177.3346235452628,-28.47763644014824
122,0,-176.03685969879163,-29.033241801786268,-176.0733478771731,-29.16284014040258,8.687823916822635,9.63441918035465,39.368955899548425,"POLYGON Z ((2651854.14944274 6728993.76126748 -9634.41918035465, 2665986.16564957 6724055.13035023 -8687.82391682264, 2670934.65986675 6738215.37063712 -8687.82391682264, 2656802.64365992 6743154.00155437 -9634.41918035465, 2651854.14944274 6728993.76126748 -9634.41918035465))",nearest_neighbor_boundary,-176.12872554747707,-29.08202359722573
122,1,-176.16162274920936,-28.953623350464582,-176.1943632394285,-29.08402818074167,9.674021763495022,10.612698097369698,39.543673377634775,"POLYGON Z ((2640666.44793339 6738542.89670342 -10612.6980973697, 2654924.92231444 6733980.57327504 -9674.02176349502, 2659496.20522954 6748267.04843549 -9674.02176349502, 2645237.73084849 6752829.37186387 -10612.6980973697, 2640666.44793339 6738542.89670342 -10612.6980973697))",2d_linear_centroids_interior,-176.25202050107305,-29.004439476227464
122,2,-176.28301530692414,-28.878534279773525,-176.3206612161524,-29.007947978798434,10.546287664669427,11.897911023275237,39.58523319571434,"POLYGON Z ((2629222.488069 6748637.47009787 -11897.9110232752, 2643297.8566652 6743631.76203831 -10546.2876646694, 2648324.01122405 6757764.62340289 -10546.2876646694, 2634248.64262785 6762770.33146245 -11897.9110232752, 2629222.488069 6748637.47009787 -11897.9110232752))",2d_linear_centroids_interior,-176.37509033733897,-28.926726067238846
122,3,-176.40621234517502,-28.8001971934626,-176.44248765247508,-28.929948435815746,11.989124838056748,13.940626813357467,39.62659735882589,"POLYGON Z ((2618047.40159366 6758276.82581808 -13940.6268133575, 2632111.57828469 6753440.44555556 -11989.1248380567, 2636989.41597174 6767625.18029044 -11989.1248380567, 2622925.2392807 6772461.56055296 -13940.6268133575, 2618047.40159366 6758276.82581808 -13940.6268133575))",2d_linear_centroids_interior,-176.49741165053243,-28.849217108825936
122,4,-176.52952027559033,-28.72173836186153,-176.56445351605825,-28.851809745268078,13.474549828833169,16.387357413789932,39.667904543182445,"POLYGON Z ((2606931.53141665 6767891.44871022 -16387.3574137899, 2620894.63753748 6763249.55045288 -13474.5498288332, 2625626.61130108 6777483.60905542 -13474.5498288332, 2611663.50518025 6782125.50731276 -16387.3574137899, 2606931.53141665 6767891.44871022 -16387.3574137899))",2d_linear_centroids_interior,-176.6193963198117,-28.771655205907727
122,5,-176.649755217071,-28.645996086611298,-176.6860890499541,-28.775803366172248,16.396926667744705,20.40660083908474,39.70841087204269,"POLYGON Z ((2595993.52617268 6777475.36643172 -20406.6008390847, 2609671.04060085 6772801.17001878 -16396.9266677447, 2614521.75378628 6786995.20332833 -16396.9266677447, 2600844.23935811 6791669.39974127 -20406.6008390847, 2595993.52617268 6777475.36643172 -20406.6008390847))",2d_linear_centroids_interior,-176.73885303561653,-28.695443012573712
122,6,-176.7693509402533,-28.57096637909525,-176.80784114593132,-28.70032279515726,19.70265668500536,25.042513068484936,39.74855860942346,"POLYGON Z ((2585211.74054201 6786991.0858254 -25042.5130684849, 2598413.30749848 6782278.9139591 -19702.6566850054, 2603455.816109 6796405.94857054 -19702.6566850054, 2590254.24915253 6801118.12043684 -25042.5130684849, 2585211.74054201 6786991.0858254 -25042.5130684849))",2d_linear_centroids_interior,-176.857093261243,-28.619755902588135
122,7,-176.88461723345043,-28.49816637500147,-176.92397776063888,-28.627349876678334,24.798377141318223,31.26842678161628,39.78704490469329,"POLYGON Z ((2574944.88487192 6796024.60542491 -31268.4267816163, 2587667.87892713 6791413.32795295 -24798.3771413182, 2592779.07731875 6805515.65581049 -24798.3771413182, 2580056.08326355 6810126.93328245 -31268.4267816163, 2574944.88487192 6796024.60542491 -31268.4267816163))",2d_linear_centroids_interior,-176.97029196996667,-28.54706198443619
122,8,-176.9962023328919,-28.42683721569005,-177.033938007515,-28.55642785230644,31.09434095595347,38.48101701413122,39.824014480971556,"POLYGON Z ((2565169.45933094 6804552.35500753 -38481.0170141312, 2577496.32800523 6800252.8985886 -31094.3409559535, 2582436.28136001 6814416.12070974 -31094.3409559535, 2570109.41268572 6818715.57712867 -38481.0170141312, 2565169.45933094 6804552.35500753 -38481.0170141312))",2d_linear_centroids_interior,-177.0788930437081,-28.47710552250435
122,9,-177.10938528758678,-28.3545903226539,-177.14702957417018,-28.484231881179582,36.869680966259025,44.97859780797573,39.86184364225363,"POLYGON Z ((2555090.6176485 6813383.2401016 -44978.5978079757, 2567012.8190642 6809247.229819 -36869.680966259, 2571929.1298438 6823418.67605142 -36869.680966259, 2560006.92842811 6827554.68633401 -44978.5978079757, 2555090.6176485 6813383.2401016 -44978.5978079757))",2d_linear_centroids_interior,-177.18988091211887,-28.4053940481291
122,10,-177.2129657713406,-28.288085287498596,-177.25165130536527,-28.4175142818364,44.77233055996611,53.15388550591023,39.897022045067025,"POLYGON Z ((2545572.72868341 6821697.11841393 -53153.8855059102, 2557300.12110478 6817547.68427381 -44772.3305599661, 2562303.5237772 6831688.61641061 -44772.3305599661, 2550576.13135582 6835838.05055073 -53153.8855059102, 2545572.72868341 6821697.11841393 -53153.8855059102))",2d_linear_centroids_interior,-177.29296630681313,-28.338591599694567
123,0,-176.0020058603404,-28.8876844439057,-176.02620366559694,-29.019462134928872,8.870392133145469,9.79524465908188,39.74566067585883,"POLYGON Z ((2657635.67853386 6743418.00303027 -9795.24465908188, 2672127.39832693 6739658.38799086 -8870.39213314547, 2675894.18001724 6754177.73218051 -8870.39213314547, 2661402.46022418 6757937.34721992 -9795.24465908188, 2657635.67853386 6743418.00303027 -9795.24465908188))",nearest_neighbor_boundary,-176.08887449766186,-28.94292702831317
123,1,-176.1233356281216,-28.812406069339342,-176.15205041239457,-28.943518695986874,9.738015221405904,10.705956244762593,39.74372803964494,"POLYGON Z ((2646168.80250755 6753487.62989683 -10705.9562447626, 2660542.73814908 6749309.94341406 -9738.0152214059, 2664729.14992517 6763713.89969146 -9738.0152214059, 2650355.21428364 6767891.58617423 -10705.9562447626, 2646168.80250755 6753487.62989683 -10705.9562447626))",2d_linear_centroids_interior,-176.21201387301068,-28.865326363697008
123,2,-176.24675033967958,-28.734169048323658,-176.2745193798073,-28.865477193896908,10.581230298697804,11.827645157897297,39.78529122899436,"POLYGON Z ((2634908.59651787 6763211.77449757 -11827.6451578973, 2649293.82976265 6759148.33820644 -10581.2302986978, 2653371.36745662 6773583.49273815 -10581.2302986978, 2638986.13421184 6777646.92902928 -11827.6451578973, 2634908.59651787 6763211.77449757 -11827.6451578973))",2d_linear_centroids_interior,-176.3349082529146,-28.7876102326587
123,3,-176.3673131074526,-28.659447277510147,-176.40086711455882,-28.78973968408432,11.612720112683744,13.559994943890807,39.8267621696833,"POLYGON Z ((2623471.14856708 6773327.66354906 -13559.9949438908, 2637621.25456251 6768746.98444549 -11612.7201126837, 2642241.02711839 6783017.85342856 -11612.7201126837, 2628090.92112296 6787598.53253213 -13559.9949438908, 2623471.14856708 6773327.66354906 -13559.9949438908))",2d_linear_centroids_interior,-176.45736145194235,-28.709904985992132
123,4,-176.48920276680172,-28.582506996273437,-176.52388263070404,-28.7126055970978,13.312304270852515,16.206688829277606,39.867975690524844,"POLYGON Z ((2612299.7680794 6783078.47132859 -16206.6888292776, 2626272.88160314 6778455.20014029 -13312.3042708525, 2630984.70286763 6792695.94240927 -13312.3042708525, 2617011.58934389 6797319.21359757 -16206.6888292776, 2612299.7680794 6783078.47132859 -16206.6888292776))",2d_linear_centroids_interior,-176.5788881247848,-28.632523125391003
123,5,-176.6090901199222,-28.50708765892849,-176.6459130567455,-28.636761358529427,16.208140294775017,20.19180400192081,39.908526767970145,"POLYGON Z ((2601323.81597342 6792720.59104937 -20191.8040019208, 2614990.98497521 6787994.18491521 -16208.140294775, 2619893.44078762 6802170.43008124 -16208.140294775, 2606226.27178583 6806896.8362154 -20191.8040019208, 2601323.81597342 6792720.59104937 -20191.8040019208))",2d_linear_centroids_interior,-176.69829974725744,-28.556231347611938
123,6,-176.72804028362512,-28.431459632628908,-176.7637428055258,-28.561410573846672,19.98752269961316,25.329652484661477,39.948076833228846,"POLYGON Z ((2590815.04396587 6801891.16898125 -25329.6524846615, 2604101.28665125 6797426.03688189 -19987.5226996132, 2608879.73260189 6811644.56192132 -19987.5226996132, 2595593.4899165 6816109.69402068 -25329.6524846615, 2590815.04396587 6801891.16898125 -25329.6524846615))",2d_linear_centroids_interior,-176.81460939725537,-28.481676870617154
123,7,-176.8457209566899,-28.357115770730562,-176.88267980920998,-28.486825025382643,24.121513756257706,30.571146776653734,39.98750989242653,"POLYGON Z ((2580273.60325439 6811176.18218298 -30571.1467766537, 2593078.1864958 6806766.5470602 -24121.5137562577, 2597962.36585017 6820949.09944101 -24121.5137562577, 2585157.78260876 6825358.73456379 -30571.1467766537, 2580273.60325439 6811176.18218298 -30571.1467766537))",2d_linear_centroids_interior,-176.93042351114232,-28.40720030315582
123,8,-176.95243357042867,-28.289561124924433,-176.99066839620667,-28.41901009457972,30.965732626627698,38.304088061437206,40.0232814244322,"POLYGON Z ((2570720.03726311 6819599.65270124 -38304.0880614372, 2583056.24649959 6815244.60032657 -30965.7326266277, 2588049.6658811 6829389.06082813 -30965.7326266277, 2575713.45664462 6833744.11320281 -38304.0880614372, 2570720.03726311 6819599.65270124 -38304.0880614372))",2d_linear_centroids_interior,-177.03535317472452,-28.339516697798917
123,9,-177.06011044476094,-28.2207923275156,-177.09802529563711,-28.35034378431403,37.71037797342865,45.830025505510015,40.059198987967804,"POLYGON Z ((2561184.62479091 6827960.75015442 -45830.02550551, 2573090.89720104 6823799.98084448 -37710.3779734287, 2578039.34449094 6837960.23753068 -37710.3779734287, 2566133.07208081 6842121.00684061 -45830.02550551, 2561184.62479091 6827960.75015442 -45830.02550551))",2d_linear_centroids_interior,-177.14058635693024,-28.27144019289235
123,10,-177.16907486867964,-28.150087042124856,-177.20580091985988,-28.27993556228928,44.6027113609731,52.90825689772725,40.09606300245386,"POLYGON Z ((2551257.74321642 6836553.843594 -52908.2568977272, 2563086.25259309 6832540.82985582 -44602.7113609731, 2567905.44951722 6846745.59458483 -44602.7113609731, 2556076.94014055 6850758.60832301 -52908.2568977272, 2551257.74321642 6836553.843594 -52908.2568977272))",2d_linear_centroids_interior,-177.24846260603016,-28.201449014247377
124,0,-175.96810500371174,-28.745749161794095,-175.99529296492574,-28.877055137743817,8.887314916451075,9.832215680042767,39.74566067585883,"POLYGON Z ((2662254.9897006 6759355.03943876 -9832.21568004277, 2676666.91648943 6755304.91243083 -8887.31491645107, 2680725.1032813 6769745.51906498 -8887.31491645107, 2666313.17649247 6773795.64607291 -9832.21568004277, 2662254.9897006 6759355.03943876 -9832.21568004277))",nearest_neighbor_boundary,-176.05608994428036,-28.799427819682542
124,1,-176.09112981813286,-28.668140864149496,-176.1184231185414,-28.799468435907713,9.609383885658886,10.62828521816074,39.946166448445766,"POLYGON Z ((2650937.92849354 6769157.88095572 -10628.2852181607, 2665347.22077415 6765116.32976259 -9609.38388565889, 2669398.12830542 6779558.98007938 -9609.38388565889, 2654988.83602482 6783600.53127251 -10628.2852181607, 2650937.92849354 6769157.88095572 -10628.2852181607))",2d_linear_centroids_interior,-176.17909950918406,-28.721779032696006
124,2,-176.21312746506743,-28.591412556945826,-176.24224028564947,-28.72247404842297,10.700501684708454,12.009590658598986,39.98769183007102,"POLYGON Z ((2639593.26864182 6779044.77832355 -12009.590658599, 2653935.43280692 6774850.90027098 -10700.5016847085, 2658145.37402639 6789247.99702444 -10700.5016847085, 2643803.20986129 6793441.87507701 -12009.590658599, 2639593.26864182 6779044.77832355 -12009.590658599))",2d_linear_centroids_interior,-176.30168811212405,-28.644127601995006
124,3,-176.3337425072391,-28.51646296390094,-176.36827563637652,-28.646532984873808,11.651218515304583,13.637072452739128,40.029189906214036,"POLYGON Z ((2628162.54986864 6789146.42677424 -13637.0724527391, 2642276.09581624 6784470.50922534 -11651.2185153046, 2646993.53785293 6798709.39052376 -11651.2185153046, 2632879.99190533 6803385.30807266 -13637.0724527391, 2628162.54986864 6789146.42677424 -13637.0724527391))",2d_linear_centroids_interior,-176.42402898164056,-28.566366030737612
124,4,-176.45570225694482,-28.438825409040508,-176.48958716208415,-28.56906378946763,13.705688651772086,16.605957980269803,40.07026651946695,"POLYGON Z ((2617084.47268816 6798753.01170924 -16605.9579802698, 2631080.16287507 6794202.28714998 -13705.6886517721, 2635718.41310162 6808467.16131121 -13705.6886517721, 2621722.72291472 6813017.88587047 -16605.9579802698, 2617084.47268816 6798753.01170924 -16605.9579802698))",2d_linear_centroids_interior,-176.54496303567933,-28.489236488422492
124,5,-176.57653072589355,-28.36207943579045,-176.61013824026554,-28.492408961854572,16.323840808143622,20.456235297653254,40.11081738617068,"POLYGON Z ((2606207.21725184 6808237.53469947 -20456.2352976533, 2619933.51816294 6803820.29811072 -16323.8408081436, 2624528.56903398 6818099.14636584 -16323.8408081436, 2610802.26812288 6822516.38295459 -20456.2352976533, 2606207.21725184 6808237.53469947 -20456.2352976533))",2d_linear_centroids_interior,-176.66418913461823,-28.412941149750562
124,6,-176.69241122646713,-28.289285574136336,-176.72861279489493,-28.419104280212768,20.810328292769075,26.17948840690779,40.14992319552995,"POLYGON Z ((2595682.28018956 6817540.72831643 -26179.4884069078, 2608942.30112448 6813030.29990284 -20810.3282927691, 2613772.78249006 6827231.23120246 -20810.3282927691, 2600512.76155514 6831741.65961606 -26179.4884069078, 2595682.28018956 6817540.72831643 -26179.4884069078))",2d_linear_centroids_interior,-176.7790160856573,-28.339221536196266
124,7,-176.81081453554583,-28.21435338742686,-176.84789749585178,-28.344010330202284,24.44383168159708,31.01470178556592,40.189534686920744,"POLYGON Z ((2585127.3294439 6826836.72581011 -31014.7017855659, 2597871.76159135 6822431.82906718 -24443.8316815971, 2602771.82597466 6836608.90101591 -24443.8316815971, 2590027.39382721 6841013.79775884 -31014.7017855659, 2585127.3294439 6826836.72581011 -31014.7017855659))",2d_linear_centroids_interior,-176.8951775071978,-28.264406250409397
124,8,-176.92261117071274,-28.143112952956795,-176.95932312345874,-28.27288339178501,30.5614017492073,38.10330777800092,40.22678347704484,"POLYGON Z ((2575254.87663145 6835501.45008064 -38103.3077780009, 2587524.66302105 6831309.55368324 -30561.4017492073, 2592374.1138095 6845504.01834558 -30561.4017492073, 2580104.3274199 6849695.91474298 -38103.3077780009, 2575254.87663145 6835501.45008064 -38103.3077780009))",2d_linear_centroids_interior,-177.0042724017204,-28.193923484483705
124,9,-177.0263278084521,-28.076764362819354,-177.06396370172894,-28.206355195796704,38.41264170317009,46.45283713480611,40.26184762851589,"POLYGON Z ((2565830.64654137 6843762.57688945 -46452.8371348061, 2577791.66752917 6839604.54437988 -38412.6417031701, 2582717.02252642 6853772.84978846 -38412.6417031701, 2570756.00153863 6857930.88229804 -46452.8371348061, 2565830.64654137 6843762.57688945 -46452.8371348061))",2d_linear_centroids_interior,-177.106846967849,-28.127460066421314
124,10,-177.134604975496,-28.00788936528508,-177.17586280388835,-28.13663975917959,44.91551540878676,53.420445662630485,40.29886457297938,"POLYGON Z ((2555785.55208717 6852636.7817509 -53420.4456626305, 2567356.1784141 6848302.41123375 -44915.5154087868, 2572618.11851134 6862349.18974033 -44915.5154087868, 2561047.49218441 6866683.56025748 -53420.4456626305, 2555785.55208717 6852636.7817509 -53420.4456626305))",2d_linear_centroids_interior,-177.21500600469858,-28.057175392066558
125,0,-175.94431038718082,-28.595803871305275,-175.96791897821757,-28.727629381999435,8.761019664973588,9.713500852616718,40.12236545216911,"POLYGON Z ((2666429.25353207 6775475.24775184 -9713.50085261672, 2680933.53006109 6771771.3657401 -8761.01966497359, 2684644.90192442 6786304.97227433 -8761.01966497359, 2670140.6253954 6790008.85428607 -9713.50085261672, 2666429.25353207 6775475.24775184 -9713.50085261672))",nearest_neighbor_boundary,-176.03069219036286,-28.65130107667595
125,1,-176.06595741073014,-28.519539966544595,-176.0921626382626,-28.651022256219328,9.772710659708547,10.780841818029053,40.15103119591127,"POLYGON Z ((2655034.35916577 6785420.82607594 -10780.8418180291, 2669473.2553432 6781483.57465583 -9772.71065970855, 2673419.42931455 6795955.19208402 -9772.71065970855, 2658980.53313712 6799892.44350412 -10780.8418180291, 2655034.35916577 6785420.82607594 -10780.8418180291))",2d_linear_centroids_interior,-176.15336868883207,-28.5737170028533
125,2,-176.18472276989445,-28.446989327192963,-176.2206160103125,-28.576713986573825,10.665655306065288,12.090713452407272,40.192558530363996,"POLYGON Z ((2643431.79675046 6795805.13520449 -12090.7134524073, 2657555.8513297 6790959.48854771 -10665.6553060653, 2662423.51490328 6805147.71787115 -10665.6553060653, 2648299.46032404 6809993.36452792 -12090.7134524073, 2643431.79675046 6795805.13520449 -12090.7134524073))",2d_linear_centroids_interior,-176.27576024311708,-28.496046115944985
125,3,-176.30684076652588,-28.369707324481638,-176.34378207145141,-28.499237965987298,11.663382567351544,13.689690930159367,40.23405599327925,"POLYGON Z ((2632145.79195997 6805631.88453065 -13689.6909301594, 2646174.87383385 6800724.85526695 -11663.3825673515, 2651127.29845536 6814883.72140688 -11663.3825673515, 2637098.21658149 6819790.75067058 -13689.6909301594, 2632145.79195997 6805631.88453065 -13689.6909301594))",2d_linear_centroids_interior,-176.39789802338757,-28.418270443130762
125,4,-176.4292389172523,-28.29146922193481,-176.46480991976816,-28.42133458788929,13.485614587879537,16.552738174389557,40.27521199891461,"POLYGON Z ((2621081.64070106 6815204.71456806 -16552.7381743896, 2634991.46020923 6810502.62203863 -13485.6145878795, 2639795.0437835 6824712.67428502 -13485.6145878795, 2625885.22427533 6829414.76681444 -16552.7381743896, 2621081.64070106 6815204.71456806 -16552.7381743896))",2d_linear_centroids_interior,-176.51886740560204,-28.34097708544512
125,5,-176.55016242588914,-28.214882712258202,-176.58678221362285,-28.34455457007026,15.891676587428067,20.1393679000321,40.31603753616991,"POLYGON Z ((2610085.38082066 6824835.61451577 -20139.3679000321, 2623685.84057409 6820146.83930171 -15891.6765874281, 2628574.73306636 6834327.76769865 -15891.6765874281, 2614974.27331292 6839016.54291271 -20139.3679000321, 2610085.38082066 6824835.61451577 -20139.3679000321))",2d_linear_centroids_interior,-176.63870491062698,-28.264150198293926
125,6,-176.6697469600478,-28.138539072160324,-176.70489093759326,-28.26856457188861,19.635044206515243,25.224406869225813,40.35584909170541,"POLYGON Z ((2599527.86183457 6834043.04626723 -25224.4068692258, 2612737.40435457 6829653.62586847 -19635.0442065152, 2617467.47324937 6843888.3175845 -19635.0442065152, 2604257.93072937 6848277.73798326 -25224.4068692258, 2599527.86183457 6834043.04626723 -25224.4068692258))",2d_linear_centroids_interior,-176.75541226557507,-28.189084480199114
125,7,-176.78193254570024,-28.067927253366804,-176.81948396715,-28.197455235691553,25.37755738057305,32.16419545687599,40.39356983771505,"POLYGON Z ((2589445.92135794 6842983.23752131 -32164.195456876, 2602073.93619737 6838570.21306678 -25377.5573805731, 2607022.4182948 6852730.45758909 -25377.5573805731, 2594394.40345537 6857143.48204361 -32164.195456876, 2589445.92135794 6842983.23752131 -32164.195456876))",2d_linear_centroids_interior,-176.86585056220088,-28.117827936837898
125,8,-176.89121993751942,-27.998444552327,-176.93038828224266,-28.127625701655496,31.967205931998112,39.49988318591652,40.43047192601398,"POLYGON Z ((2579547.23206178 6851701.37918381 -39499.8831859165, 2591748.78928765 6847299.01906086 -31967.2059319981, 2596839.61191429 6861408.71519452 -31967.2059319981, 2584638.05468842 6865811.07531746 -39499.8831859165, 2579547.23206178 6851701.37918381 -39499.8831859165))",2d_linear_centroids_interior,-176.97376050408283,-28.04799328073691
125,9,-176.99562498701607,-27.93241586955624,-177.03787147332,-28.06085939134069,39.50702646806183,47.82106967530174,40.465804271059625,"POLYGON Z ((2570064.19502961 6860118.38695609 -47821.0696753017, 2581720.06669257 6855644.31260213 -39507.0264680618, 2587095.38114164 6869648.09761097 -39507.0264680618, 2575439.50947867 6874122.17196493 -47821.0696753017, 2570064.19502961 6860118.38695609 -47821.0696753017))",2d_linear_centroids_interior,-177.07695846474806,-27.981014417436786
126,0,-175.9129373139906,-28.45332382149328,-175.9432324346952,-28.584061368482573,8.784995295431875,9.746993130784372,40.12236545216911,"POLYGON Z ((2670552.00498414 6791961.9586485 -9746.99313078437, 2684874.27089193 6787609.1136672 -8784.99529543187, 2689236.09535184 6801960.92495988 -8784.99529543187, 2674913.82944405 6806313.76994119 -9746.99313078437, 2670552.00498414 6791961.9586485 -9746.99313078437))",nearest_neighbor_boundary,-176.00193782153224,-28.505316058566056
126,1,-176.03433285857855,-28.37730203959107,-176.06762556894896,-28.507507423390308,9.705034003724688,10.771330275403589,40.35480903515237,"POLYGON Z ((2659148.98398432 6801940.24925661 -10771.3302754036, 2673378.73326816 6797316.69569037 -9705.03400372469, 2678014.01334888 6811582.53525814 -9705.03400372469, 2663784.26406503 6816206.08882438 -10771.3302754036, 2659148.98398432 6801940.24925661 -10771.3302754036))",2d_linear_centroids_interior,-176.12444102895094,-28.427703385707407
126,2,-176.15724854040533,-28.298825972247567,-176.18909452391898,-28.429351117550695,10.778365283447737,12.240189185694724,40.39632275664668,"POLYGON Z ((2647922.95758473 6811617.11072603 -12240.1891856947, 2662170.72383647 6807160.18042431 -10778.3652834477, 2666648.97086484 6821476.09127737 -10778.3652834477, 2652401.20461309 6825933.02157909 -12240.1891856947, 2647922.95758473 6811617.11072603 -12240.1891856947))",2d_linear_centroids_interior,-176.2465951727049,-28.350046153700855
126,3,-176.27691239890498,-28.224704936948093,-176.3155431158304,-28.353824922626604,11.90066635146119,13.948975378659194,40.43779688246245,"POLYGON Z ((2636458.09749462 6821808.02910298 -13948.9753786592, 2650425.63863658 6816737.30680956 -11900.6663514612, 2655544.30937349 6830836.92417625 -11900.6663514612, 2641576.76823154 6835907.64646967 -13948.9753786592, 2636458.09749462 6821808.02910298 -13948.9753786592))",2d_linear_centroids_interior,-176.36846861073337,-28.272303012844073
126,4,-176.39874277827363,-28.14700235711021,-176.43695946445965,-28.27625376056414,13.746542566639873,16.913270672334026,40.478921011965824,"POLYGON Z ((2625379.59241075 6831430.13751265 -16913.270672334, 2639181.21638726 6826481.70253627 -13746.5425666399, 2644243.75498141 6840601.57162146 -13746.5425666399, 2630442.1310049 6845550.00659784 -16913.270672334, 2625379.59241075 6831430.13751265 -16913.270672334))",2d_linear_centroids_interior,-176.48915175817186,-28.19505901907269
126,5,-176.52038000988617,-28.068889854164954,-176.55641165681854,-28.198667564837226,16.3194625053174,20.698122058124977,40.51960927723835,"POLYGON Z ((2614532.81174252 6840818.91594131 -20698.122058125, 2628113.80400334 6836194.63332322 -16319.4625053174, 2632948.6661559 6850394.07373352 -16319.4625053174, 2619367.67389507 6855018.35635161 -20698.122058125, 2614532.81174252 6840818.91594131 -20698.122058125))",2d_linear_centroids_interior,-176.6083974747416,-28.118480873354795
126,6,-176.63672966672493,-27.994810893547395,-176.67226089657652,-28.12473037611034,20.719426684559362,26.445856814782946,40.558479551899424,"POLYGON Z ((2604207.04196724 6849862.84531928 -26445.8568147829, 2617351.01651676 6845453.31801975 -20719.4266845594, 2622121.8863455 6859674.38693447 -20719.4266845594, 2608977.91179599 6864083.914234 -26445.8568147829, 2604207.04196724 6849862.84531928 -26445.8568147829))",2d_linear_centroids_interior,-176.7221682967144,-28.045183176351323
126,7,-176.75078947744663,-27.92221382461643,-176.78611807674238,-28.052209316676816,26.098807502158163,33.006398651962286,40.596543606100525,"POLYGON Z ((2594122.64323046 6858726.36349651 -33006.3986519623, 2606756.38595894 6854522.35003582 -26098.8075021582, 2611492.4671085 6868755.04251984 -26098.8075021582, 2598858.72438002 6872959.05598054 -33006.3986519623, 2594122.64323046 6858726.36349651 -33006.3986519623))",2d_linear_centroids_interior,-176.83344047614793,-27.9732729081351
126,8,-176.8607216118998,-27.852269906433925,-176.89772375914575,-27.9819289679957,32.48169959294982,40.16083484833197,40.633693461991825,"POLYGON Z ((2584165.76611932 6867503.81300794 -40160.834848332, 2596348.86848737 6863308.23218772 -32481.6995929498, 2601233.01758723 6877490.79498752 -32481.6995929498, 2589049.91521918 6881686.37580775 -40160.834848332, 2584165.76611932 6867503.81300794 -40160.834848332))",2d_linear_centroids_interior,-176.94190786454735,-27.90296369429368
126,9,-176.964772408094,-27.786734625349727,-177.00717273250672,-27.91511123695345,39.74013657722172,48.03224699685387,40.66943486326729,"POLYGON Z ((2574445.62819459 6876171.20186824 -48032.2469968539, 2586109.04231596 6871676.12947481 -39740.1365772217, 2591503.28618808 6885672.6337901 -39740.1365772217, 2579839.87206671 6890167.70618353 -48032.2469968539, 2574445.62819459 6876171.20186824 -48032.2469968539))",2d_linear_centroids_interior,-177.04613975232857,-27.835203243454977
127,0,-175.88835902041305,-28.304563934518782,-175.9177340406761,-28.435446178696523,8.89974950030762,9.853891241747847,40.499070228479496,"POLYGON Z ((2674599.11568445 6808271.05228265 -9853.89124174785, 2688948.32882596 6804006.114328 -8899.74950030762, 2693221.92136793 6818384.44548239 -8899.74950030762, 2678872.70822643 6822649.38343703 -9853.89124174785, 2674599.11568445 6808271.05228265 -9853.89124174785))",nearest_neighbor_boundary,-175.97687952987943,-28.35701532343619
127,1,-176.01036751065544,-28.227433067960085,-176.04075241268185,-28.35817325739283,9.765652571569845,10.866015140899206,40.559839340414946,"POLYGON Z ((2663260.33602828 6818124.45563612 -10866.0151408992, 2677575.65321354 6813781.54231653 -9765.65257156984, 2681930.29921818 6828135.53333555 -9765.65257156984, 2667614.98203292 6832478.44665515 -10866.0151408992, 2663260.33602828 6818124.45563612 -10866.0151408992))",2d_linear_centroids_interior,-176.09920851809645,-28.27936697769383
127,2,-176.12964222071324,-28.15392520417393,-176.16788073721455,-28.283077196290023,10.66869318413273,12.242739615756427,40.601384122944225,"POLYGON Z ((2651727.25855937 6828404.88158152 -12242.7396157564, 2665755.95588788 6823333.58696416 -10668.6931841327, 2670855.40491076 6837440.16768604 -10668.6931841327, 2656826.70758225 6842511.4623034 -12242.7396157564, 2651727.25855937 6828404.88158152 -12242.7396157564))",2d_linear_centroids_interior,-176.221252646638,-28.20163463330898
127,3,-176.25097628475646,-28.076848520005125,-176.29017662084723,-28.205809411064525,12.229678964708025,14.375636875823599,40.64273339361025,"POLYGON Z ((2640485.49393086 6838191.27548981 -14375.6368758236, 2654419.20488152 6833068.13545783 -12229.678964708, 2659595.59202997 6847146.66578203 -12229.678964708, 2645661.88107932 6852269.80581401 -14375.6368758236, 2640485.49393086 6838191.27548981 -14375.6368758236))",2d_linear_centroids_interior,-176.34256027862403,-28.124109326663817
127,4,-176.3739898745161,-27.997423016522216,-176.4101171582042,-28.127122713566795,13.789148788058085,17.019923938751052,40.68398969562523,"POLYGON Z ((2629455.33555194 6847672.66995316 -17019.9239387511, 2643312.29485474 6842924.32594643 -13789.1487880581, 2648174.76487555 6857114.33599916 -13789.1487880581, 2634317.80557275 6861862.6800059 -17019.9239387511, 2629455.33555194 6847672.66995316 -17019.9239387511))",2d_linear_centroids_interior,-176.46343417587065,-28.04660142329216
127,5,-176.49293452998617,-27.92181324536639,-176.52988031781533,-28.05136593899639,17.08807724029115,21.52954332003419,40.724202625572865,"POLYGON Z ((2618644.04599784 6857140.67049655 -21529.5433200342, 2632176.76853557 6852435.48189467 -17088.0772402911, 2637102.8544235 6866603.53320121 -17088.0772402911, 2623570.13188577 6871308.72180309 -21529.5433200342, 2618644.04599784 6857140.67049655 -21529.5433200342))",2d_linear_centroids_interior,-176.5810966393031,-27.97090378138522
127,6,-176.61247830105657,-27.845503323108165,-176.64861767873185,-27.97526945440356,20.659089435140427,26.50948548266732,40.764137188036514,"POLYGON Z ((2608053.69104127 6866409.54768769 -26509.4854826673, 2621129.48168935 6861960.21458996 -20659.0894351404, 2625961.49227594 6876160.62562947 -20659.0894351404, 2612885.70162785 6880609.9587272 -26509.4854826673, 2608053.69104127 6866409.54768769 -26509.4854826673))",2d_linear_centroids_interior,-176.6977938551323,-27.895584569547367
127,7,-176.72531284680954,-27.773111043033683,-176.75917483054087,-27.903393355452984,26.396971959666985,33.45905746546516,40.80151618304145,"POLYGON Z ((2598240.70637691 6874983.54867666 -33459.0574654652, 2610837.88596807 6870929.16652188 -26396.971959667, 2615433.45665684 6885207.84748493 -26396.971959667, 2602836.27706569 6889262.22963971 -33459.0574654652, 2598240.70637691 6874983.54867666 -33459.0574654652))",2d_linear_centroids_interior,-176.8068872523,-27.824954660275946
127,8,-176.82762256413264,-27.70821027004835,-176.86390230114804,-27.83800661980557,34.00709042803527,41.85001906353857,40.8361833724922,"POLYGON Z ((2588941.28553186 6883217.62518443 -41850.0190635386, 2601050.20083417 6879111.21061454 -34007.0904280353, 2605867.5761824 6893316.5932125 -34007.0904280353, 2593758.66088008 6897423.00778239 -41850.0190635386, 2588941.28553186 6883217.62518443 -41850.0190635386))",2d_linear_centroids_interior,-176.9079487470918,-27.759336583110933
127,9,-176.94056679590722,-27.6349145390802,-176.97481663921613,-27.765178191655945,39.17659835990208,47.52679708797564,40.87414117056358,"POLYGON Z ((2578844.39910079 6891989.00365524 -47526.7970879756, 2590703.5966288 6888163.61280027 -39176.5983599021, 2595308.46743803 6902439.29719123 -39176.5983599021, 2583449.26991002 6906264.6880462 -47526.7970879756, 2578844.39910079 6891989.00365524 -47526.7970879756))",2d_linear_centroids_interior,-177.01847372237432,-27.687366794903586
128,0,-175.85616990095764,-28.162703668562617,-175.89168564005587,-28.292366005579535,8.920891967639818,9.887814689986113,40.87577500478984,"POLYGON Z ((2678862.06460663 6824641.85695748 -9887.81468998611, 2693019.47346895 6819780.49554793 -8920.89196763982, 2697890.96664041 6833967.41044443 -8920.89196763982, 2683733.55777809 6838828.77185398 -9887.81468998611, 2678862.06460663 6824641.85695748 -9887.81468998611))",nearest_neighbor_boundary,-175.94696563747203,-28.211814398125586
128,1,-175.97849702995654,-28.084882151076343,-176.0137636300675,-28.214635204250136,9.75714528231306,10.893435928985419,40.76321061271364,"POLYGON Z ((2667565.14734853 6834415.57115296 -10893.4359289854, 2681725.17765491 6829598.68571848 -9757.14528231306, 2686555.94364151 6843799.5202004 -9757.14528231306, 2672395.91333514 6848616.40563487 -10893.4359289854, 2667565.14734853 6834415.57115296 -10893.4359289854))",2d_linear_centroids_interior,-176.0691076173746,-28.13414945623689
128,2,-176.10221142797866,-28.00484440848516,-176.13336744559194,-28.13545909349822,10.625063208792747,12.23630047140572,40.80476447682619,"POLYGON Z ((2656420.40098739 6843928.96253584 -12236.3004714057, 2670673.09954146 6839539.82840594 -10625.0632087927, 2675087.77618147 6853875.47035754 -10625.0632087927, 2660835.07762739 6858264.60448743 -12236.3004714057, 2656420.40098739 6843928.96253584 -12236.3004714057))",2d_linear_centroids_interior,-176.1909846005437,-28.056389297257212
128,3,-176.22129817198478,-27.93061948326423,-176.25848144704895,-28.060024124777602,12.30888659425642,14.656814422010605,40.84603666811185,"POLYGON Z ((2645045.56476487 6854017.91247792 -14656.8144220106, 2659018.93934837 6849095.30771367 -12308.8865942564, 2664002.98019682 6863243.07562316 -12308.8865942564, 2650029.60561333 6868165.68038742 -14656.8144220106, 2645045.56476487 6854017.91247792 -14656.8144220106))",2d_linear_centroids_interior,-176.3118750691078,-27.978998386313
128,4,-176.34179408298047,-27.853685190957535,-176.37941039451476,-27.983026504787766,14.508266950424456,17.68517618695204,40.88701469535287,"POLYGON Z ((2633960.53981455 6863668.36915149 -17685.176186952, 2647778.36105094 6858771.93534901 -14508.2669504245, 2652788.45206459 6872910.49920943 -14508.2669504245, 2638970.6308282 6877806.93301191 -17685.176186952, 2633960.53981455 6863668.36915149 -17685.176186952))",2d_linear_centroids_interior,-176.43174600839194,-27.90200438541113
128,5,-176.46319591402602,-27.77520160805656,-176.4973766830819,-27.90532850628757,17.24849701395769,21.77283280472724,40.927514641605015,"POLYGON Z ((2623227.89196013 6872928.3316705 -21772.8328047272, 2636821.62945633 6868485.2824319 -17248.4970139577, 2641481.71046821 6882743.03979282 -17248.4970139577, 2627887.97297201 6887186.08903141 -21772.8328047272, 2623227.89196013 6872928.3316705 -21772.8328047272))",2d_linear_centroids_interior,-176.55006408374783,-27.8257581285679
128,6,-176.57875189355468,-27.701836156635274,-176.6138912154127,-27.831795130366217,21.602576459980273,27.48542448531106,40.96639654193642,"POLYGON Z ((2612860.43655873 6882063.73576681 -27485.4244853111, 2625952.27464886 6877705.31007252 -21602.5764599803, 2630690.28978972 6891937.35885423 -21602.5764599803, 2617598.45169958 6896295.78454852 -27485.4244853111, 2612860.43655873 6882063.73576681 -27485.4244853111))",2d_linear_centroids_interior,-176.66351097340342,-27.75241809649431
128,7,-176.69351780778027,-27.62758550402833,-176.72422008656076,-27.75846423114407,27.255475046012947,34.31674801811668,41.00421678149667,"POLYGON Z ((2602999.20630659 6890620.88410763 -34316.7480181167, 2615680.41332248 6886835.99142307 -27255.4750460129, 2619970.38189413 6901209.445067 -27255.4750460129, 2607289.17487824 6904994.33775156 -34316.7480181167, 2602999.20630659 6890620.88410763 -34316.7480181167))",2d_linear_centroids_interior,-176.7737249281839,-27.68094983524415
128,8,-176.80537555425593,-27.556049104544016,-176.8357415118104,-27.68702305280447,33.31067962180337,41.33474230918839,41.041647072552216,"POLYGON Z ((2593101.29228281 6899336.06744708 -41334.7423091884, 2605257.31373873 6895751.99708615 -33310.6796218034, 2609499.36118664 6910139.6665795 -33310.6796218034, 2597343.33973072 6913723.73694042 -41334.7423091884, 2593101.29228281 6899336.06744708 -41334.7423091884))",2d_linear_centroids_interior,-176.88267133993534,-27.610092221167875
128,9,-176.90631432469064,-27.491401597269526,-176.93919178416297,-27.621923147510742,41.43015342702741,49.91154323340446,41.07620502747895,"POLYGON Z ((2583755.95097771 6907570.02413313 -49911.5432334045, 2595564.77864283 6903879.81870147 -41430.1534270274, 2600038.84476263 6918197.03673975 -41430.1534270274, 2588230.01709751 6921887.24217141 -49911.5432334045, 2583755.95097771 6907570.02413313 -49911.5432334045))",2d_linear_centroids_interior,-176.98314170124826,-27.544561227881438
129,0,-175.81755477230365,-28.0218213458695,-175.84854191609944,-28.152366389822927,8.987034397132911,9.95004776395378,40.87577500478984,"POLYGON Z ((2684455.69672651 6839480.38185826 -9950.04776395378, 2698755.42030065 6835054.26494176 -8987.03439713291, 2703190.68719585 6849383.54990538 -8987.03439713291, 2688890.96362171 6853809.66682188 -9950.04776395378, 2684455.69672651 6839480.38185826 -9950.04776395378))",nearest_neighbor_boundary,-175.90649053493792,-28.073356563498823
129,1,-175.9378481605028,-27.94665106350912,-175.973520082838,-28.076289870918135,9.706813745081748,10.840745693995654,40.96299220516465,"POLYGON Z ((2672992.75347116 6849575.99454199 -10840.7456939957, 2687138.20358674 6844715.90818855 -9706.81374508175, 2692012.23664911 6858901.95068485 -9706.81374508175, 2677866.78653353 6863762.03703829 -10840.7456939957, 2672992.75347116 6849575.99454199 -10840.7456939957))",2d_linear_centroids_interior,-176.0285030934843,-27.99566148747322
129,2,-176.0591474138844,-27.86971868127334,-176.0962982067669,-27.999066765026896,10.7159024905293,12.349749894158485,41.00451154010612,"POLYGON Z ((2661676.02049837 6859440.4278052 -12349.7498941585, 2675733.56127169 6854468.89986421 -10715.9024905293, 2680734.84599478 6868610.58120409 -10715.9024905293, 2666677.30522145 6873582.10914508 -12349.7498941585, 2661676.02049837 6859440.4278052 -12349.7498941585))",2d_linear_centroids_interior,-176.15010010244873,-27.917968700390094
129,3,-176.1832213639134,-27.78811336326474,-176.21268745292952,-27.919050467348697,12.46285160561413,14.72823562106397,41.04576657221573,"POLYGON Z ((2650749.89554604 6868649.06102185 -14728.235621064, 2664974.14199826 6864461.12022367 -12462.8516056141, 2669210.67647488 6878850.41400858 -12462.8516056141, 2654986.43002266 6883038.35480676 -14728.235621064, 2650749.89554604 6868649.06102185 -14728.235621064))",2d_linear_centroids_interior,-176.27076416155634,-27.840613217070874
129,4,-176.3006767834361,-27.715472913380378,-176.33870397649207,-27.844691408134107,14.470850409887897,17.752196331343956,41.086779546783035,"POLYGON Z ((2639403.43929942 6878821.51178975 -17752.196331344, 2653184.16344236 6873889.53337942 -14470.8504098879, 2658238.56189187 6888012.31838498 -14470.8504098879, 2644457.83774894 6892944.29679532 -17752.196331344, 2639403.43929942 6878821.51178975 -17752.196331344))",2d_linear_centroids_interior,-176.3905634783665,-27.763557158284666
129,5,-176.42148531907264,-27.63720455684676,-176.4561342145655,-27.767207780337095,17.4476426763874,21.95213388349132,41.12719413892786,"POLYGON Z ((2628677.60527851 6888068.50599935 -21952.1338834913, 2642261.72623424 6883576.15507525 -17447.6426763874, 2646971.45473133 6897817.58960565 -17447.6426763874, 2633387.3337756 6902309.94052975 -21952.1338834913, 2628677.60527851 6888068.50599935 -21952.1338834913))",2d_linear_centroids_interior,-176.50846223990445,-27.687475628822188
129,6,-176.54201768827807,-27.559435900655288,-176.57402991111238,-27.690009291451364,20.678182780422528,26.393703203739843,41.16746355117681,"POLYGON Z ((2618025.384283 6897321.34046306 -26393.7032037398, 2631273.36040244 6893219.63898326 -20678.1827804225, 2635709.73900248 6907548.57979956 -20678.1827804225, 2622461.76288305 6911650.28127937 -26393.7032037398, 2618025.384283 6897321.34046306 -26393.7032037398))",2d_linear_centroids_interior,-176.6257869669936,-27.61152047595982
129,7,-176.65393958345447,-27.487781499606427,-176.68506736364412,-27.618557798438882,26.62459813650157,33.525238026450765,41.20487068571542,"POLYGON Z ((2608146.85674476 6905996.69931681 -33525.2380264508, 2620897.02250479 6902147.74592647 -26624.5981365016, 2625231.93319643 6916507.709342 -26624.5981365016, 2612481.76743641 6920356.66273235 -33525.2380264508, 2608146.85674476 6905996.69931681 -33525.2380264508))",2d_linear_centroids_interior,-176.7346380612212,-27.5408334597367
129,8,-176.7660763849038,-27.415818521587642,-176.79559154685882,-27.546924830345617,32.37280129851136,40.350259743786026,41.24217939678648,"POLYGON Z ((2598355.01952633 6914603.02114181 -40350.259743786, 2610559.01501718 6911078.44303751 -32372.8012985114, 2614720.99746589 6925489.47707732 -32372.8012985114, 2602517.00197504 6929014.05518162 -40350.259743786, 2598355.01952633 6914603.02114181 -40350.259743786))",2d_linear_centroids_interior,-176.84307400519614,-27.470207847782113
129,9,-176.86565107885045,-27.35177924707113,-176.8955182091529,-27.48285170954344,40.898321141478746,49.47834553924781,41.2758475454667,"POLYGON Z ((2589377.80379878 6922495.31534852 -49478.3455392478, 2601193.47419244 6919064.11811109 -40898.3211414787, 2605376.57305515 6933469.03685105 -40898.3211414787, 2593560.90266149 6936900.23408848 -49478.3455392478, 2589377.80379878 6922495.31534852 -49478.3455392478))",2d_linear_centroids_interior,-176.94081861948106,-27.406367629515124
130,0,-175.77631246740975,-27.884522143918364,-175.80908440234694,-28.014698164936252,8.932074208854756,9.914642577243326,41.252479781100206,"POLYGON Z ((2689863.79617612 6854705.34255431 -9914.64257724332, 2704106.40653369 6850102.88564479 -8932.07420885476, 2708718.76955328 6864376.15112173 -8932.07420885476, 2694476.15919572 6868978.60803125 -9914.64257724332, 2689863.79617612 6854705.34255431 -9914.64257724332))",nearest_neighbor_boundary,-175.86583131387377,-27.935065565791824
130,1,-175.90013467539782,-27.80423870427783,-175.92809576751765,-27.93533583344029,9.674843483890879,10.804598137349041,41.16267712568989,"POLYGON Z ((2678717.48281245 6864194.16826922 -10804.598137349, 2693097.85220927 6860079.72657758 -9674.84348389088, 2697224.01367382 6874501.05770784 -9674.84348389088, 2682843.644277 6878615.49939947 -10804.598137349, 2678717.48281245 6864194.16826922 -10804.598137349))",2d_linear_centroids_interior,-175.98766279429378,-27.8573738911117
130,2,-176.01985518196793,-27.72911900588963,-176.05273248835775,-27.859350495151844,10.682572828429043,12.26859724308807,41.20420206185132,"POLYGON Z ((2667277.16546823 6874276.95049728 -12268.5972430881, 2681477.78756935 6869713.30518925 -10682.572828429, 2686067.15930122 6883993.9797919 -10682.572828429, 2671866.5372001 6888557.62509993 -12268.5972430881, 2667277.16546823 6874276.95049728 -12268.5972430881))",2d_linear_centroids_interior,-176.1090985383971,-27.77967331502001
130,3,-176.14039086831218,-27.65216868294128,-176.17400704242104,-27.782288185345607,12.480206739234356,14.790634941239063,41.24540178313482,"POLYGON Z ((2656093.30336773 6884010.15481917 -14790.6349412391, 2670185.75211929 6879420.51325279 -12480.2067392344, 2674830.82615063 6893683.1668363 -12480.2067392344, 2660738.37739907 6898272.80840269 -14790.6349412391, 2656093.30336773 6884010.15481917 -14790.6349412391))",2d_linear_centroids_interior,-176.2294259438029,-27.70242471794266
130,4,-176.26513239192116,-27.56993870982038,-176.29015008777304,-27.701621853590716,13.906013847047683,17.155331286884735,41.28667585632917,"POLYGON Z ((2645253.48408147 6893166.91960267 -17155.3312868847, 2659422.92562331 6889469.77711587 -13906.0138470477, 2663209.98912668 6903983.84443077 -13906.0138470477, 2649040.54758484 6907680.98691757 -17155.3312868847, 2645253.48408147 6893166.91960267 -17155.3312868847))",2d_linear_centroids_interior,-176.34981364391325,-27.624881301653947
130,5,-176.3805969721295,-27.498035307373996,-176.41323479062135,-27.62842518050442,17.28246558684019,21.756885209735184,41.326812502463746,"POLYGON Z ((2634226.02556121 6903039.99363064 -21756.8852097352, 2647878.47694057 6898728.36512476 -17282.4655868402, 2652395.7600086 6913032.00639834 -17282.4655868402, 2638743.30862925 6917343.63490422 -21756.8852097352, 2634226.02556121 6903039.99363064 -21756.8852097352))",2d_linear_centroids_interior,-176.4667333649028,-27.549326543741394
130,6,-176.4992925075434,-27.421370986646437,-176.5293695894274,-27.552284937209798,21.213410843182274,26.847588121403337,41.366551466108795,"POLYGON Z ((2623706.96840965 6912180.11355653 -26847.5881214033, 2637038.73450148 6908240.56291334 -21213.4108431823, 2641289.54164272 6922625.64680771 -21213.4108431823, 2627957.77555089 6926565.1974509 -26847.5881214033, 2623706.96840965 6912180.11355653 -26847.5881214033))",2d_linear_centroids_interior,-176.58234878842808,-27.474377228620632
130,7,-176.61455101306424,-27.34794405421231,-176.64580111988525,-27.478674265045512,25.962530329737717,32.79338144562884,41.40545031585488,"POLYGON Z ((2613348.8900657 6921330.53046371 -32793.3814456288, 2626129.3388936 6917457.59865563 -25962.5303297377, 2630479.52032044 6931812.94335903 -25962.5303297377, 2617699.07149254 6935685.87516711 -32793.3814456288, 2613348.8900657 6921330.53046371 -32793.3814456288))",2d_linear_centroids_interior,-176.695379681774,-27.400875252372938
130,8,-176.72325833069567,-27.27787635014739,-176.75266495122528,-27.408979228541153,32.72184702084964,40.5099796086751,41.441736578240366,"POLYGON Z ((2603804.52180443 6929693.72388061 -40509.9796086751, 2616122.62313014 6926142.75633305 -32721.8470208496, 2620277.51500756 6940555.83627756 -32721.8470208496, 2607959.41368184 6944106.80382513 -40509.9796086751, 2603804.52180443 6929693.72388061 -40509.9796086751))",2d_linear_centroids_interior,-176.80069404279575,-27.332188321962395
130,9,-176.8246896202858,-27.212579332858056,-176.85328613454305,-27.343855407539543,40.85275560648035,49.422140231950046,41.47574086245428,"POLYGON Z ((2594832.24292672 6937586.95763925 -49422.14023195, 2606683.50532634 6934253.30698625 -40852.7556064804, 2610745.23444409 6948692.91766569 -40852.7556064804, 2598893.97204448 6952026.5683187 -49422.14023195, 2594832.24292672 6937586.95763925 -49422.14023195))",2d_linear_centroids_interior,-176.8992760431065,-27.267715034781954
131,0,-175.7383601007563,-27.742867007499722,-175.76470812142549,-27.874165058489844,8.86855949780903,9.845819490716625,41.252479781100206,"POLYGON Z ((2695551.72740319 6869408.32110991 -9845.81949071663, 2709981.12995006 6865428.70994215 -8868.55949780903, 2713969.21404789 6879888.83391218 -8868.55949780903, 2699539.81150101 6883868.44507995 -9845.81949071663, 2695551.72740319 6869408.32110991 -9845.81949071663))",nearest_neighbor_boundary,-175.82520653899235,-27.796802350725038
131,1,-175.8596106070144,-27.665778683758568,-175.8871414513515,-27.79692454020958,9.604945519771322,10.728323855384318,41.36235847728647,"POLYGON Z ((2684200.55883575 6879276.82734424 -10728.3238553843, 2698592.55295155 6875201.47134925 -9604.94551977132, 2702679.38616746 6889633.99691705 -9604.94551977132, 2688287.39205166 6893709.35291205 -10728.3238553843, 2684200.55883575 6879276.82734424 -10728.3238553843))",2d_linear_centroids_interior,-175.9468590756874,-27.719112869890804
131,2,-175.98270005452827,-27.586040061555313,-176.00641476555006,-27.71781472712353,10.585100527671027,12.169966898989383,41.40388913225176,"POLYGON Z ((2673063.94790773 6888813.18493039 -12169.9668989894, 2687520.22843007 6885138.38533798 -10585.100527671, 2691215.71330181 6899676.03960415 -10585.100527671, 2676759.43277946 6903350.83919656 -12169.9668989894, 2673063.94790773 6888813.18493039 -12169.9668989894))",2d_linear_centroids_interior,-176.06813461648284,-27.64140394016415
131,3,-176.10264965506002,-27.509596804031453,-176.12820177502755,-27.64113802818982,12.329013742546705,14.579996962311498,41.445126242384895,"POLYGON Z ((2661824.57922266 6898624.71478463 -14579.9969623115, 2676155.54541287 6894809.41891152 -12329.0137425467, 2680014.54035278 6909304.52698472 -12329.0137425467, 2665683.57416257 6913119.82285783 -14579.9969623115, 2661824.57922266 6898624.71478463 -14579.9969623115))",2d_linear_centroids_interior,-176.18839675803432,-27.564087898694382
131,4,-176.22222140763986,-27.433658419847884,-176.25074048169571,-27.564752947206163,14.03393076230036,17.2450865732736,41.48628642107837,"POLYGON Z ((2650611.0199366 6908475.68015604 -17245.0865732736, 2664695.98163744 6904438.06548357 -14033.9307623004, 2668829.42280006 6918857.3117938 -14033.9307623004, 2654744.46109922 6922894.92646627 -17245.0865732736, 2650611.0199366 6908475.68015604 -17245.0865732736))",2d_linear_centroids_interior,-176.3082795489892,-27.486761662408234
131,5,-176.3397260150395,-27.359368526249046,-176.37247414387173,-27.48971167829805,16.98763510544482,21.252917439955734,41.526795130808836,"POLYGON Z ((2639577.90410114 6918237.55497228 -21252.9174399557, 2653286.73289065 6913892.97446009 -16987.6351054448, 2657818.38024723 6928192.07136289 -16987.6351054448, 2644109.55145772 6932536.65187508 -21252.9174399557, 2639577.90410114 6918237.55497228 -21252.9174399557))",2d_linear_centroids_interior,-176.42611391081738,-27.410509586956767
131,6,-176.46191187000284,-27.27973955683518,-176.48921715657127,-27.411114538153363,19.79040326435637,25.378945048298892,41.56731311140842,"POLYGON Z ((2628972.41133056 6927381.78495908 -25378.9450482989, 2642393.14647984 6923686.91435485 -19790.4032643564, 2646374.66957852 6938148.84623876 -19790.4032643564, 2632953.93442924 6941843.71684298 -25378.9450482989, 2628972.41133056 6927381.78495908 -25378.9450482989))",2d_linear_centroids_interior,-176.54382565259624,-27.334092375018052
131,7,-176.57335353594704,-27.208343214302026,-176.60017574518707,-27.339832100891087,25.711614343919535,32.478232163186966,41.60474064593217,"POLYGON Z ((2619069.35232769 6936096.56756722 -32478.232163187, 2631991.45660629 6932599.12503004 -25711.6143439195, 2635910.29390835 6947078.1689971 -25711.6143439195, 2622988.18962974 6950575.61153428 -32478.232163187, 2619069.35232769 6936096.56756722 -32478.232163187))",2d_linear_centroids_interior,-176.6524263888205,-27.263373312531
131,8,-176.68198114586122,-27.139023566478443,-176.71010896376524,-27.27032795835735,32.10163506113277,39.893137000531716,41.64143822236069,"POLYGON Z ((2609315.57673349 6944736.35913694 -39893.1370005317, 2621661.38429519 6941290.55978444 -32101.6350611328, 2625693.86574539 6955738.36561626 -32101.6350611328, 2613348.05818368 6959184.16496875 -39893.1370005317, 2609315.57673349 6944736.35913694 -39893.1370005317))",2d_linear_centroids_interior,-176.75878548389116,-27.193912562546743
131,9,-176.7881972952759,-27.06941559742159,-176.81222623359963,-27.20140136309038,39.51331238776827,47.74937221737402,41.67704230855303,"POLYGON Z ((2599926.32288406 6952861.01404765 -47749.372217374, 2612093.56930657 6949840.18088824 -39513.3123877683, 2615707.97482925 6964398.20522939 -39513.3123877683, 2603540.72840673 6967419.0383888 -47749.372217374, 2599926.32288406 6952861.01404765 -47749.372217374))",2d_linear_centroids_interior,-176.8618585858733,-27.126407747177627
131,10,-176.89717084262662,-26.999509270615274,-176.92602519950552,-27.13075243089047,45.24183436631503,53.983017705979506,41.714841812659145,"POLYGON Z ((2589629.01333984 6961977.21515193 -53983.0177059795, 2601360.37995337 6958665.60659999 -45241.834366315, 2605435.43011105 6973101.46356148 -45241.834366315, 2593704.06349751 6976413.07211341 -53983.0177059795, 2589629.01333984 6961977.21515193 -53983.0177059795))",2d_linear_centroids_interior,-176.9711616991498,-27.054618471115834
132,0,-175.70323529618216,-27.59840139684469,-175.71721156240045,-27.731173703151573,8.783976212110186,9.756543100590838,41.62918455741054,"POLYGON Z ((2701487.59404007 6883769.40518656 -9756.54310059084, 2716198.1531722 6881002.89770102 -8783.97621211019, 2718970.49417184 6895744.47581809 -8783.97621211019, 2704259.93503971 6898510.98330364 -9756.54310059084, 2701487.59404007 6883769.40518656 -9756.54310059084))",nearest_neighbor_boundary,-175.7846337076639,-27.65855543243231
132,1,-175.82374585235826,-27.521843148455588,-175.8401084028421,-27.65444085966406,9.464383942775022,10.576774097295658,41.5620520105604,"POLYGON Z ((2690081.49956206 6893707.67689712 -10576.7740972957, 2704739.9334457 6890725.57961114 -9464.38394277502, 2707730.2648942 6905424.4883403 -9464.38394277502, 2693071.83101056 6908406.58562628 -10576.7740972957, 2690081.49956206 6893707.67689712 -10576.7740972957))",2d_linear_centroids_interior,-175.90613700486045,-27.580849231469145
132,2,-175.9422001175883,-27.44744039801998,-175.96524090471596,-27.57928865069725,10.415893996820706,11.962983967449732,41.60359250370197,"POLYGON Z ((2678549.28816082 6903886.69856781 -11962.9839674497, 2693025.47510121 6900274.70129627 -10415.8939968207, 2696656.83873175 6914828.50486038 -10415.8939968207, 2682180.65179136 6918440.50213193 -11962.9839674497, 2678549.28816082 6903886.69856781 -11962.9839674497))",2d_linear_centroids_interior,-176.02726500001287,-27.503123829326974
132,3,-176.06435372269206,-27.368164822317336,-176.08364844805874,-27.500530404717125,12.145948925350291,14.382887267916692,41.64482813550078,"POLYGON Z ((2667520.18644497 6913359.21077642 -14382.8872679167, 2682001.22166998 6910150.51545533 -12145.9489253503, 2685246.20329816 6924795.31296955 -12145.9489253503, 2670765.16807315 6928004.00829064 -14382.8872679167, 2667520.18644497 6913359.21077642 -14382.8872679167))",2d_linear_centroids_interior,-176.14734912343755,-27.42581287434096
132,4,-176.18252838032853,-27.293585079368807,-176.20732973663323,-27.42525776874713,13.924153568628284,17.182922235029974,41.68593434583102,"POLYGON Z ((2656227.3507351 6923347.66568667 -17182.92223503, 2670398.87970358 6919666.87861401 -13924.1535686283, 2674169.73084467 6934185.16644942 -13924.1535686283, 2659998.20187618 6937865.95352208 -17182.92223503, 2656227.3507351 6923347.66568667 -17182.92223503))",2d_linear_centroids_interior,-176.26690294654517,-27.348590839779476
132,5,-176.3007565858762,-27.217568071642816,-176.32513929286446,-27.349341085961996,16.969064931023873,21.298159276996003,41.72609204793486,"POLYGON Z ((2645457.99896978 6932743.03655491 -21298.159276996, 2659372.7177628 6929187.8230515 -16969.0649310239, 2663085.93666737 6943720.95779135 -16969.0649310239, 2649171.21787434 6947276.17129476 -21298.159276996, 2645457.99896978 6932743.03655491 -21298.159276996))",2d_linear_centroids_interior,-176.3835504296811,-27.273003353897277
132,6,-176.41784821909275,-27.143298513930684,-176.44627392695543,-27.27446064191284,20.180066532691054,25.598330590145764,41.76638864665093,"POLYGON Z ((2634532.16633633 6942424.44086747 -25598.3305901458, 2647988.08336172 6938605.971068 -20180.0665326911, 2652083.03815839 6953036.19439313 -20180.0665326911, 2638627.121133 6956854.66419261 -25598.3305901458, 2634532.16633633 6942424.44086747 -25598.3305901458))",2d_linear_centroids_interior,-176.50045486959004,-27.197008958535864
132,7,-176.52981178580245,-27.072012047216372,-176.55971471017008,-27.202946133293594,25.610827155500086,32.363546772377916,41.80422881312874,"POLYGON Z ((2624473.21145146 6951339.64848427 -32363.5467723779, 2637324.96175857 6947566.94496826 -25610.8271555001, 2641550.01100219 6961959.61528648 -25610.8271555001, 2628698.26069509 6965732.31880249 -32363.5467723779, 2624473.21145146 6951339.64848427 -32363.5467723779))",2d_linear_centroids_interior,-176.6100995470405,-27.125515209066116
132,8,-176.64560822721597,-26.995740202325564,-176.6681499217302,-27.127884356739532,30.77930664477076,38.23301200451946,41.84252122017662,"POLYGON Z ((2614520.09024824 6959892.32242702 -38233.0120045195, 2627181.11694506 6956868.96677604 -30779.3066447708, 2630665.04845382 6971458.76530934 -30779.3066447708, 2618004.02175699 6974482.12096032 -38233.0120045195, 2614520.09024824 6959892.32242702 -38233.0120045195))",2d_linear_centroids_interior,-176.72092328270298,-27.053037742260255
132,9,-176.75279445493072,-26.927544330374506,-176.77888544449544,-27.059197690882804,37.480967194837966,45.89524877935745,41.879101721795564,"POLYGON Z ((2604725.31047866 6968626.22473319 -45895.2487793575, 2616733.68456946 6965464.13410961 -37480.967194838, 2620553.33460816 6979969.659732 -37480.967194838, 2608544.96051736 6983131.75035558 -45895.2487793575, 2604725.31047866 6968626.22473319 -45895.2487793575))",2d_linear_centroids_interior,-176.82666930662361,-26.983679707768864
132,10,-176.86076437656243,-26.85531921828156,-176.8797863560552,-26.987973749439327,44.816815664540364,53.156322748225286,41.91550371380627,"POLYGON Z ((2595082.77828827 6976831.6066966 -53156.3227482253, 2607280.64232299 6974249.99197093 -44816.8156645404, 2610386.51510919 6988924.92141661 -44816.8156645404, 2598188.65107448 6991506.53614229 -53156.3227482253, 2595082.77828827 6976831.6066966 -53156.3227482253))",2d_linear_centroids_interior,-176.931779964018,-26.914543667646196
133,0,-175.66157426343372,-27.461558419936463,-175.67833921039642,-27.594055029608512,8.600756426228493,9.598323755068874,41.62918455741054,"POLYGON Z ((2706845.67019633 6899043.20374728 -9598.32375506887, 2721500.03922835 6896001.11109619 -8600.75642622849, 2724548.88163274 6910687.99504048 -8600.75642622849, 2709894.51260072 6913730.08769158 -9598.32375506887, 2706845.67019633 6899043.20374728 -9598.32375506887))",nearest_neighbor_boundary,-175.74410893954126,-27.520326929141493
133,1,-175.78492589378885,-27.38171148456985,-175.79734670101578,-27.51462986939853,9.299205000287301,10.407118596062514,41.76173673528784,"POLYGON Z ((2695707.47759581 6908585.23920451 -10407.1185960625, 2710439.89855216 6905991.34247773 -9299.2050002873, 2713040.89977632 6920764.11448003 -9299.2050002873, 2698308.47881997 6923358.01120681 -10407.1185960625, 2695707.47759581 6908585.23920451 -10407.1185960625))",2d_linear_centroids_interior,-175.86543434117797,-27.442622459116226
133,2,-175.90510149233566,-27.305020508083725,-175.91974418051836,-27.437800391414452,10.22454545136496,11.74906915625142,41.803284445176786,"POLYGON Z ((2684337.9714882 6918494.53921564 -11749.0691562514, 2698997.35308857 6915705.56833588 -10224.545451365, 2701800.84108772 6930441.25478201 -10224.545451365, 2687141.45948735 6933230.22566177 -11749.0691562514, 2684337.9714882 6918494.53921564 -11749.0691562514))",2d_linear_centroids_interior,-175.98640785770152,-27.364885172606748
133,3,-176.02254140244656,-27.230978251940908,-176.04394587265958,-27.363065005513672,11.906282301784467,14.101864821987922,41.84453921952297,"POLYGON Z ((2672897.10455701 6928602.61259069 -14101.8648219879, 2687336.57398136 6925184.8442925 -11906.2823017845, 2690791.55381723 6939781.52591312 -11906.2823017845, 2676352.08439287 6943199.29421132 -14101.8648219879, 2672897.10455701 6928602.61259069 -14101.8648219879))",2d_linear_centroids_interior,-176.10637467633273,-27.28754029339722
133,4,-176.14452926306933,-27.15168521099252,-176.16217199356305,-27.284255148965638,13.760251051518509,16.86275822744149,41.8856925404531,"POLYGON Z ((2661930.98393215 6938050.48109411 -16862.7582274415, 2676296.7993521 6935050.84835937 -13760.2510515185, 2679362.72948273 6949734.17470029 -13760.2510515185, 2664996.91406279 6952733.80743503 -16862.7582274415, 2661930.98393215 6938050.48109411 -16862.7582274415))",2d_linear_centroids_interior,-176.22589404024208,-27.2102319959761
133,5,-176.2590813795488,-27.07971446465938,-176.28386814563973,-27.211405902321975,16.461759269155458,20.785938388817446,41.92570437343717,"POLYGON Z ((2650929.35057333 6947860.42561791 -20785.9383888174, 2664835.09716226 6944264.36016444 -16461.7592691555, 2668590.59642007 6958786.62669982 -16461.7592691555, 2654684.84983114 6962382.69215329 -20785.9383888174, 2650929.35057333 6947860.42561791 -20785.9383888174))",2d_linear_centroids_interior,-176.34195248787847,-27.134921811759156
133,6,-176.37544658716203,-27.004987582119323,-176.4013951415404,-27.136537154794702,19.883363492308874,25.12010788613623,41.96551004057179,"POLYGON Z ((2640210.01929459 6957263.67974469 -25120.1078861362, 2653794.32470439 6953652.14894915 -19883.3634923089, 2657648.35326443 6968148.57829774 -19883.3634923089, 2644064.04785463 6971760.10909327 -25120.1078861362, 2640210.01929459 6957263.67974469 -25120.1078861362))",2d_linear_centroids_interior,-176.45727054717995,-27.05985747964046
133,7,-176.49182059063025,-26.930124264769468,-176.51639047843815,-27.061922641292462,24.45297276690005,31.034175747759967,42.00454216348238,"POLYGON Z ((2629926.74840184 6966301.76639851 -31034.17574776, 2642988.93587333 6962975.0524366 -24452.9727669, 2646690.99947677 6977511.03279831 -24452.9727669, 2633628.81200528 6980837.74676023 -31034.17574776, 2629926.74840184 6966301.76639851 -31034.17574776))",2d_linear_centroids_interior,-176.57020993331193,-26.986114974527194
133,8,-176.60263434686905,-26.85878125751229,-176.62722295681468,-26.990611825866573,30.472186158661014,37.97877864717377,42.04204358956045,"POLYGON Z ((2619966.79191717 6975072.99513802 -37978.7786471738, 2632554.55924607 6971879.37918038 -30472.186158661, 2636243.31074757 6986418.74341546 -30472.186158661, 2623655.54341867 6989612.35937309 -37978.7786471738, 2619966.79191717 6975072.99513802 -37978.7786471738))",2d_linear_centroids_interior,-176.67859201487892,-26.91513744172579
133,9,-176.71306697238097,-26.78656671671178,-176.73396319267894,-26.918942544256335,36.99018077220683,45.095174138302866,42.07911500083338,"POLYGON Z ((2610208.61703482 6983560.53659345 -45095.1741383029, 2622519.58160807 6980776.79202693 -36990.1807722068, 2625827.84723918 6995407.42354146 -36990.1807722068, 2613516.88266592 6998191.16810799 -45095.1741383029, 2610208.61703482 6983560.53659345 -45095.1741383029))",2d_linear_centroids_interior,-176.7856079872338,-26.844852217369496
133,10,-176.81895962866668,-26.71721206319255,-176.8380349341901,-26.849842139693127,44.333856487917295,52.80744132536207,42.11513373514564,"POLYGON Z ((2600607.38718818 6991921.63927072 -52807.4413253621, 2612715.2295578 6989352.88214811 -44333.8564879173, 2615828.2877887 7004026.28899352 -44333.8564879173, 2603720.44541907 7006595.04611613 -52807.4413253621, 2600607.38718818 6991921.63927072 -52807.4413253621))",2d_linear_centroids_interior,-176.8894678693104,-26.776447695702657
134,0,-175.62504206607585,-27.31929294750976,-175.63334131258244,-27.45240616132549,8.471325254436351,9.431054869236489,42.00588933372094,"POLYGON Z ((2712659.31612652 6913657.26401094 -9431.05486923649, 2727465.25939716 6911452.05133792 -8471.32525443635, 2729674.99970788 6926288.39346659 -8471.32525443635, 2714869.05643725 6928493.60613962 -9431.05486923649, 2712659.31612652 6913657.26401094 -9431.05486923649))",nearest_neighbor_boundary,-175.70360997507282,-27.382130742039816
134,1,-175.74628702601706,-27.24154291459148,-175.75455548766965,-27.374700335744507,9.107923768618717,10.170582831860719,41.961421776392164,"POLYGON Z ((2701347.02733187 6923455.14066348 -10170.5828318607, 2716149.22179789 6921272.07064504 -9107.92376861872, 2718337.79078916 6936111.55061472 -9107.92376861872, 2703535.59632314 6938294.62063316 -10170.5828318607, 2701347.02733187 6923455.14066348 -10170.5828318607))",2d_linear_centroids_interior,-175.8247768204555,-27.30441574452298
134,2,-175.8663537238993,-27.164728445930074,-175.87666722393104,-27.297814147754988,9.99380717465371,11.4585103555864,42.00297925030833,"POLYGON Z ((2689977.81861139 6933354.81537548 -11458.5103555864, 2704717.95917161 6930991.99907774 -9993.80717465371, 2707092.12129404 6945802.91917801 -9993.80717465371, 2692351.98073382 6948165.73547574 -11458.5103555864, 2689977.81861139 6933354.81537548 -11458.5103555864))",2d_linear_centroids_interior,-175.94560393826657,-27.226661447160776
134,3,-175.98587210038824,-27.0883083164859,-175.99901899278146,-27.221235902600565,11.147256598973556,13.277370664732684,42.044441254988214,"POLYGON Z ((2678626.14306213 6943274.53105378 -13277.3706647327, 2693242.67026759 6940663.06661427 -11147.2565989736, 2695880.87138009 6955429.24062415 -11147.2565989736, 2681264.34417463 6958040.70506366 -13277.3706647327, 2678626.14306213 6943274.53105378 -13277.3706647327))",2d_linear_centroids_interior,-176.06599982613028,-27.1489293065325
134,4,-176.10203777812595,-27.01514547104546,-176.12310235336568,-27.147295455148324,13.37539269045117,16.461967842574843,42.08540858640333,"POLYGON Z ((2667255.77011287 6953370.89859331 -16461.9678425748, 2681551.29384442 6950037.57366602 -13375.3926904512, 2684957.51173533 6964645.71111334 -13375.3926904512, 2670661.98800377 6967979.03604062 -16461.9678425748, 2667255.77011287 6953370.89859331 -16461.9678425748))",2d_linear_centroids_interior,-176.18480877566645,-27.0719720008025
134,5,-176.22205191229435,-26.937927974266074,-176.2434656949306,-27.070072666087647,15.131155925537623,19.297782749513384,42.126428228097865,"POLYGON Z ((2656218.94171889 6963019.64617808 -19297.7827495134, 2670248.21489821 6959730.46467353 -15131.1559255376, 2673672.14116118 6974334.46169304 -15131.1559255376, 2659642.86798187 6977623.64319759 -19297.7827495134, 2656218.94171889 6963019.64617808 -19297.7827495134))",2d_linear_centroids_interior,-176.30361974579978,-26.994765411523264
134,6,-176.3384407267848,-26.86315044745528,-176.3603349461874,-26.995270081067048,19.15672865343758,24.481938744765106,42.166066318332106,"POLYGON Z ((2645609.82327751 6972336.93463729 -24481.9387447651, 2659255.63271648 6969106.76092083 -19156.7286534376, 2662710.87769836 6983703.37977984 -19156.7286534376, 2649065.06825939 6986933.5534963 -24481.9387447651, 2645609.82327751 6972336.93463729 -24481.9387447651))",2d_linear_centroids_interior,-176.41828705018747,-26.920016459869085
134,7,-176.4524034989708,-26.78982484292008,-176.47600535899375,-26.921745022691137,23.90845068332495,30.03780031852135,42.20518804698864,"POLYGON Z ((2635067.17499833 6981608.52852778 -30037.8003185213, 2648355.67421172 6978315.07111873 -23908.450683325, 2651964.13935759 6992874.56902528 -23908.450683325, 2638675.6401442 6996168.02643434 -30037.8003185213, 2635067.17499833 6981608.52852778 -30037.8003185213))",2d_linear_centroids_interior,-176.5313238693751,-26.846104553162085
134,8,-176.56250286424066,-26.719504522875383,-176.58685501316086,-26.851350139832,29.798365804340637,37.29090809673121,42.242259095775424,"POLYGON Z ((2625294.98953121 6990295.88189377 -37290.9080967312, 2637895.24537557 6987118.56185112 -29798.3658043406, 2641562.88369282 7001663.26635736 -29798.3658043406, 2628962.62784846 7004840.5864 -37290.9080967312, 2625294.98953121 6990295.88189377 -37290.9080967312))",2d_linear_centroids_interior,-176.6383103851516,-26.7759423711051
134,9,-176.6725338258392,-26.6464806881877,-176.69058188095298,-26.77917470194582,35.41755926419669,43.15130177483944,42.27922106594445,"POLYGON Z ((2615564.17245469 6998643.18876898 -43151.3017748394, 2628152.29112209 6996049.2544609 -35417.5592641967, 2631179.61838629 7010740.58828855 -35417.5592641967, 2618591.4997189 7013334.52259662 -43151.3017748394, 2615564.17245469 6998643.18876898 -43151.3017748394))",2d_linear_centroids_interior,-176.74486104037234,-26.7058666309695
134,10,-176.7696746984048,-26.58377183337417,-176.78816538146782,-26.71644784842475,44.18611260818696,52.66252432599376,42.312200893821526,"POLYGON Z ((2606811.68431428 7006384.45803991 -52662.5243259938, 2618927.21066794 7003861.66879703 -44186.112608187, 2621985.03899041 7018546.68449162 -44186.112608187, 2609869.51263675 7021069.4737345 -52662.5243259938, 2606811.68431428 7006384.45803991 -52662.5243259938))",2d_linear_centroids_interior,-176.8398304306756,-26.643239978120878
135,0,-175.58559680868112,-27.180240338430266,-175.59202693874548,-27.313417989250716,8.267000494141966,9.20779951645275,42.00588933372094,"POLYGON Z ((2718206.2457287 6928660.23338695 -9207.79951645275, 2733039.92189137 6926641.08784971 -8267.00049414197, 2735063.05063177 6941504.02666072 -8267.00049414197, 2720229.37446909 6943523.17219795 -9207.79951645275, 2718206.2457287 6928660.23338695 -9207.79951645275))",nearest_neighbor_boundary,-175.66317918830782,-27.243939408617695
135,1,-175.71019259259918,-27.099218944796302,-175.70942672515693,-27.232561797300608,8.875786811432455,9.901616638841748,42.161116641429906,"POLYGON Z ((2707210.48819575 6938062.93731256 -9901.61663884175, 2722120.35003539 6936780.87136735 -8875.78681143246, 2723405.42465487 6951725.72276247 -8875.78681143246, 2708495.56281522 6953007.78870769 -9901.61663884175, 2707210.48819575 6938062.93731256 -9901.61663884175))",2d_linear_centroids_interior,-175.7841911414585,-27.16621156499292
135,2,-175.82631486123134,-27.025900199105116,-175.83531868894227,-27.159043973920383,9.715040038458735,11.130062528374784,42.20268447121313,"POLYGON Z ((2695493.26605565 6948393.55958124 -11130.0625283748, 2710258.35987892 6946159.79241724 -9715.04003845874, 2712502.13309073 6960991.02573663 -9715.04003845874, 2697737.03926746 6963224.79290063 -11130.0625283748, 2695493.26605565 6948393.55958124 -11130.0625283748))",2d_linear_centroids_interior,-175.90487419621869,-27.08843875793902
135,3,-175.9432869846722,-26.952032534359432,-175.96040893398452,-27.08457830346403,10.827234788002466,12.91963189413721,42.24415585352237,"POLYGON Z ((2683923.56552521 6958624.64018588 -12919.6318941372, 2698469.92393356 6955620.42125146 -10827.2347880025, 2701503.80500982 6970310.40306272 -10827.2347880025, 2686957.44660147 6973314.62199714 -12919.6318941372, 2683923.56552521 6958624.64018588 -12919.6318941372))",2d_linear_centroids_interior,-176.02512478785317,-27.01069027206856
135,4,-176.06439972545522,-26.87351512194131,-176.07956397821965,-27.006292987342306,12.494651011664175,15.510206643014115,42.28539399437152,"POLYGON Z ((2672866.39178868 6968203.96797665 -15510.2066430141, 2687297.74216215 6965439.4516297 -12494.6510116642, 2690119.87621394 6980171.57840738 -12494.6510116642, 2675688.52584047 6982936.09475433 -15510.2066430141, 2672866.39178868 6968203.96797665 -15510.2066430141))",2d_linear_centroids_interior,-176.1445483026965,-26.933225360511322
135,5,-176.18277741316805,-26.79758271923395,-176.19996026892693,-26.930203156549993,14.97602396723751,19.056713609938683,42.32618162586707,"POLYGON Z ((2661821.51419269 6977900.17880359 -19056.7136099387, 2675963.0051094 6975007.73922902 -14976.0239672375, 2678968.81088917 6989703.49139127 -14976.0239672375, 2664827.31997246 6992595.93096584 -19056.7136099387, 2661821.51419269 6977900.17880359 -19056.7136099387))",2d_linear_centroids_interior,-176.2625194974366,-26.856456879003552
135,6,-176.29694134988847,-26.725654933615456,-176.32149543352992,-26.857377608762572,18.61331186619199,23.946802185571862,42.366091250403656,"POLYGON Z ((2650884.95737576 6987682.06335614 -23946.8021855719, 2664466.59882272 6984204.57911903 -18613.311866192, 2668187.22140238 6998735.82020917 -18613.311866192, 2654605.57995542 7002213.30444627 -23946.8021855719, 2650884.95737576 6987682.06335614 -23946.8021855719))",2d_linear_centroids_interior,-176.37780927350673,-26.78119757082723
135,7,-176.41308041210638,-26.649707475726117,-176.43459166581002,-26.78189534348293,23.18293805145213,29.215929290856028,42.40539746101215,"POLYGON Z ((2640452.03379753 6996727.28449903 -29215.929290856, 2653827.19453889 6993611.50340141 -23182.9380514521, 2657230.36638579 7008220.35076801 -23182.9380514521, 2643855.20564444 7011336.13186562 -29215.929290856, 2640452.03379753 6996727.28449903 -29215.929290856))",2d_linear_centroids_interior,-176.49121891083996,-26.706938369111885
135,8,-176.52595719042228,-26.576616659703177,-176.54548486435255,-26.709089082082613,28.48106806472149,35.60615084778479,42.443346728141435,"POLYGON Z ((2630471.37674796 7005494.32284675 -35606.1508477848, 2643369.05428225 7002686.63526515 -28481.0680647215, 2646559.67065508 7017343.37320923 -28481.0680647215, 2633661.99312078 7020151.06079083 -35606.1508477848, 2630471.37674796 7005494.32284675 -35606.1508477848))",2d_linear_centroids_interior,-176.60058456460715,-26.63511380650897
135,9,-176.62730890501476,-26.510686353280672,-176.64537821699565,-26.643358468457645,36.020325844021215,43.82299543634605,42.47765729957338,"POLYGON Z ((2621390.88671584 7013455.51732812 -43822.995436346, 2633937.39634678 7010866.41645837 -36020.3258440212, 2636968.9248944 7025556.88393443 -36020.3258440212, 2624422.41526346 7028145.98480417 -43822.995436346, 2621390.88671584 7013455.51732812 -43822.995436346))",2d_linear_centroids_interior,-176.6993551224427,-26.5700675669708
135,10,-176.73342754259184,-26.440445472147513,-176.74700939512266,-26.573583488808378,43.475125478239,51.51804977563403,42.51358743254747,"POLYGON Z ((2611881.75418117 7021670.58838246 -51518.049775634, 2624356.02317571 7019501.72190469 -43475.125478239, 2626925.48348972 7034280.01252623 -43475.125478239, 2614451.21449519 7036448.879004 -51518.049775634, 2611881.75418117 7021670.58838246 -51518.049775634))",2d_linear_centroids_interior,-176.80267738483275,-26.501841170327637
136,0,-175.54578339482643,-27.041607912361766,-175.55116576641743,-27.174804743575397,8.073487416136665,8.972916359048122,42.38259411003124,"POLYGON Z ((2723719.7809623 6943708.77539595 -8972.91635904812, 2738569.90235024 6941794.37670703 -8073.48741613667, 2740487.75189354 6956671.26660812 -8073.48741613667, 2725637.63050561 6958585.66529704 -8972.91635904812, 2723719.7809623 6943708.77539595 -8972.91635904812))",nearest_neighbor_boundary,-175.62277264891034,-27.105780731890253
136,1,-175.66703352464665,-26.96351227847065,-175.6716713859848,-27.09677474082277,8.651712934936505,9.617098658993871,42.36080013681664,"POLYGON Z ((2712435.1483306 6953469.08756835 -9617.09865899387, 2727292.81887412 6951647.6440683 -8651.7129349365, 2729118.04642244 6966536.18141744 -8651.7129349365, 2714260.37587891 6968357.62491749 -9617.09865899387, 2712435.1483306 6953469.08756835 -9617.09865899387))",2d_linear_centroids_interior,-175.74361478741304,-27.028049780886654
136,2,-175.78558354031117,-26.887824425195294,-175.79473772270842,-27.02094202055874,9.473851875462062,10.859833605422352,42.40236816964685,"POLYGON Z ((2700954.17053964 6963510.67944535 -10859.8336054224, 2715719.70099018 6961261.64294976 -9473.85187546206, 2717978.40001441 6976090.61050377 -9473.85187546206, 2703212.86956388 6978339.64699936 -10859.8336054224, 2700954.17053964 6963510.67944535 -10859.8336054224))",2d_linear_centroids_interior,-175.8641250517549,-26.950277169746105
136,3,-175.90546089155748,-26.81064489211208,-175.91599377836783,-26.94372273673416,10.521700247417604,12.511974594593841,42.443865462535896,"POLYGON Z ((2689646.27358581 6973355.68553034 -12511.9745945938, 2704325.52710614 6970998.07570068 -10521.7002474176, 2706704.16825523 6985808.27712686 -10521.7002474176, 2692024.9147349 6988165.88695651 -12511.9745945938, 2689646.27358581 6973355.68553034 -12511.9745945938))",2d_linear_centroids_interior,-175.9842789126926,-26.872481041322082
136,4,-176.02222145958348,-26.736426186303664,-176.03901901066124,-26.86902679736111,12.490900492104629,15.428998220483024,42.48494599976006,"POLYGON Z ((2678297.17192068 6983379.0602293 -15428.998220483, 2692712.28524389 6980451.24711755 -12490.9004921046, 2695697.93262941 6995151.10799068 -12490.9004921046, 2681282.81930619 6998078.92110243 -15428.998220483, 2678297.17192068 6983379.0602293 -15428.998220483))",2d_linear_centroids_interior,-176.1030773694546,-26.795313749536753
136,5,-176.13927973093254,-26.661697966675206,-176.15998447914285,-26.793892881012805,15.227641761599331,19.321193295610694,42.525583271239654,"POLYGON Z ((2667229.59686564 6993148.88188292 -19321.1932956107, 2681294.12986403 6989919.06031269 -15227.6417615993, 2684651.38815497 7004538.52736071 -15227.6417615993, 2670586.85515657 7007768.34893094 -19321.1932956107, 2667229.59686564 6993148.88188292 -19321.1932956107))",2d_linear_centroids_interior,-176.22044862113796,-26.718830760746854
136,6,-176.25782521637257,-26.58497169079034,-176.2780743471032,-26.717262877148382,17.906523853870702,23.022109386130655,42.566038576688115,"POLYGON Z ((2656407.09051713 7002611.63398483 -23022.1093861307, 2670163.31455975 6999513.71778984 -17906.5238538707, 2673458.79782711 7014147.23377318 -17906.5238538707, 2659702.57378448 7017245.14996817 -23022.1093861307, 2656407.09051713 7002611.63398483 -23022.1093861307))",2d_linear_centroids_interior,-176.33715093176798,-26.64254458601447
136,7,-176.37250617228395,-26.510837545762957,-176.39143402726194,-26.643324393859867,22.78999951899472,29.10800814162364,42.604785683012736,"POLYGON Z ((2646165.34458008 7011607.20910011 -29108.0081416236, 2659466.85232617 7008751.92299797 -22789.9995189947, 2662615.02031521 7023417.83716357 -22789.9995189947, 2649313.51256912 7026273.12326571 -29108.0081416236, 2646165.34458008 7011607.20910011 -29108.0081416236))",2d_linear_centroids_interior,-176.44879164672818,-26.569344101323104
136,8,-176.48499453099078,-26.437079588698467,-176.5032206680244,-26.56968287663432,28.15666537302806,34.738494864984474,42.64354179255626,"POLYGON Z ((2635716.19394861 7020681.75905704 -34738.4948649845, 2648911.10504511 7017929.69770341 -28156.6653730281, 2651973.74809746 7032613.71001387 -28156.6653730281, 2638778.83700095 7035365.77136751 -34738.4948649845, 2635716.19394861 7020681.75905704 -34738.4948649845))",2d_linear_centroids_interior,-176.56032742961966,-26.49599482479024
136,9,-176.59430406558445,-26.3664096502176,-176.61197551471426,-26.499109398832594,34.054145233024016,41.67482327690169,42.68051863113553,"POLYGON Z ((2625957.63992293 7029302.9252181 -41674.8232769017, 2638617.92962636 7026725.65325407 -34054.145233024, 2641610.12860138 7041424.18193193 -34054.145233024, 2628949.83889794 7044001.45389597 -41674.8232769017, 2625957.63992293 7029302.9252181 -41674.8232769017))",2d_linear_centroids_interior,-176.6666208409953,-26.425890822631725
136,10,-176.70157771035377,-26.294759412719266,-176.71246561807362,-26.42808372403842,39.43689428849691,47.153859015749035,42.71668954922927,"POLYGON Z ((2616436.98369291 7037464.02036852 -47153.859015749, 2629147.61057544 7035492.11275113 -39436.8942884969, 2631447.17968046 7050314.7974584 -39436.8942884969, 2618736.55279794 7052286.7050758 -47153.859015749, 2616436.98369291 7037464.02036852 -47153.859015749))",2d_linear_centroids_interior,-176.7704826284097,-26.35720000635966
136,11,-176.80944000708308,-26.223719988905646,-176.82163738169368,-26.35698769670011,45.581469622370534,53.495636733972546,42.754293618865255,"POLYGON Z ((2606214.63492503 7046376.86416698 -53495.6367339725, 2618790.64095054 7044325.02806828 -45581.4696223705, 2621206.02633694 7059129.28128941 -45581.4696223705, 2608630.02031143 7061181.1173881 -53495.6367339725, 2606214.63492503 7046376.86416698 -53495.6367339725))",2d_linear_centroids_interior,-176.8783392679831,-26.285667909600615
137,0,-175.5095345890729,-26.899812259107566,-175.50678071618174,-27.03305542796815,7.891418888775508,8.748795963035395,42.38259411003124,"POLYGON Z ((2729555.35421512 6958367.22932588 -8748.79596303539, 2744490.47469116 6957268.55698214 -7891.41888877551, 2745590.94617576 6972228.13460023 -7891.41888877551, 2730655.82569973 6973326.80694397 -8748.79596303539, 2729555.35421512 6958367.22932588 -8748.79596303539))",nearest_neighbor_boundary,-175.58240405344685,-26.967645617715405
137,1,-175.6309362963474,-26.821477960222083,-175.62688461815705,-26.954737942535818,8.411010682946449,9.343617859730442,42.560487963373205,"POLYGON Z ((2718297.99266101 6968101.78316491 -9343.61785973044, 2733238.83556047 6967152.33210906 -8411.01068294645, 2734190.12704466 6982122.13653371 -8411.01068294645, 2719249.2841452 6983071.58758956 -9343.61785973044, 2718297.99266101 6968101.78316491 -9343.61785973044))",2d_linear_centroids_interior,-175.7030924761055,-26.889901293038346
137,2,-175.74855358158322,-26.746250903353207,-175.75035674470877,-26.879593709657687,9.149901270689796,10.479599548569459,42.60207359786491,"POLYGON Z ((2706736.06471822 6978210.8015904 -10479.5995485695, 2721599.90624545 6976694.84725625 -9149.9012706898, 2723121.85226037 6991617.43685483 -9149.9012706898, 2708258.01073314 6993133.39118898 -10479.5995485695, 2706736.06471822 6978210.8015904 -10479.5995485695))",2d_linear_centroids_interior,-175.82348099750803,-26.81209592514255
137,3,-175.86383298788948,-26.6733873794001,-175.87637241232792,-26.806306893128106,10.091457936043838,11.953665489365145,42.643603389469966,"POLYGON Z ((2695008.32131065 6988594.42887274 -11953.6654893651, 2709670.60475341 6986035.20491374 -10091.4579360438, 2712249.78170039 7000811.80284006 -10091.4579360438, 2697587.49825762 7003371.02679906 -11953.6654893651, 2695008.32131065 6988594.42887274 -11953.6654893651))",2d_linear_centroids_interior,-175.9435575918894,-26.734239358953914
137,4,-175.9828235925961,-26.596874049118306,-175.9979667135639,-26.729616409472197,11.306173518750468,14.066259178394136,42.68496908043567,"POLYGON Z ((2683722.62940032 6998474.0663678 -14066.2591783941, 2698203.29611963 6995700.58146328 -11306.1735187505, 2701024.96045054 7010432.79821446 -11306.1735187505, 2686544.29373122 7013206.28311898 -14066.2591783941, 2683722.62940032 6998474.0663678 -14066.2591783941))",2d_linear_centroids_interior,-176.06301066104137,-26.656536723436805
137,5,-176.10255741854405,-26.519089598784998,-176.11584464488945,-26.652033161430367,13.8017315477818,17.65986109894545,42.72575794774947,"POLYGON Z ((2672829.47016341 7007948.67565823 -17659.8610989455, 2687102.07936637 7005417.37897354 -13801.7315477818, 2689721.50425519 7020186.89532486 -13801.7315477818, 2675448.89505222 7022718.19200955 -17659.8610989455, 2672829.47016341 7007948.67565823 -17659.8610989455))",2d_linear_centroids_interior,-176.18065257294336,-26.57976831361535
137,6,-176.2164681993437,-26.446441031764657,-176.23463403634008,-26.578956571276994,17.791528648421046,22.843604325071,42.76541735930748,"POLYGON Z ((2662029.24936954 7017531.36211741 -22843.604325071, 2675849.99184885 7014622.13392458 -17791.528648421, 2678939.74043911 7029300.46671986 -17791.528648421, 2665118.9979598 7032209.69491269 -22843.604325071, 2662029.24936954 7017531.36211741 -22843.604325071))",2d_linear_centroids_interior,-176.2948986750846,-26.504984353096287
137,7,-176.3295412109596,-26.3732193866943,-176.34700664362774,-26.505848889753292,22.631012576220368,28.741643655446723,42.80387437642142,"POLYGON Z ((2651807.91421673 7026504.3579655 -28741.6436554467, 2665229.28090898 7023760.80116351 -22631.0125762204, 2668233.41381149 7038456.89538966 -22631.0125762204, 2654812.04711924 7041200.45219165 -28741.6436554467, 2651807.91421673 7026504.3579655 -28741.6436554467))",2d_linear_centroids_interior,-176.40555106745413,-26.43233544748985
137,8,-176.44245029614646,-26.29913453865451,-176.45767823913226,-26.432024691245196,26.78642512993372,33.383902513637395,42.84241345261461,"POLYGON Z ((2641531.81736469 7035434.81119732 -33383.9025136374, 2654772.17035572 7032951.59859176 -26786.4251299337, 2657537.19371261 7047694.55100422 -26786.4251299337, 2644296.84072158 7050177.76360977 -33383.9025136374, 2641531.81736469 7035434.81119732 -33383.9025136374))",2d_linear_centroids_interior,-176.5163113588935,-26.359401662970665
137,9,-176.5537366146719,-26.226341927859266,-176.56698023734273,-26.359441191954257,32.48531012937273,39.74990357093603,42.88026015389066,"POLYGON Z ((2631495.08078403 7044210.72985991 -39749.903570936, 2644427.38204946 7041978.85483897 -32485.3101293727, 2646978.39212494 7056760.34148933 -32485.3101293727, 2634046.09085952 7058992.21651027 -39749.903570936, 2631495.08078403 7044210.72985991 -39749.903570936))",2d_linear_centroids_interior,-176.62495706537123,-26.2876523897638
137,10,-176.65777993915225,-26.15796732426617,-176.67087424567347,-26.29111295617714,39.886479473724535,47.48557613189854,42.91618471385081,"POLYGON Z ((2621826.9331705 7052646.99899066 -47485.5761318985, 2634575.57304282 7050473.08285024 -39886.4794737245, 2637096.99853956 7065259.64477195 -39886.4794737245, 2624348.35866724 7067433.56091236 -47485.5761318985, 2621826.9331705 7052646.99899066 -47485.5761318985))",2d_linear_centroids_interior,-176.7279707648791,-26.219432437870868
137,11,-176.76941253679271,-26.084036490765502,-176.78073127395024,-26.217350902945345,45.48214416176028,53.31682367863356,42.95461972587895,"POLYGON Z ((2611522.0297475 7061596.24858337 -53316.8236786336, 2624158.37723363 7059611.17450973 -45482.1441617603, 2626486.21497964 7074429.44604956 -45482.1441617603, 2613849.86749352 7076414.5201232 -53316.8236786336, 2611522.0297475 7061596.24858337 -53316.8236786336))",2d_linear_centroids_interior,-176.8380602694086,-26.14632226466507
138,0,-175.46462010370828,-26.76602035119541,-175.47137360805868,-26.89913077254637,7.650795551145994,8.488732680547383,42.75929888634161,"POLYGON Z ((2734597.48532499 6974001.57247526 -8488.73268054738, 2749433.03852219 6971951.15234748 -7650.79555114599, 2751486.66544438 6986809.90789647 -7650.79555114599, 2736651.11224718 6988860.32802424 -8488.73268054738, 2734597.48532499 6974001.57247526 -8488.73268054738))",nearest_neighbor_boundary,-175.54208022466344,-26.82952934794502
138,1,-175.589056396351,-26.684638366546544,-175.58793472170476,-26.817926374223955,8.11103532258386,8.960750603150224,42.760180874916905,"POLYGON Z ((2723625.72305161 6983369.62169728 -8960.75060315022, 2738549.99985965 6982127.06558233 -8111.03532258386, 2739794.55444224 6997075.34588111 -8111.03532258386, 2724870.27763419 6998317.90199606 -8960.75060315022, 2723625.72305161 6983369.62169728 -8960.75060315022))",2d_linear_centroids_interior,-175.66262543300422,-26.751764939413427
138,2,-175.70447894416603,-26.61151718994851,-175.7136918004369,-26.744595316837323,8.66631929282439,9.884871371430231,42.801792882512046,"POLYGON Z ((2711866.18550555 6993745.17574118 -9884.87137143023, 2726645.29872371 6991488.42069989 -8666.31929282439, 2728909.53746199 7006316.54340427 -8666.31929282439, 2714130.42424382 7008573.29844555 -9884.87137143023, 2711866.18550555 6993745.17574118 -9884.87137143023))",2d_linear_centroids_interior,-175.78291811325477,-26.673910017994775
138,3,-175.82604682638305,-26.532295263373015,-175.83251400555932,-26.66554656762555,9.510464859359825,11.280535815007152,42.84334418310836,"POLYGON Z ((2700713.41780259 7003368.77897886 -11280.5358150072, 2715479.41452289 7001411.18104569 -9510.46485935982, 2717450.78636618 7016281.0732126 -9510.46485935982, 2702684.78964587 7018238.67114577 -11280.5358150072, 2700713.41780259 7003368.77897886 -11280.5358150072))",2d_linear_centroids_interior,-175.90288613185797,-26.596013235538603
138,4,-175.9423949103831,-26.458228828133183,-175.9567053022844,-26.591027018691275,10.815038590243013,13.432380486763167,42.88473259566879,"POLYGON Z ((2689190.29192379 7013555.31212039 -13432.3804867632, 2703711.81570003 7010858.11568469 -10815.038590243, 2706451.03437517 7025605.88436506 -10815.038590243, 2691929.51059893 7028303.08080076 -13432.3804867632, 2689190.29192379 7013555.31212039 -13432.3804867632))",2d_linear_centroids_interior,-176.02223588960598,-26.51826834517796
138,5,-176.05897101300422,-26.3833378414091,-176.07645448905137,-26.515868847387047,13.625457465112053,17.36391267714832,42.925276947465804,"POLYGON Z ((2678156.57334885 7023264.56892999 -17363.9126771483, 2692381.92117255 7020321.19808648 -13625.4574651121, 2695421.1987488 7035010.06434002 -13625.4574651121, 2681195.8509251 7037953.43518354 -17363.9126771483, 2678156.57334885 7023264.56892999 -17363.9126771483))",2d_linear_centroids_interior,-176.13900869608477,-26.441961338566312
138,6,-176.1753255178742,-26.307668202493744,-176.19094512992956,-26.440427099800807,17.410400630368464,22.308872135259392,42.96483084616378,"POLYGON Z ((2667647.28620528 7032436.59835348 -22308.8721352594, 2681569.04550796 7029755.25636968 -17410.4006303685, 2684405.9196059 7044484.5518502 -17410.4006303685, 2670484.16030323 7047165.89383399 -22308.8721352594, 2667647.28620528 7032436.59835348 -22308.8721352594))",2d_linear_centroids_interior,-176.25279272136953,-26.367378486749757
138,7,-176.29385540922027,-26.230245772939597,-176.30625234020334,-26.36332015348744,20.657865290798295,26.51504967798822,43.00493345048562,"POLYGON Z ((2657057.92791356 7041667.6435413 -26515.0496779882, 2670674.30077282 7039368.12593713 -20657.8652907983, 2673172.11524111 7054158.69465107 -20657.8652907983, 2659555.74238184 7056458.21225525 -26515.0496779882, 2657057.92791356 7041667.6435413 -26515.0496779882))",2d_linear_centroids_interior,-176.36801812916912,-26.291620742914535
138,8,-176.40209848124675,-26.160584034234038,-176.4182566659344,-26.293367152338682,26.64219107541967,33.37889302847275,43.04254188960974,"POLYGON Z ((2646874.42455826 7050692.50007172 -33378.8930284728, 2660030.87938299 7048138.18152451 -26642.1910754197, 2662889.73868307 7062863.22561621 -26642.1910754197, 2649733.28385834 7065417.54416341 -33378.8930284728, 2646874.42455826 7050692.50007172 -33378.8930284728))",2d_linear_centroids_interior,-176.47595192592834,-26.22044715998487
138,9,-176.51360646518765,-26.086493018296363,-176.5264246624576,-26.219609053168288,31.97260592820089,38.80432315345022,43.08081790265935,"POLYGON Z ((2636630.13284599 7059522.36493126 -38804.3231534502, 2649795.94773363 7057288.76736264 -31972.6059282009, 2652304.86798182 7072077.45625612 -31972.6059282009, 2639139.05309418 7074311.05382474 -38804.3231534502, 2636630.13284599 7059522.36493126 -38804.3231534502))",2d_linear_centroids_interior,-176.5856773681262,-26.147884169836722
138,10,-176.62282970398812,-26.015496932306576,-176.63810262231536,-26.148438418409295,37.36234243340352,44.91095130545822,43.11867460685474,"POLYGON Z ((2626425.15758194 7068532.94096932 -44910.9513054582, 2639169.33924256 7066165.59268533 -37362.3424334035, 2641908.86165711 7080913.30494656 -37362.3424334035, 2629164.67999649 7083280.65323055 -44910.9513054582, 2626425.15758194 7068532.94096932 -44910.9513054582))",2d_linear_centroids_interior,-176.69407768299675,-26.075991764354256
139,0,-175.42977707822698,-26.623737463706316,-175.43145253167847,-26.756960183367266,7.477105347256764,8.290876159293662,42.75929888634161,"POLYGON Z ((2740019.47739531 6989058.43161787 -8290.87615929366, 2754917.99817348 6987518.34860457 -7477.10534725676, 2756460.35259816 7002438.84265901 -7477.10534725676, 2741561.83181999 7003978.92567232 -8290.87615929366, 2740019.47739531 6989058.43161787 -8290.87615929366))",nearest_neighbor_boundary,-175.5046766942648,-26.68957682560763
139,1,-175.55135385017016,-26.54487718711789,-175.55065515743388,-26.678150756782895,7.940881243534699,8.747835593556971,42.960859806940064,"POLYGON Z ((2728803.80150799 6998734.5875031 -8747.83559355697, 2743727.01380319 6997451.40416875 -7940.8812435347, 2745012.0580162 7012396.25817843 -7940.8812435347, 2730088.84572101 7013679.44151278 -8747.83559355697, 2728803.80150799 6998734.5875031 -8747.83559355697))",2d_linear_centroids_interior,-175.62504607050573,-26.611807446018286
139,2,-175.6680036431235,-26.47036880262598,-175.6746815292597,-26.603552027905305,8.528974400070666,9.680844796534886,43.002473715737665,"POLYGON Z ((2717170.04638953 7008943.49415755 -9680.84479653489, 2731990.97478413 7006940.17787904 -8528.97440007067, 2734000.22400594 7021804.99935677 -8528.97440007067, 2719179.29561134 7023808.31563527 -9680.84479653489, 2717170.04638953 7008943.49415755 -9680.84479653489))",2d_linear_centroids_interior,-175.74516929924798,-26.533944761190472
139,3,-175.78714789430316,-26.39324978804394,-175.79511534419117,-26.5264184023191,9.804359690155493,11.492011209236274,43.0439153683383,"POLYGON Z ((2705871.1594171 7018771.65508284 -11492.0112092363, 2720626.14709457 7016664.0092426 -9804.35969015549, 2722747.26077432 7031513.28116945 -9804.35969015549, 2707992.27309685 7033620.92700969 -11492.0112092363, 2705871.1594171 7018771.65508284 -11492.0112092363))",2d_linear_centroids_interior,-175.86464796109527,-26.45624997409199
139,4,-175.90570879069793,-26.316615589083625,-175.91586806269228,-26.449705559780718,11.320458312405492,13.837176738894684,43.08523623946087,"POLYGON Z ((2694599.89970938 7028618.10308789 -13837.1767388947, 2709208.76125446 7026327.40609386 -11320.4583124055, 2711532.39752654 7041146.33704299 -11320.4583124055, 2696923.53598146 7043437.03403702 -13837.1767388947, 2694599.89970938 7028618.10308789 -13837.1767388947))",2d_linear_centroids_interior,-175.98363223667505,-26.378629147432978
139,5,-176.0278538268968,-26.23663097952754,-176.03378181174978,-26.369970460329753,12.468422562360335,15.986512637428008,43.12664899188757,"POLYGON Z ((2683624.28175905 7038117.17027639 -15986.512637428, 2698090.76188969 7036288.51097152 -12468.4225623603, 2699971.89226132 7051170.0884593 -12468.4225623603, 2685505.41213067 7052998.74776418 -15986.512637428, 2683624.28175905 7038117.17027639 -15986.512637428))",2d_linear_centroids_interior,-176.10273486742776,-26.300683889861343
139,6,-176.14075443590556,-26.164827840820774,-176.15478276423804,-26.297714408970247,15.83204708534256,20.591916965297166,43.16665006904046,"POLYGON Z ((2672577.20050564 7047962.34064298 -20591.9169652972, 2686573.49247099 7045423.15771403 -15832.0470853426, 2689251.06023564 7060182.24409719 -15832.0470853426, 2675254.76827029 7062721.42702614 -20591.9169652972, 2672577.20050564 7047962.34064298 -20591.9169652972))",2d_linear_centroids_interior,-176.2176387664971,-26.225252185277373
139,7,-176.25810589096542,-26.08838008977597,-176.27107803983765,-26.221393942390822,19.371220775895523,25.078870849397934,43.206770345956436,"POLYGON Z ((2661885.70146252 7057320.14662376 -25078.8708493979, 2675554.61361783 7054957.18849273 -19371.2207758955, 2678109.7794938 7069737.95732748 -19371.2207758955, 2664440.8673385 7072100.91545851 -25078.8708493979, 2661885.70146252 7057320.14662376 -25078.8708493979))",2d_linear_centroids_interior,-176.33274830921434,-26.149454975676367
139,8,-176.36744592334742,-26.017888762479796,-176.38342471910093,-26.15067332529846,25.06530126424808,31.758105301812954,43.2446267095277,"POLYGON Z ((2651686.28676581 7066359.18957241 -31758.105301813, 2664867.40959876 7063816.6760567 -25065.3012642481, 2667708.39796367 7078545.17853015 -25065.3012642481, 2654527.27513072 7081087.69204586 -31758.105301813, 2651686.28676581 7066359.18957241 -31758.105301813))",2d_linear_centroids_interior,-176.44123703731987,-26.077806399058943
139,9,-176.47782589614042,-25.944582738730652,-176.49229579754797,-26.077545119599684,30.622218490148374,37.334722631415744,43.282922561962216,"POLYGON Z ((2641340.49914567 7075294.91560587 -37334.7226314157, 2654539.82406228 7072903.24048177 -30622.2184901484, 2657214.22691078 7087662.90068802 -30622.2184901484, 2644014.90199417 7090054.57581211 -37334.7226314157, 2641340.49914567 7075294.91560587 -37334.7226314157))",2d_linear_centroids_interior,-176.55086156155994,-26.00519985832147
139,10,-176.58383708582147,-25.875012458009966,-176.59767297836393,-26.008065225864925,37.587253058377826,44.91874996973677,43.31932543809952,"POLYGON Z ((2631630.0586831 7083805.02254522 -44918.7499697368, 2644518.80444136 7081540.20780272 -37587.2530583778, 2647114.83455715 7096313.85419208 -37587.2530583778, 2634226.08879889 7098578.66893458 -44918.7499697368, 2631630.0586831 7083805.02254522 -44918.7499697368))",2d_linear_centroids_interior,-176.65495215483844,-25.936065313127614
139,11,-176.69638232665903,-25.80022376037377,-176.7111808178985,-25.93322917352357,42.12831523953032,49.487421506253746,43.358848630718086,"POLYGON Z ((2620849.59743058 7093162.18648273 -49487.4215062537, 2633710.47967308 7090829.53500863 -42128.3152395303, 2636387.43925508 7105588.73171429 -42128.3152395303, 2623526.55701258 7107921.38318839 -49487.4215062537, 2620849.59743058 7093162.18648273 -49487.4215062537))",2d_linear_centroids_interior,-176.76783812037434,-25.860876490219407
140,0,-175.3955210653444,-26.48124047702927,-175.39204011607757,-26.61441798485882,7.098255177935545,7.913681855146733,43.13600366265198,"POLYGON Z ((2745416.24456779 7004152.73321237 -7913.68185514673, 2760359.39627205 7003134.25568304 -7098.25517793555, 2761379.38204899 7018099.53646941 -7098.25517793555, 2746436.23034474 7019118.01399874 -7913.68185514673, 2745416.24456779 7004152.73321237 -7913.68185514673))",nearest_neighbor_boundary,-175.4677268120149,-26.549372771930525
140,1,-175.5153635532924,-26.403741827093167,-175.51242435809894,-26.536973866578123,7.838648743307062,8.63115575295123,43.161652603424216,"POLYGON Z ((2734075.57167595 7013981.33135164 -8631.15575295123, 2749017.42189768 7012926.32206689 -7838.64874330706, 2750073.90675435 7027889.07046909 -7838.64874330706, 2735132.05653261 7028944.07975385 -8631.15575295123, 2734075.57167595 7013981.33135164 -8631.15575295123))",2d_linear_centroids_interior,-175.58782564550467,-26.4716590974499
140,2,-175.6340237420002,-26.327111937397856,-175.6339982488635,-26.46041391173277,8.13039163912944,9.237928994768058,43.20328629423338,"POLYGON Z ((2722630.24639925 7023942.89899686 -9237.92899476806, 2737530.1409129 7022613.79987048 -8130.39163912944, 2738862.87786442 7037554.47630156 -8130.39163912944, 2723962.98335076 7038883.57542793 -9237.92899476806, 2722630.24639925 7023942.89899686 -9237.92899476806))",2d_linear_centroids_interior,-175.70783128918407,-26.39375440358763
140,3,-175.7513351535714,-26.251563524745812,-175.7565059932195,-26.384827332528552,8.931064337799166,10.547852536039532,43.24483274646787,"POLYGON Z ((2711122.63371137 7034012.24579385 -10547.8525360395, 2725922.76662237 7032184.11512603 -8931.06433779917, 2727761.61015046 7047070.97693365 -8931.06433779917, 2712961.47723946 7048899.10760147 -10547.8525360395, 2711122.63371137 7034012.24579385 -10547.8525360395))",2d_linear_centroids_interior,-175.82743880195005,-26.315858350662584
140,4,-175.86825935407896,-26.176313545298516,-175.87889050722447,-26.30935667651755,10.21069257435193,12.49194335266432,43.286237026859794,"POLYGON Z ((2699671.52993501 7044066.70372102 -12491.9433526643, 2714310.752326 7041723.82884734 -10210.6925743519, 2716681.20105007 7056535.3437208 -10210.6925743519, 2702041.97865908 7058878.21859448 -12491.9433526643, 2699671.52993501 7044066.70372102 -12491.9433526643))",2d_linear_centroids_interior,-175.94649146623695,-26.238076147623577
140,5,-175.98324021172087,-26.102799183262213,-176.00031529379964,-26.235336675521626,12.868499674908241,16.314331957338712,43.32689492071721,"POLYGON Z ((2688461.91250031 7053995.68290477 -16314.3319573387, 2702765.87984933 7051076.30660843 -12868.4996749082, 2705765.47660423 7065773.32737143 -12868.4996749082, 2691461.50925521 7068692.70366776 -16314.3319573387, 2688461.91250031 7053995.68290477 -16314.3319573387))",2d_linear_centroids_interior,-176.0632568086227,-26.16154865963614
140,6,-176.09980267352898,-26.0264612195122,-176.11439928148678,-26.15927955007883,15.882525199180874,20.341525786383635,43.366661674108904,"POLYGON Z ((2677885.04633576 7063189.38455831 -20341.5257863836, 2691966.86862326 7060577.94916247 -15882.5251991809, 2694701.94453868 7075326.48670817 -15882.5251991809, 2680620.12225118 7077937.92210401 -20341.5257863836, 2677885.04633576 7063189.38455831 -20341.5257863836))",2d_linear_centroids_interior,-176.17732775852144,-26.08655801618552
140,7,-176.2116656798744,-25.954718320975736,-176.231322848108,-26.087042400471248,20.073883322743686,25.655470909384817,43.405799729989766,"POLYGON Z ((2667232.8374513 7072655.84657317 -25655.4709093848, 2680829.89018432 7069661.51242549 -20073.8833227437, 2684055.88180234 7084310.50481679 -20073.8833227437, 2670458.82906932 7087304.83896448 -25655.4709093848, 2667232.8374513 7072655.84657317 -25655.4709093848))",2d_linear_centroids_interior,-176.28946501102922,-26.012618103236406
140,8,-176.32613735188897,-25.879616813657986,-176.34356830803452,-26.012233679349166,24.551840776058114,30.987392201569683,43.44480895294726,"POLYGON Z ((2656897.63474323 7081677.54601213 -30987.3922015697, 2670175.50342429 7078979.04992391 -24551.8407760581, 2673162.92159925 7093678.55102591 -24551.8407760581, 2659885.0529182 7096377.04711414 -30987.3922015697, 2656897.63474323 7081677.54601213 -30987.3922015697))",2d_linear_centroids_interior,-176.40110473080358,-25.938789261089738
140,9,-176.43708021621774,-25.806660883337432,-176.45476310011927,-25.939287735695817,29.80924154572701,36.67968279574015,43.48328213059839,"POLYGON Z ((2646530.81752446 7090730.04590094 -36679.6827957401, 2659595.95511645 7088065.61036366 -29809.241545727, 2662593.2827451 7102763.0940628 -29809.241545727, 2649528.14515311 7105427.52960008 -36679.6827957401, 2646530.81752446 7090730.04590094 -36679.6827957401))",2d_linear_centroids_interior,-176.51108498672,-25.86584630804175
140,10,-176.54298265074448,-25.736978707328436,-176.56486952955171,-25.869126779646226,36.057446012915015,42.95420861453504,43.52098648625059,"POLYGON Z ((2636114.66321282 7099840.80664498 -42954.208614535, 2649087.65824803 7096818.21414294 -36057.446012915, 2652491.36098235 7111426.93782766 -36057.446012915, 2639518.36594714 7114449.53032969 -42954.208614535, 2636114.66321282 7099840.80664498 -42954.208614535))",2d_linear_centroids_interior,-176.61874686939927,-25.794237787310614
140,11,-176.64743349653446,-25.66860129551908,-176.67182112424712,-25.800424226494588,43.03741678124388,50.53089611714751,43.55741986736925,"POLYGON Z ((2626267.04216512 7108522.22270077 -50530.8961171475, 2638872.85323219 7105369.24081315 -43037.4167812439, 2642512.54891618 7119920.96288746 -43037.4167812439, 2629906.73784911 7123073.94477508 -50530.8961171475, 2626267.04216512 7108522.22270077 -50530.8961171475))",2d_linear_centroids_interior,-176.7226663439583,-25.724927914197902
141,0,-175.39492238037866,-26.317589520011055,-175.3912292955328,-26.45075864798091,7.129872790944291,7.932557531435581,43.13600366265198,"POLYGON Z ((2747179.62160653 7022466.7726487 -7932.55753143558, 2762125.4516518 7021477.90386809 -7129.87279094429, 2763115.73932695 7036445.17918194 -7129.87279094429, 2748169.90928168 7037434.04796255 -7932.55753143558, 2747179.62160653 7022466.7726487 -7932.55753143558))",nearest_neighbor_boundary,-175.46691473818484,-26.38581552666794
141,1,-175.5135199612986,-26.24096528804883,-175.5125783297202,-26.37421735161033,7.627110948398061,8.450163579625778,43.37503226935641,"POLYGON Z ((2735728.85637288 7032422.28235128 -8450.16357962578, 2750654.11642947 7031173.60440668 -7627.11094839806, 2751904.67834917 7046121.38333484 -7627.11094839806, 2736979.41829258 7047370.06127943 -8450.16357962578, 2735728.85637288 7032422.28235128 -8450.16357962578))",2d_linear_centroids_interior,-175.58687740073245,-26.307995236414182
141,2,-175.63038423986268,-26.16578297662379,-175.635439754574,-26.29900349247129,8.314795790274218,9.446131677947886,43.41663347668013,"POLYGON Z ((2724156.0609982 7042550.67249649 -9446.13167794789, 2739000.59984062 7040717.71159533 -8314.79579027422, 2740838.79652357 7055604.65328779 -8314.79579027422, 2725994.25768115 7057437.61418895 -9446.13167794789, 2724156.0609982 7042550.67249649 -9446.13167794789))",2d_linear_centroids_interior,-175.70657163884206,-26.230099287065705
141,3,-175.74815336140404,-26.089622335350942,-175.75694357084083,-26.22272797161664,9.295070125993641,10.913148845270952,43.45814866986059,"POLYGON Z ((2712727.24433712 7052536.09043505 -10913.148845271, 2727478.92042152 7050352.08632352 -9295.07012599364, 2729675.74343417 7065190.34662084 -9295.07012599364, 2714924.06734977 7067374.35073237 -10913.148845271, 2712727.24433712 7052536.09043505 -10913.148845271))",2d_linear_centroids_interior,-175.8258732546588,-26.152210739385303
141,4,-175.86123610941522,-26.01881640518817,-175.88433721821005,-26.15056010549584,10.494264212356313,13.002654624038056,43.499550871370566,"POLYGON Z ((2700952.76281329 7063124.59610863 -13002.6546240381, 2715305.90355562 7059561.5456777 -10494.2642123563, 2718919.84337384 7074119.68563411 -10494.2642123563, 2704566.7026315 7077682.73606503 -13002.6546240381, 2700952.76281329 7063124.59610863 -13002.6546240381))",2d_linear_centroids_interior,-175.94470598176966,-26.074382242232986
141,5,-175.97819728934957,-25.943138393698597,-176.00395667498984,-26.074519591706945,12.959215285551366,16.48615990605526,43.54037380825802,"POLYGON Z ((2689853.39725936 7072874.82710571 -16486.1599060553, 2703941.0944266 7069120.16997516 -12959.2152855514, 2707804.05340666 7083614.22213176 -12959.2152855514, 2693716.35623942 7087368.87926232 -16486.1599060553, 2689853.39725936 7072874.82710571 -16486.1599060553))",2d_linear_centroids_interior,-176.06173533498335,-25.997494999884516
141,6,-176.09564719221456,-25.866377468983142,-176.12072142117898,-25.99790623898195,15.86905240224565,20.553483200102534,43.58072571675885,"POLYGON Z ((2679064.82391585 7082292.65750321 -20553.4832001025, 2692855.02327962 7078702.87901316 -15869.0524022457, 2696633.79695331 7093219.10681253 -15869.0524022457, 2682843.59758954 7096808.88530257 -20553.4832001025, 2679064.82391585 7082292.65750321 -20553.4832001025))",2d_linear_centroids_interior,-176.17727721277018,-25.92135169637826
141,7,-176.21198259660144,-25.789439338706128,-176.23300477809522,-25.921586009478528,20.12166736104364,25.708528055522866,43.62023206275497,"POLYGON Z ((2668637.17271152 7091316.59499466 -25708.5280555229, 2682204.55781656 7088200.01850884 -20121.6673610436, 2685562.75925157 7102819.26893839 -20121.6673610436, 2671995.37414653 7105935.84542421 -25708.5280555229, 2668637.17271152 7091316.59499466 -25708.5280555229))",2d_linear_centroids_interior,-176.29026604968044,-25.846666849185162
141,8,-176.32101263511103,-25.719150977390044,-176.3468302331885,-25.850636899861772,25.548341845403705,32.04722171562923,43.65842227225706,"POLYGON Z ((2658261.06066129 7100540.01691935 -32047.2217156292, 2671333.73374575 7097094.76237737 -25548.3418454037, 2675156.40173544 7111599.49296573 -25548.3418454037, 2662083.72865097 7115044.7475077 -32047.2217156292, 2658261.06066129 7100540.01691935 -32047.2217156292))",2d_linear_centroids_interior,-176.3993668578838,-25.774341911305047
141,9,-176.4284270929305,-25.649309245617037,-176.4588413512199,-25.780022243077838,31.429092215906227,38.402103117744865,43.69631831195303,"POLYGON Z ((2647898.09282724 7109700.94497776 -38402.1031177449, 2660630.16588326 7105923.18973701 -31429.0922159062, 2664896.98226302 7120303.5331954 -31429.0922159062, 2652164.909207 7124081.28843616 -38402.1031177449, 2647898.09282724 7109700.94497776 -38402.1031177449))",2d_linear_centroids_interior,-176.50750712309485,-25.70245024396501
141,10,-176.5368163525476,-25.577487071188894,-176.56904630643814,-25.70787685016498,37.10545462001931,44.09084726038462,43.73458195361,"POLYGON Z ((2637428.98038516 7118818.20168906 -44090.8472603846, 2650110.09460114 7114894.72976982 -37105.4546200193, 2654543.66459535 7129224.53985602 -37105.4546200193, 2641862.55037937 7133148.01177525 -44090.8472603846, 2637428.98038516 7118818.20168906 -44090.8472603846))",2d_linear_centroids_interior,-176.61657512098415,-25.629736784709518
141,11,-176.6449425626998,-25.50477649783694,-176.67383164224046,-25.635841667294553,43.63732420937346,50.88055876413792,43.77183798084573,"POLYGON Z ((2627486.80058035 7127375.93751327 -50880.5587641379, 2640125.23053791 7123797.44042755 -43637.3242093735, 2644211.74110811 7138230.05735448 -43637.3242093735, 2631573.31115056 7141808.5544402 -50880.5587641379, 2627486.80058035 7127375.93751327 -50880.5587641379))",2d_linear_centroids_interior,-176.72265409465234,-25.558818693580722
142,0,-175.3967790822648,-26.152861926408875,-175.3977184287706,-26.286068116554357,7.148826078797293,7.938812866534428,43.51270843896228,"POLYGON Z ((2748245.80523268 7041454.07635451 -7938.81286653443, 2763154.80263213 7040005.72645949 -7148.82607879729, 2764605.16534851 7054935.44340225 -7148.82607879729, 2749696.16794906 7056383.79329727 -7938.81286653443, 2748245.80523268 7041454.07635451 -7938.81286653443))",nearest_neighbor_boundary,-175.47100282362734,-26.219021896382788
142,1,-175.51212165661303,-26.079265889142587,-175.52221949057733,-26.212207004469544,7.728839082377665,8.58881069236876,43.59010572519545,"POLYGON Z ((2736525.06964731 7051777.04342282 -8588.81069236876, 2751314.47380147 7049424.60349901 -7728.83908237767, 2753670.78939252 7064238.37333776 -7728.83908237767, 2738881.38523836 7066590.81326157 -8588.81069236876, 2736525.06964731 7051777.04342282 -8588.81069236876))",2d_linear_centroids_interior,-175.59070627757063,-26.141165504773113
142,2,-175.62839016807212,-26.004870414334345,-175.64561262666174,-26.13725682663551,8.611536297456137,9.826788617030214,43.63166505580234,"POLYGON Z ((2724944.05174637 7061982.99317986 -9826.78861703021, 2739581.5014195 7058938.61658257 -8611.53629745614, 2742635.91869802 7073624.34213798 -8611.53629745614, 2727998.46902488 7076668.71873527 -9826.78861703021, 2724944.05174637 7061982.99317986 -9826.78861703021))",2d_linear_centroids_interior,-175.71005815676983,-26.063289760384507
142,3,-175.74186589122203,-25.934147818989366,-175.77262500463027,-26.06455907058054,9.75409250258129,11.608877705119143,43.67307672551274,"POLYGON Z ((2713211.03115014 7072570.65130694 -11608.8777051191, 2727444.50849686 7068215.43667698 -9754.09250258129, 2731833.40527469 7082558.9922011 -9754.09250258129, 2717599.92792798 7086914.20683106 -11608.8777051191, 2713211.03115014 7072570.65130694 -11608.8777051191))",2d_linear_centroids_interior,-175.82884275024986,-25.98553844667831
142,4,-175.85987270750417,-25.857489025575397,-175.89242968172988,-25.987582849127193,11.479124292060929,14.215523452027155,43.71427407253902,"POLYGON Z ((2702010.43539948 7082366.8262088 -14215.5234520272, 2716063.28786075 7077891.39803497 -11479.1242920609, 2720615.0978051 7092184.08939211 -11479.1242920609, 2706562.24534383 7096659.51756594 -14215.5234520272, 2702010.43539948 7082366.8262088 -14215.5234520272))",2d_linear_centroids_interior,-175.94687093424412,-25.908039632869258
142,5,-175.97465093169637,-25.783434631414572,-176.01083665938785,-25.912779768606434,14.182018614097558,17.897007746407407,43.75450078888666,"POLYGON Z ((2691050.75144316 7092040.37018831 -17897.0077464074, 2704787.21470821 7087296.06489515 -14182.0186140976, 2709684.07942831 7101474.24234901 -14182.0186140976, 2695947.61616326 7106218.54764217 -17897.0077464074, 2691050.75144316 7092040.37018831 -17897.0077464074))",2d_linear_centroids_interior,-176.0619821940636,-25.832223341611403
142,6,-176.0924289172052,-25.706376182754706,-176.12882866165214,-25.83570970241057,16.819295940213795,21.647988171584593,43.79517546351545,"POLYGON Z ((2680137.96615499 7101577.68989144 -21647.9881715846, 2693559.43696411 7096935.72342726 -16819.2959402138, 2698462.39102243 7111111.79627915 -16819.2959402138, 2685040.92021331 7115753.76274333 -21647.9881715846, 2680137.96615499 7101577.68989144 -21647.9881715846))",2d_linear_centroids_interior,-176.1782387759655,-25.75541959150893
142,7,-176.2043237028154,-25.634523411577113,-176.24603221875205,-25.762571022854413,21.20265048554621,26.95197076534963,43.83447553634645,"POLYGON Z ((2669439.47220081 7111114.45337892 -26951.9707653496, 2682359.7522099 7106113.28543464 -21202.6504855462, 2687774.44645703 7120101.89101954 -21202.6504855462, 2674854.16644794 7125103.05896383 -26951.9707653496, 2669439.47220081 7111114.45337892 -26951.9707653496))",2d_linear_centroids_interior,-176.29043625511252,-25.681075492048745
142,8,-176.31646657829816,-25.55971213991546,-176.35513864526186,-25.688573621013852,26.609941912376385,33.06279898943386,43.872879324513654,"POLYGON Z ((2659240.45230361 7119909.08231239 -33062.7989894339, 2671974.84528611 7115305.18495141 -26609.9419123764, 2677074.77087118 7129411.59338966 -26609.9419123764, 2664340.37788868 7134015.49075064 -33062.7989894339, 2659240.45230361 7119909.08231239 -33062.7989894339))",2d_linear_centroids_interior,-176.39995150779765,-25.60829860560489
142,9,-176.42089863835912,-25.49070599601566,-176.4603539737292,-25.61940399105544,33.5987075149168,40.41976880746529,43.88941321527267,"POLYGON Z ((2649384.94172664 7128511.57072971 -40419.7688074653, 2661927.50657032 7123911.87617622 -33598.7075149168, 2667092.07267492 7137994.74722411 -33598.7075149168, 2654549.50783124 7142594.44177759 -40419.7688074653, 2649384.94172664 7128511.57072971 -40419.7688074653))",nearest_neighbor_boundary,-176.5037968001171,-25.539098077564333
143,0,-175.39057638201675,-25.99668085762717,-175.41251003382175,-26.128406853075322,7.156990528976571,7.949001347852445,43.88941321527268,"POLYGON Z ((2748708.29214073 7061371.18120989 -7949.00134785244, 2763260.81128408 7057821.96926279 -7156.99052897657, 2766814.98105277 7072394.81652251 -7156.99052897657, 2752262.46190942 7075944.02846962 -7949.00134785244, 2748708.29214073 7061371.18120989 -7949.00134785244))",nearest_neighbor_boundary,-175.47436554806418,-26.052629397161137
143,1,-175.50231545072785,-25.929754162663418,-175.54413144127213,-26.05753557499623,7.905766307185967,8.822108568781957,43.804952504812945,"POLYGON Z ((2736722.39915033 7072466.01162928 -8822.10856878196, 2750646.73536149 7066963.90494747 -7905.76630718597, 2756159.13759388 7080914.29639819 -7905.76630718597, 2742234.80138271 7086416.40308 -8822.10856878196, 2736722.39915033 7072466.01162928 -8822.10856878196))",2d_linear_centroids_interior,-175.59377720507825,-25.974760745337825
143,2,-175.61950754870963,-25.855418001304866,-175.66737235204033,-25.98149090967161,8.872557030062339,10.279844923728453,43.84648206091392,"POLYGON Z ((2725271.22880907 7082658.88924227 -10279.8449237285, 2738917.46528866 7076592.60778429 -8872.55703006234, 2745010.62212492 7090299.30103134 -8872.55703006234, 2731364.38564533 7096365.58248932 -10279.8449237285, 2725271.22880907 7082658.88924227 -10279.8449237285))",2d_linear_centroids_interior,-175.71282425434543,-25.896883517567115
143,3,-175.73590006963835,-25.78275634314721,-175.79238959089022,-25.905909700606344,10.043851670279624,12.149671799745121,43.887931691669735,"POLYGON Z ((2713813.46332839 7093024.04302425 -12149.6717997451, 2726987.80782081 7086168.23025133 -10043.8516702796, 2733912.19582371 7099474.35105288 -10043.8516702796, 2720737.85133128 7106330.1638258 -12149.6717997451, 2713813.46332839 7093024.04302425 -12149.6717997451))",2d_linear_centroids_interior,-175.83150011550873,-25.819004484678704
143,4,-175.85343410353133,-25.706819901043524,-175.91271091696265,-25.82892732172319,11.954033216450329,14.852369297749961,43.88941321527264,"POLYGON Z ((2702611.8151073 7102890.89501177 -14852.36929775, 2715531.89854934 7095843.12289497 -11954.0332164503, 2722715.03702784 7109011.3620179 -11954.0332164503, 2709794.9535858 7116059.1341347 -14852.36929775, 2702611.8151073 7102890.89501177 -14852.36929775))",nearest_neighbor_boundary,-175.9492076778606,-25.741519809371848
143,5,-175.97086408230936,-25.62857423015158,-176.0277187796532,-25.75165318205905,15.01845479538684,19.095715519716038,43.88941321527264,"POLYGON Z ((2691801.28120954 7112161.41728683 -19095.715519716, 2704602.0383391 7105489.34400368 -15018.4547953868, 2711535.15129094 7118790.92078228 -15018.4547953868, 2698734.39416138 7125462.99406543 -19095.715519716, 2691801.28120954 7112161.41728683 -19095.715519716))",nearest_neighbor_boundary,-176.0646333883226,-25.66530427619253
143,6,-176.08586994178353,-25.552780238124555,-176.14253221878457,-25.675962465149908,18.979776324978317,24.111072583039853,43.88941321527268,"POLYGON Z ((2681147.25510327 7121426.71712389 -24111.0725830399, 2693661.92501641 7114941.9013457 -18979.7763249783, 2700563.09899734 7128260.07680952 -18979.7763249783, 2688048.42908419 7134744.89258771 -24111.0725830399, 2681147.25510327 7121426.71712389 -24111.0725830399))",nearest_neighbor_boundary,-176.17801574038472,-25.59021357107303
143,7,-176.19966241100795,-25.476404883620024,-176.25324148469306,-25.600746325947807,23.781829983588814,29.69201790601233,43.88941321527268,"POLYGON Z ((2670732.61642726 7130345.50299595 -29692.0179060123, 2683119.40119888 7124292.6324585 -23781.8299835888, 2689705.01446809 7137769.63872356 -23781.8299835888, 2677318.22969646 7143822.50926101 -29692.0179060123, 2670732.61642726 7130345.50299595 -29692.0179060123))",nearest_neighbor_boundary,-176.28941899785914,-25.516217156025807
144,0,-175.35133985506445,-25.870053914459042,-175.40811765817105,-25.99295831542716,7.350247616138392,8.228956070941022,43.88941321527268,"POLYGON Z ((2751829.98693666 7079958.57654501 -8228.95607094102, 2765074.60941433 7072972.31525048 -7350.24761613839, 2772072.88896495 7086239.72205556 -7350.24761613839, 2758828.26648728 7093225.98335009 -8228.95607094102, 2751829.98693666 7079958.57654501 -8228.95607094102))",nearest_neighbor_boundary,-175.4475542520492,-25.905856560168793
144,1,-175.4667344818408,-25.8023242588306,-175.53865834023387,-25.918594412703005,8.101489368633532,9.149112729162901,43.88941321527268,"POLYGON Z ((2740224.90847875 7090926.39404385 -9149.1127291629, 2752585.24342109 7082492.85354133 -8101.48936863353, 2761039.42822295 7094883.44510654 -8101.48936863353, 2748679.09328061 7103316.98560906 -9149.1127291629, 2740224.90847875 7090926.39404385 -9149.1127291629))",nearest_neighbor_boundary,-175.56676534518996,-25.82797940543028
144,2,-175.58475156181018,-25.727756233768964,-175.66137858426205,-25.841564901909347,9.190851558973437,10.798130588645005,43.88941321527267,"POLYGON Z ((2728890.57096495 7101067.79878068 -10798.130588645, 2740899.34297471 7092224.38038403 -9190.85155897344, 2749793.97078666 7104302.69136227 -9190.85155897344, 2737785.19877689 7113146.10975892 -10798.130588645, 2728890.57096495 7101067.79878068 -10798.130588645))",nearest_neighbor_boundary,-175.68552570159204,-25.750151852182164
144,3,-175.70238712933983,-25.65372132366079,-175.7842522444278,-25.76452104790366,10.71595683412893,13.075873096629493,44.26611799158302,"POLYGON Z ((2717626.58779608 7111210.56568472 -13075.8730966295, 2729182.03551075 7101942.20966287 -10715.9568341289, 2738567.27109059 7113643.37854085 -10715.9568341289, 2727011.82337593 7122911.73456269 -13075.8730966295, 2717626.58779608 7111210.56568472 -13075.8730966295))",nearest_neighbor_boundary,-175.8036771961628,-25.67248098636137
144,4,-175.819991132318,-25.57615552845145,-175.90171591261864,-25.687058906050975,13.090625090518728,16.406981151031317,44.266117991583,"POLYGON Z ((2706571.45521295 7120772.84345867 -16406.9811510313, 2718002.05367493 7111643.59369317 -13090.6250905187, 2727362.95468591 7123364.23924974 -13090.6250905187, 2715932.35622393 7132493.48901524 -16406.9811510313, 2706571.45521295 7120772.84345867 -16406.9811510313))",nearest_neighbor_boundary,-175.92047640635744,-25.59546172210336
144,5,-175.9372095965624,-25.49540836003457,-176.01337809473378,-25.609535914474048,16.346647600392004,20.589414538501195,44.266117991583,"POLYGON Z ((2695756.16327301 7129742.99152664 -20589.4145385012, 2707396.43180734 7121287.0423098 -16346.647600392, 2716212.39110129 7133422.8925778 -16346.647600392, 2704572.12256697 7141878.84179464 -20589.4145385012, 2695756.16327301 7129742.99152664 -20589.4145385012))",nearest_neighbor_boundary,-176.035601163381,-25.51931586358429
145,0,-175.3111848065032,-25.743127360382736,-175.38882667550646,-25.856253647234652,7.50365238537069,8.537096185933184,44.26611799158303,"POLYGON Z ((2756453.506545 7097131.11458853 -8537.09618593318, 2768407.55880179 7088129.30207366 -7503.65238537069, 2777430.81210005 7100111.82684582 -7503.65238537069, 2765476.75984326 7109113.63936069 -8537.09618593318, 2756453.506545 7097131.11458853 -8537.09618593318))",nearest_neighbor_boundary,-175.41231037410856,-25.764610444239874
145,1,-175.4277906672996,-25.67916948799981,-175.52319581314947,-25.780571077804822,8.470979401536393,9.816034065203104,44.26611799158303,"POLYGON Z ((2745051.68679001 7108485.8212829 -9816.0340652031, 2755523.43037285 7097830.61531178 -8470.97940153639, 2766221.73442678 7108344.7149104 -8470.97940153639, 2755749.99084393 7118999.92088152 -9816.0340652031, 2745051.68679001 7108485.8212829 -9816.0340652031))",nearest_neighbor_boundary,-175.53120343145056,-25.686819563050758
145,2,-175.54626238433437,-25.603444291929467,-175.64419312613992,-25.70285868495219,9.80928098833064,11.786177067564328,44.26611799158302,"POLYGON Z ((2733812.9573543 7118452.26228679 -11786.1770675643, 2744000.73970011 7107621.70492502 -9809.28098833064, 2754926.60061617 7117899.13472254 -9809.28098833064, 2744738.81827037 7128729.6920843 -11786.1770675643, 2733812.9573543 7118452.26228679 -11786.1770675643))",nearest_neighbor_boundary,-175.64955175549622,-25.609142220825092
145,3,-175.66456865239996,-25.52268722723435,-175.75888704578148,-25.624938349355176,11.713443390328568,14.447232423693581,44.26611799158302,"POLYGON Z ((2722646.94708919 7127764.91718577 -14447.2324236936, 2733104.65355582 7117364.78387033 -11713.4433903286, 2743681.93795481 7128000.62209508 -11713.4433903286, 2733224.23148818 7138400.75541051 -14447.2324236936, 2722646.94708919 7127764.91718577 -14447.2324236936))",nearest_neighbor_boundary,-175.76711499822028,-25.531740447461456
146,0,-175.28932548393354,-25.605145847125858,-175.38409406219327,-25.706918535300655,7.963929077650206,9.309355008275423,44.26611799158303,"POLYGON Z ((2759872.09518635 7115450.85120299 -9309.35500827542, 2770385.77036824 7104837.0647328 -7963.92907765021, 2781042.51123508 7115393.28915714 -7963.92907765021, 2770528.83605318 7126007.07562734 -9309.35500827542, 2759872.09518635 7115450.85120299 -9309.35500827542))",nearest_neighbor_boundary,-175.39258920959415,-25.613241578525127
146,1,-175.40755214905155,-25.533743843439645,-175.50968856555005,-25.629489904201517,9.29003373850443,11.104839048872968,44.26611799158303,"POLYGON Z ((2748638.32209345 7125905.14921498 -11104.839048873, 2758388.86122603 7114651.99550993 -9290.03373850443, 2769725.29133535 7124474.69128944 -9290.03373850443, 2759974.75220276 7135727.84499448 -11104.839048873, 2748638.32209345 7125905.14921498 -11104.839048873))",nearest_neighbor_boundary,-175.51097801327484,-25.53562798798144
